Unnamed: 0_level_0,Unnamed: 1_level_0,Unnamed: 2_level_0,Unnamed: 3_level_0,Unnamed: 4_level_0,Unnamed: 5_level_0,Unnamed: 6_level_0,Unnamed: 7_level_0,Touches,Touches,Touches,Touches,Touches,Touches,Touches,Take-Ons,Take-Ons,Take-Ons,Take-Ons,Take-Ons,Carries,Carries,Carries,Carries,Carries,Carries,Carries,Carries,Receiving,Receiving,Unnamed: 30_level_0
Rk,Player,Nation,Pos,Squad,Age,Born,90s,Touches,Def Pen,Def 3rd,Mid 3rd,Att 3rd,Att Pen,Live,Att,Succ,Succ%,Tkld,Tkld%,Carries,TotDist,PrgDist,PrgC,1/3,CPA,Mis,Dis,Rec,PrgR,Matches
1,Junior Adamu,at AUT,FW,Freiburg,23-339,2001,16.4,514,19,51,237,231,77,514,29,10,34.5,18,62.1,268,1015,345,8,5,4,57,21,338,81,Matches
2,Karim Adeyemi,de GER,"FW,MF",Dortmund,23-113,2002,14.3,585,9,49,219,327,80,585,81,38,46.9,40,49.4,383,2953,1443,64,33,37,40,30,430,139,Matches
3,Amine Adli,ma MAR,"MF,FW",Leverkusen,25-001,2000,7.4,427,4,38,137,261,48,427,32,15,46.9,16,50.0,228,1366,791,35,22,10,18,6,320,98,Matches
4,Oladapo Afolayan,eng ENG,"FW,MF",St. Pauli,27-088,1998,16.9,692,12,79,291,334,55,692,94,47,50.0,40,42.6,458,3236,1343,51,43,25,54,40,514,100,Matches
5,Felix Agu,de GER,DF,Werder Bremen,25-226,1999,18.7,991,48,297,438,261,34,991,33,8,24.2,18,54.5,510,2427,1184,29,12,8,33,9,573,101,Matches
6,Erik Ahlstrand,se SWE,"FW,MF",St. Pauli,23-209,2001,0.5,22,0,2,10,10,2,22,0,0,,0,,12,68,26,1,2,0,3,0,14,3,Matches
7,Kevin Akpoguma,ng NGA,DF,Hoffenheim,30-022,1995,23.7,1642,221,735,805,113,5,1642,15,8,53.3,6,40.0,863,3793,1731,14,14,0,9,9,998,16,Matches
8,Andreas Albers,dk DEN,FW,St. Pauli,35-049,1990,0.7,44,0,2,17,26,8,44,3,2,66.7,0,0.0,24,129,18,1,0,0,4,6,40,6,Matches
9,Ben Alexander Voll,de GER,"GK,MF",St. Pauli,24-153,2000,0.0,1,0,1,0,0,0,1,0,0,,0,,1,1,1,0,0,0,0,0,1,0,Matches
10,Skelly Alvero,fr FRA,MF,Werder Bremen,23-007,2002,2.6,136,15,49,68,19,2,136,3,2,66.7,1,33.3,70,306,132,1,1,0,6,4,74,0,Matches
11,Aurele Amenda,ch SUI,DF,Eint Frankfurt,21-284,2003,1.0,80,13,38,37,6,1,80,1,1,100.0,0,0.0,45,174,72,1,0,0,1,0,52,1,Matches
12,Nadiem Amiri,de GER,MF,Mainz 05,28-196,1996,26.5,2020,45,354,1118,576,48,2018,66,32,48.5,30,45.5,1092,5202,2463,48,39,14,42,27,1269,63,Matches
13,Mohamed Amoura,dz ALG,FW,Wolfsburg,25-002,2000,26.4,1051,14,110,372,595,122,1049,89,36,40.4,47,52.8,597,3960,1966,77,44,33,83,17,701,238,Matches
14,Robert Andrich,de GER,"MF,DF",Leverkusen,30-231,1994,16.5,1033,42,230,608,199,17,1033,5,2,40.0,1,20.0,495,1997,835,7,14,1,6,1,737,16,Matches
15,Waldemar Anton,de GER,DF,Dortmund,28-295,1996,19.7,1971,170,734,1075,169,31,1971,24,20,83.3,2,8.3,1284,6441,3186,31,23,0,19,9,1436,28,Matches
16,Maximilian Arnold,de GER,MF,Wolfsburg,30-349,1994,25.2,1529,85,349,900,295,7,1529,6,1,16.7,3,50.0,758,2981,1190,9,11,0,18,11,855,15,Matches
17,Jann-Fiete Arp,de GER,"FW,MF",Holstein Kiel,25-125,2000,7.9,303,9,43,115,151,28,301,32,14,43.8,16,50.0,158,929,344,14,10,3,34,16,179,66,Matches
18,Arthur,br BRA,DF,Leverkusen,22-055,2003,7.5,458,14,97,204,161,12,458,21,5,23.8,16,76.2,218,1161,630,14,13,2,12,6,280,50,Matches
19,Noah Atubolu,de GER,GK,Freiburg,22-351,2002,24.6,1159,892,1150,10,0,0,1159,0,0,,0,,664,3513,1768,0,0,0,0,0,661,0,Matches
20,Ayman Azhil,ma MAR,MF,Dortmund,24-031,2001,0.3,9,0,2,4,3,0,9,1,0,0.0,1,100.0,4,12,0,0,0,0,1,1,5,1,Matches
21,Adam Aznou,ma MAR,DF,Bayern Munich,18-343,2006,0.2,18,1,1,7,11,0,18,0,0,,0,,12,40,16,0,2,0,0,0,14,2,Matches
22,Aliou Badara Baldé,gn GUI,"MF,FW",Bochum,22-150,2002,1.0,43,0,2,18,25,2,43,9,2,22.2,6,66.7,30,207,129,2,4,0,5,3,29,5,Matches
23,Ridle Baku,de GER,"FW,MF",Wolfsburg,27-033,1998,13.0,646,15,112,307,234,34,646,20,9,45.0,10,50.0,352,1626,643,16,9,8,15,10,391,78,Matches
24,Ridle Baku,de GER,"DF,MF",RB Leipzig,27-033,1998,13.2,744,30,144,330,276,29,744,24,16,66.7,6,25.0,349,1590,779,20,16,3,25,13,464,91,Matches
25,Samuel Bamba,de GER,"FW,MF",Bochum,21-087,2004,0.3,31,0,2,11,19,1,31,4,1,25.0,3,75.0,20,134,69,3,2,1,3,0,22,8,Matches
Rk,Player,Nation,Pos,Squad,Age,Born,90s,Touches,Def Pen,Def 3rd,Mid 3rd,Att 3rd,Att Pen,Live,Att,Succ,Succ%,Tkld,Tkld%,Carries,TotDist,PrgDist,PrgC,1/3,CPA,Mis,Dis,Rec,PrgR,Matches
26,Noahkai Banks,us USA,DF,Augsburg,18-161,2006,3.1,229,23,94,124,14,2,229,1,0,0.0,1,100.0,123,580,253,2,5,0,2,1,129,3,Matches
27,Scott Banks,sct SCO,"FW,MF",St. Pauli,23-227,2001,1.1,45,2,11,11,24,6,45,7,2,28.6,3,42.9,22,141,59,3,1,3,0,2,25,8,Matches
28,Aymen Barkok,ma MAR,MF,Mainz 05,26-355,1998,0.8,47,2,9,22,17,1,47,3,0,0.0,2,66.7,22,139,75,2,0,0,0,0,29,6,Matches
29,Michy Batshuayi,be BEL,FW,Eint Frankfurt,31-221,1993,2.8,88,1,8,50,31,11,88,5,2,40.0,3,60.0,50,256,96,3,2,1,10,1,56,11,Matches
30,Maximilian Bauer,de GER,DF,Augsburg,25-091,2000,7.3,422,45,177,222,24,3,422,0,0,,0,,216,991,539,4,4,0,6,2,260,7,Matches
31,Oliver Baumann,de GER,GK,Hoffenheim,34-343,1990,27.0,1102,868,1078,25,0,0,1102,1,1,100.0,0,0.0,643,3020,1709,0,0,0,0,0,549,0,Matches
32,Christoph Baumgartner,at AUT,"MF,FW",RB Leipzig,25-283,1999,17.7,901,49,167,444,308,65,901,41,16,39.0,19,46.3,430,2510,1392,36,34,7,47,31,567,93,Matches
33,Adrian Beck,de GER,"MF,FW",Heidenheim,27-336,1997,17.3,934,23,183,485,286,51,934,73,38,52.1,30,41.1,536,2976,1146,35,16,11,39,25,562,80,Matches
34,Timo Becker,de GER,DF,Holstein Kiel,28-047,1997,26.2,1288,131,658,507,139,27,1288,25,11,44.0,14,56.0,570,3316,1681,28,26,1,25,9,663,38,Matches
35,Hannes Behrens,de GER,DF,Hoffenheim,,,0.3,27,0,2,11,14,2,27,1,1,100.0,0,0.0,13,59,25,0,1,0,2,0,13,7,Matches
36,Kevin Behrens,de GER,FW,Wolfsburg,34-097,1991,1.7,95,2,7,40,48,15,95,1,0,0.0,1,100.0,35,154,80,2,1,1,8,1,72,17,Matches
37,Maximilian Beier,de GER,"FW,MF",Dortmund,22-206,2002,17.7,618,16,73,245,308,88,618,51,22,43.1,27,52.9,338,1481,748,24,12,9,39,26,423,124,Matches
38,Stefan Bell,de GER,DF,Mainz 05,33-260,1991,15.0,904,126,495,374,39,30,904,6,2,33.3,3,50.0,396,1837,955,8,1,1,12,4,466,5,Matches
39,Jeanuël Belocian,fr FRA,"DF,MF",Leverkusen,20-083,2005,0.8,44,2,9,20,15,1,44,1,1,100.0,0,0.0,16,89,39,0,2,0,2,0,32,1,Matches
40,László Bénes,sk SVK,"MF,FW",Union Berlin,27-244,1997,6.5,396,1,52,187,159,13,396,5,1,20.0,4,80.0,204,774,347,6,7,3,8,5,244,34,Matches
41,Ramy Bensebaini,dz ALG,DF,Dortmund,30-025,1995,20.5,1578,98,475,803,310,34,1578,17,5,29.4,10,58.8,824,3301,1543,21,27,2,16,6,957,56,Matches
42,Mergim Berisha,de GER,"FW,MF",Hoffenheim,27-000,1998,3.7,93,5,11,35,47,12,93,8,3,37.5,5,62.5,60,195,78,2,3,1,6,3,69,18,Matches
43,Mergim Berisha,de GER,FW,Augsburg,27-000,1998,0.4,18,1,1,8,9,3,18,0,0,,0,,11,71,34,2,0,1,2,3,14,8,Matches
44,Bernardo,br BRA,DF,Bochum,29-362,1995,18.8,1193,108,524,578,98,28,1193,5,3,60.0,2,40.0,599,3027,1457,14,7,1,10,8,655,14,Matches
45,Alexander Bernhardsson,se SWE,"FW,MF",Holstein Kiel,26-245,1998,13.2,496,22,98,217,195,39,496,49,22,44.9,23,46.9,251,1572,787,23,17,12,34,18,290,69,Matches
46,Matúš Bero,sk SVK,MF,Bochum,29-247,1995,27.5,1566,57,254,709,625,54,1565,54,18,33.3,36,66.7,706,3097,1356,27,36,8,46,23,796,108,Matches
47,Jan-Niklas Beste,de GER,"FW,MF",Freiburg,26-127,1999,2.4,136,2,23,50,65,11,136,8,2,25.0,6,75.0,73,396,196,5,6,4,6,3,75,20,Matches
48,El Bilal Touré,ml MLI,"FW,MF",Stuttgart,23-220,2001,4.0,137,1,6,49,85,23,137,6,3,50.0,3,50.0,72,379,168,6,5,4,10,2,110,25,Matches
49,Tom Bischof,de GER,"MF,FW",Hoffenheim,19-317,2005,27.7,1915,74,361,941,628,46,1915,59,27,45.8,29,49.2,941,4599,2054,46,32,9,41,37,1130,101,Matches
50,Leonardo Bittencourt,de GER,MF,Werder Bremen,31-143,1993,10.7,783,8,144,447,199,20,783,5,1,20.0,3,60.0,515,2400,983,19,12,2,12,2,567,38,Matches
Rk,Player,Nation,Pos,Squad,Age,Born,90s,Touches,Def Pen,Def 3rd,Mid 3rd,Att 3rd,Att Pen,Live,Att,Succ,Succ%,Tkld,Tkld%,Carries,TotDist,PrgDist,PrgC,1/3,CPA,Mis,Dis,Rec,PrgR,Matches
51,Myron Boadu,nl NED,FW,Bochum,24-117,2001,10.7,264,6,18,111,140,42,263,18,7,38.9,11,61.1,163,759,299,10,9,7,28,14,189,64,Matches
52,Sacha Boey,fr FRA,DF,Bayern Munich,24-240,2000,6.3,562,14,79,263,221,10,562,19,6,31.6,11,57.9,350,1503,729,18,9,4,11,6,406,62,Matches
53,Victor Boniface,ng NGA,FW,Leverkusen,24-139,2000,11.2,400,5,24,163,215,77,399,35,15,42.9,19,54.3,207,1148,507,26,12,15,43,29,319,61,Matches
54,Sebastiaan Bornauw,be BEL,DF,Wolfsburg,26-050,1999,8.7,427,50,169,239,21,10,427,1,0,0.0,1,100.0,206,920,379,3,2,0,2,1,230,1,Matches
55,Carlo Boukhalfa,ma MAR,MF,St. Pauli,26-008,1999,16.3,577,24,105,279,197,28,577,24,11,45.8,13,54.2,254,1125,420,10,8,3,28,17,347,40,Matches
56,Julian Brandt,de GER,MF,Dortmund,29-009,1996,23.7,1361,12,150,634,592,75,1361,50,17,34.0,30,60.0,805,3788,1811,53,43,15,44,33,1026,187,Matches
57,Tim Breithaupt,de GER,MF,Augsburg,23-093,2002,1.3,75,2,18,49,8,1,75,2,2,100.0,0,0.0,44,174,67,1,0,0,3,2,47,1,Matches
58,Maximilian Breunig,de GER,"FW,MF",Heidenheim,24-270,2000,3.9,140,5,17,77,51,17,139,7,3,42.9,3,42.9,78,304,138,5,4,2,15,6,96,13,Matches
59,Moritz Broschinski,de GER,"FW,MF",Bochum,24-230,2000,15.3,546,19,54,210,292,67,546,53,14,26.4,38,71.7,317,1870,808,37,21,13,69,33,381,129,Matches
60,Nathaniel Brown,de GER,"DF,MF",Eint Frankfurt,21-329,2003,19.6,1091,43,305,445,355,47,1091,30,10,33.3,17,56.7,561,3025,1573,40,25,6,27,9,609,104,Matches
61,Jacob Bruun Larsen,dk DEN,"FW,MF",Hoffenheim,26-234,1998,4.4,226,3,17,82,133,30,226,21,7,33.3,13,61.9,147,896,471,16,13,8,9,9,167,41,Matches
62,Jacob Bruun Larsen,dk DEN,"MF,FW",Stuttgart,26-234,1998,4.5,212,2,21,78,114,26,212,22,10,45.5,10,45.5,127,881,425,19,5,10,11,3,148,40,Matches
63,Emi Buendía,ar ARG,MF,Leverkusen,28-137,1996,2.8,192,0,20,105,68,11,192,10,5,50.0,2,20.0,106,322,112,2,3,1,10,7,152,24,Matches
64,Marius Bülter,de GER,"FW,DF",Hoffenheim,32-043,1993,18.7,744,22,99,287,368,82,744,42,22,52.4,20,47.6,494,2861,1408,56,23,22,38,21,560,151,Matches
65,Jonathan Burkardt,de GER,FW,Mainz 05,24-304,2000,22.4,767,19,49,357,364,114,766,38,15,39.5,23,60.5,433,1841,737,32,25,13,75,32,545,151,Matches
66,Oliver Burke,sct SCO,FW,Werder Bremen,28-034,1997,10.1,440,5,38,167,241,79,440,12,7,58.3,5,41.7,246,1353,493,22,12,14,38,13,329,88,Matches
67,Marnon Busch,de GER,"DF,MF",Heidenheim,30-154,1994,15.5,1030,79,378,468,190,9,1030,8,3,37.5,4,50.0,495,2288,1217,22,20,1,13,1,553,43,Matches
68,Anthony Caci,fr FRA,DF,Mainz 05,27-314,1997,29.1,1933,69,390,866,695,59,1933,63,29,46.0,30,47.6,940,3636,1639,45,25,13,43,23,1143,149,Matches
69,Cole Campbell,us USA,"MF,FW",Dortmund,19-080,2006,0.2,21,2,4,9,8,0,21,1,0,0.0,1,100.0,10,57,34,1,0,0,3,0,13,1,Matches
70,Emre Can,de GER,"DF,MF",Dortmund,31-119,1994,23.1,2120,148,782,1184,166,11,2118,25,15,60.0,8,32.0,1381,6537,3542,19,31,2,18,10,1554,11,Matches
71,Tiago Cardoso,lu LUX,GK,Gladbach,19-034,2006,4.2,189,175,189,0,0,0,189,0,0,,0,,101,568,365,0,0,0,0,0,94,0,Matches
72,Abdoulie Ceesay,gm GAM,FW,St. Pauli,21-126,2004,0.7,26,0,2,13,11,2,26,0,0,,0,,12,32,3,0,0,0,4,3,18,8,Matches
73,Julian Chabot,de GER,DF,Stuttgart,27-088,1998,23.2,2045,247,922,1056,74,29,2045,5,3,60.0,2,40.0,1214,5805,2874,6,9,2,11,2,1390,3,Matches
74,El Chadaille Bitshiabu,fr FRA,DF,RB Leipzig,19-360,2005,11.6,991,134,436,515,45,11,991,3,2,66.7,1,33.3,472,2044,998,4,3,1,11,1,631,2,Matches
75,Fares Chaïbi,dz ALG,"MF,FW",Eint Frankfurt,22-164,2002,10.3,535,29,103,212,226,32,535,10,6,60.0,2,20.0,269,1294,592,16,13,4,17,7,329,67,Matches
Rk,Player,Nation,Pos,Squad,Age,Born,90s,Touches,Def Pen,Def 3rd,Mid 3rd,Att 3rd,Att Pen,Live,Att,Succ,Succ%,Tkld,Tkld%,Carries,TotDist,PrgDist,PrgC,1/3,CPA,Mis,Dis,Rec,PrgR,Matches
76,Timothy Chandler,us USA,DF,Eint Frankfurt,35-043,1990,0.3,31,1,8,14,9,1,31,1,0,0.0,1,100.0,16,72,45,1,2,0,1,0,21,4,Matches
77,Anrie Chase,jp JPN,DF,Stuttgart,21-048,2004,8.2,622,65,253,334,40,4,622,5,2,40.0,3,60.0,334,1209,546,6,7,0,4,1,453,2,Matches
78,Arthur Chaves,br BRA,DF,Hoffenheim,24-102,2001,23.3,1457,169,649,712,108,22,1457,10,3,30.0,6,60.0,708,2786,1254,10,16,0,11,11,885,13,Matches
79,Fabio Chiarodia,it ITA,DF,Gladbach,19-340,2005,4.2,298,71,170,119,9,5,298,0,0,,0,,130,562,249,1,0,0,1,0,151,1,Matches
80,Carney Chukwuemeka,eng ENG,MF,Dortmund,21-203,2003,2.6,155,1,7,67,83,20,155,12,6,50.0,3,25.0,97,511,300,14,10,8,11,7,106,21,Matches
81,Alexis Claude-Maurice,fr FRA,"MF,FW",Augsburg,26-339,1998,22.0,932,12,104,443,412,58,932,87,41,47.1,38,43.7,579,3866,1817,57,46,8,78,46,676,95,Matches
82,Nnamdi Collins,de GER,DF,Eint Frankfurt,21-121,2004,15.4,1032,77,375,504,157,19,1032,33,12,36.4,17,51.5,587,3104,1358,30,21,6,16,11,651,42,Matches
83,Kingsley Coman,fr FRA,FW,Bayern Munich,28-332,1996,13.6,888,13,80,313,504,81,888,71,37,52.1,31,43.7,570,3587,1726,61,31,25,26,16,692,208,Matches
84,Sirlord Conteh,de GER,"FW,MF",Heidenheim,28-306,1996,9.9,301,4,38,120,152,34,301,13,6,46.2,6,46.2,195,1243,705,29,11,12,23,8,218,75,Matches
85,Danny da Costa,de GER,DF,Mainz 05,31-302,1993,21.3,1411,98,551,760,110,2,1411,15,6,40.0,9,60.0,793,3415,1589,20,18,2,22,7,869,22,Matches
86,Yan Couto,br BRA,"DF,FW",Dortmund,22-342,2002,9.9,841,28,223,380,246,16,841,32,12,37.5,18,56.3,479,2836,1461,46,31,6,14,7,544,83,Matches
87,Tomáš Čvančara,cz CZE,FW,Gladbach,24-271,2000,9.0,332,19,47,150,136,34,332,17,6,35.3,9,52.9,182,890,352,15,7,5,18,6,231,50,Matches
88,Finn Dahmen,de GER,GK,Augsburg,27-045,1998,17.0,730,492,709,21,0,0,730,0,0,,0,,430,2229,1271,0,0,0,0,0,386,0,Matches
89,Thomas Dähne,de GER,GK,Holstein Kiel,31-127,1994,8.0,381,308,376,5,0,0,381,0,0,,0,,211,1004,531,0,0,0,0,0,195,0,Matches
90,Mahmoud Dahoud,de GER,MF,Eint Frankfurt,29-130,1996,4.0,263,8,65,150,49,3,263,3,1,33.3,2,66.7,160,521,211,1,6,0,4,2,192,6,Matches
91,Ameen Al-Dakhil,be BEL,DF,Stuttgart,23-066,2002,4.8,407,67,217,185,6,0,407,0,0,,0,,239,1305,616,1,0,0,3,0,264,0,Matches
92,Bence Dárdai,hu HUN,MF,Wolfsburg,19-107,2006,14.3,591,25,144,313,134,18,591,12,3,25.0,5,41.7,285,995,373,4,6,0,17,11,335,23,Matches
93,Lukas Daschner,de GER,"MF,FW",Bochum,26-222,1998,4.6,213,5,26,100,90,14,212,15,5,33.3,10,66.7,116,606,260,8,7,1,21,2,131,19,Matches
94,Alphonso Davies,ca CAN,DF,Bayern Munich,24-190,2000,17.3,1463,33,263,720,498,49,1463,68,31,45.6,31,45.6,895,5191,2807,81,53,21,33,19,1057,140,Matches
95,Olivier Deman,be BEL,DF,Werder Bremen,25-035,2000,0.7,75,3,30,26,19,2,75,1,0,0.0,1,100.0,31,225,72,2,0,0,0,0,31,1,Matches
96,Ermedin Demirović,ba BIH,FW,Stuttgart,27-047,1998,20.1,560,9,42,232,288,117,558,24,4,16.7,19,79.2,295,1335,577,20,16,9,38,27,422,114,Matches
97,Justin Diehl,de GER,"FW,DF",Stuttgart,20-165,2004,1.2,84,1,5,27,53,9,84,13,3,23.1,10,76.9,55,402,200,5,3,3,2,3,60,20,Matches
98,Eric Dier,eng ENG,DF,Bayern Munich,31-116,1994,15.3,1498,117,501,939,62,19,1498,3,2,66.7,1,33.3,877,3778,2007,12,10,0,7,2,1095,1,Matches
99,Junior Dina Ebimbe,fr FRA,"MF,FW",Eint Frankfurt,24-171,2000,3.3,161,5,27,74,62,16,161,11,5,45.5,5,45.5,82,408,197,5,6,3,8,4,105,27,Matches
100,Eren Dinkçi,de GER,"MF,FW",Freiburg,23-149,2001,13.3,552,6,71,259,233,36,552,39,16,41.0,23,59.0,269,1733,941,33,26,9,31,12,347,71,Matches
Rk,Player,Nation,Pos,Squad,Age,Born,90s,Touches,Def Pen,Def 3rd,Mid 3rd,Att 3rd,Att Pen,Live,Att,Succ,Succ%,Tkld,Tkld%,Carries,TotDist,PrgDist,PrgC,1/3,CPA,Mis,Dis,Rec,PrgR,Matches
101,Ritsu Doan,jp JPN,"FW,MF",Freiburg,26-329,1998,30.8,1472,39,209,639,646,105,1472,122,55,45.1,56,45.9,801,4294,2024,62,51,25,57,57,984,175,Matches
102,Danilho Doekhi,nl NED,DF,Union Berlin,26-315,1998,33.0,1606,169,750,723,143,64,1606,5,3,60.0,1,20.0,855,3874,1963,13,10,0,11,5,973,14,Matches
103,Niklas Dorsch,de GER,MF,Augsburg,27-116,1998,0.4,29,1,3,18,8,0,29,1,0,0.0,1,100.0,15,57,32,1,1,0,0,0,21,0,Matches
104,Niklas Dorsch,de GER,MF,Heidenheim,27-116,1998,14.3,767,32,185,460,141,8,767,14,7,50.0,6,42.9,442,2263,957,12,8,1,16,13,466,21,Matches
105,Patrick Drewes,de GER,GK,Bochum,32-096,1993,21.0,913,709,902,11,0,0,913,0,0,,0,,479,2471,1284,0,0,0,0,0,425,0,Matches
106,Tim Drexler,de GER,DF,Hoffenheim,20-066,2005,4.0,223,18,91,125,11,0,223,0,0,,0,,128,483,208,2,2,0,3,5,143,2,Matches
107,Marvin Ducksch,de GER,FW,Werder Bremen,31-065,1994,25.9,1044,30,77,428,548,107,1042,19,7,36.8,11,57.9,499,1699,744,24,19,11,29,11,625,156,Matches
108,Julien Duranville,be BEL,"FW,MF",Dortmund,19-006,2006,3.1,129,2,8,36,87,15,129,29,12,41.4,11,37.9,97,769,407,15,9,8,6,15,103,33,Matches
109,Adam Dźwigała,pl POL,"DF,MF",St. Pauli,29-228,1995,3.5,248,27,93,121,34,6,248,2,1,50.0,1,50.0,91,307,138,1,0,0,2,2,131,4,Matches
110,Johannes Eggestein,de GER,FW,St. Pauli,27-003,1998,20.3,704,6,44,366,299,77,702,17,7,41.2,10,58.8,377,1658,615,25,17,8,51,28,534,136,Matches
111,Maximilian Eggestein,de GER,MF,Freiburg,28-154,1996,30.6,1698,65,392,1025,295,47,1698,24,11,45.8,13,54.2,793,4020,2006,34,24,3,26,19,1062,38,Matches
112,Hugo Ekitike,fr FRA,FW,Eint Frankfurt,22-325,2002,26.5,1001,27,68,406,553,188,998,113,49,43.4,59,52.2,601,4246,2239,90,56,50,92,30,737,203,Matches
113,Elif Elmas,mk MKD,MF,RB Leipzig,25-229,1999,0.5,28,1,10,13,5,2,28,1,1,100.0,0,0.0,13,33,11,0,0,0,0,2,17,2,Matches
114,Nico Elvedi,ch SUI,DF,Gladbach,28-223,1996,22.7,1742,331,1007,691,46,16,1742,0,0,,0,,909,4497,2360,18,11,0,6,1,1093,5,Matches
115,Arne Engels,be BEL,"MF,FW",Augsburg,21-245,2003,0.9,32,1,1,14,17,2,32,1,0,0.0,1,100.0,17,75,38,1,3,0,0,0,24,5,Matches
116,Patrick Erras,de GER,DF,Holstein Kiel,30-110,1995,9.2,622,124,357,242,23,14,622,0,0,,0,,282,1063,596,3,1,0,3,0,413,1,Matches
117,Samuel Essende,cd COD,FW,Augsburg,27-108,1998,18.1,563,10,43,261,270,93,563,52,14,26.9,32,61.5,346,1649,699,33,19,20,86,36,432,118,Matches
118,Frank Feller,de GER,GK,Heidenheim,21-124,2004,1.3,70,53,70,0,0,0,70,0,0,,0,,34,104,37,0,0,0,0,0,37,0,Matches
119,Kilian Fischer,de GER,DF,Wolfsburg,24-211,2000,25.5,1529,87,527,666,348,20,1529,23,10,43.5,13,56.5,704,4025,2047,51,31,5,31,9,794,89,Matches
120,Jonas Föhrenbach,de GER,DF,Heidenheim,29-105,1996,20.2,1103,70,411,479,221,17,1103,17,7,41.2,9,52.9,519,2710,1472,36,11,4,16,3,580,50,Matches
121,Marco Friedl,at AUT,DF,Werder Bremen,27-056,1998,23.0,1725,241,993,703,35,5,1725,7,6,85.7,1,14.3,1040,4753,2061,4,5,0,10,6,1072,1,Matches
122,Marvin Friedrich,de GER,DF,Gladbach,29-149,1995,11.0,822,90,426,370,27,17,822,2,2,100.0,0,0.0,502,2464,1284,11,3,0,5,3,583,3,Matches
123,Jeremie Frimpong,nl NED,"DF,MF",Leverkusen,24-152,2000,24.7,1144,19,138,374,642,108,1144,75,22,29.3,47,62.7,636,3957,2243,93,38,31,43,25,781,261,Matches
124,Chris Führich,de GER,"MF,FW",Stuttgart,27-122,1998,20.8,1147,19,106,417,638,107,1147,82,38,46.3,41,50.0,727,5510,2866,102,62,50,36,25,846,191,Matches
125,Shiō Fukuda,jp JPN,"FW,MF",Gladbach,21-033,2004,0.6,14,0,0,5,9,2,14,3,1,33.3,2,66.7,7,21,7,0,1,0,1,1,10,2,Matches
Rk,Player,Nation,Pos,Squad,Age,Born,90s,Touches,Def Pen,Def 3rd,Mid 3rd,Att 3rd,Att Pen,Live,Att,Succ,Succ%,Tkld,Tkld%,Carries,TotDist,PrgDist,PrgC,1/3,CPA,Mis,Dis,Rec,PrgR,Matches
126,Cristian Gamboa,cr CRC,DF,Bochum,35-199,1989,2.5,154,6,47,75,34,4,154,2,0,0.0,2,100.0,84,375,147,2,1,1,3,0,85,9,Matches
127,Aleix García,es ESP,MF,Leverkusen,27-317,1997,15.1,1434,44,208,795,436,11,1434,5,4,80.0,1,20.0,739,3237,1534,24,31,1,9,3,1116,47,Matches
128,Viggo Gebel,de GER,MF,RB Leipzig,17-170,2007,0.2,6,0,0,3,3,1,6,1,0,0.0,1,100.0,5,18,4,0,0,0,1,0,5,3,Matches
129,Lutsharel Geertruida,nl NED,DF,RB Leipzig,24-297,2000,16.3,1199,55,350,728,134,18,1199,13,6,46.2,7,53.8,602,2397,1254,19,15,2,14,4,795,34,Matches
130,Dennis Geiger,de GER,"MF,FW",Hoffenheim,26-335,1998,7.3,410,13,75,244,92,8,410,7,4,57.1,1,14.3,239,1256,587,12,13,2,8,8,283,19,Matches
131,Valentin Gendrey,fr FRA,DF,Hoffenheim,24-324,2000,15.7,874,61,241,337,302,28,874,11,3,27.3,8,72.7,363,1547,852,24,15,7,24,11,425,86,Matches
132,Yannick Gerhardt,de GER,"MF,DF",Wolfsburg,31-059,1994,15.9,802,47,208,382,215,30,802,8,1,12.5,7,87.5,408,1789,908,24,14,5,18,2,486,61,Matches
133,Max Geschwill,de GER,DF,Holstein Kiel,23-308,2001,13.7,811,75,398,346,72,13,811,5,2,40.0,3,60.0,374,1551,756,5,4,0,5,2,472,16,Matches
134,Dimitris Giannoulis,gr GRE,DF,Augsburg,29-206,1995,27.4,1667,74,435,667,584,47,1667,72,25,34.7,42,58.3,775,3725,2042,57,36,11,46,13,891,148,Matches
135,Armin Gigovic,ba BIH,MF,Holstein Kiel,23-035,2002,21.1,935,56,240,509,201,38,935,55,20,36.4,26,47.3,476,2986,1268,37,23,7,45,23,536,45,Matches
136,Benedikt Gimber,de GER,DF,Heidenheim,28-081,1997,29.2,1621,198,926,655,59,22,1621,16,8,50.0,4,25.0,855,3749,1669,7,9,0,25,7,951,8,Matches
137,Matthias Ginter,de GER,DF,Freiburg,31-112,1994,27.5,1763,196,817,849,105,51,1763,6,4,66.7,2,33.3,964,4921,2724,10,12,1,9,0,1165,15,Matches
138,Jamie Gittens,eng ENG,"FW,MF",Dortmund,20-276,2004,19.6,870,8,85,292,518,110,870,169,77,45.6,71,42.0,625,5113,2805,112,55,63,49,35,651,179,Matches
139,Serge Gnabry,de GER,"FW,MF",Bayern Munich,29-301,1995,12.8,715,8,66,273,380,89,714,39,17,43.6,20,51.3,435,2330,1156,41,19,23,23,6,547,142,Matches
140,Tidiam Gomis,fr FRA,"MF,DF",RB Leipzig,18-276,2006,1.0,53,0,5,16,33,9,53,6,4,66.7,1,16.7,23,157,91,2,2,1,2,2,36,10,Matches
141,Leon Goretzka,de GER,MF,Bayern Munich,30-094,1995,14.5,1352,45,213,859,288,27,1352,8,7,87.5,1,12.5,779,4157,2238,34,35,3,4,4,1037,28,Matches
142,Robin Gosens,de GER,DF,Union Berlin,30-310,1994,1.0,51,1,12,20,19,1,51,0,0,,0,,17,61,37,1,2,0,2,0,26,5,Matches
143,Mario Götze,de GER,"MF,FW",Eint Frankfurt,32-342,1992,17.1,986,12,158,493,347,43,986,23,9,39.1,12,52.2,617,2456,1214,29,23,6,26,27,706,96,Matches
144,Jeffrey Gouweleeuw,nl NED,DF,Augsburg,33-305,1991,30.7,1918,241,864,925,145,37,1917,12,7,58.3,5,41.7,1079,5715,3177,22,22,1,18,6,1145,18,Matches
145,Kamil Grabara,pl POL,GK,Wolfsburg,26-123,1999,27.7,1188,849,1159,29,0,0,1188,2,2,100.0,0,0.0,689,2960,1712,0,0,0,0,0,660,0,Matches
146,Michael Gregoritsch,at AUT,FW,Freiburg,31-023,1994,6.9,216,6,27,95,96,33,216,7,4,57.1,3,42.9,94,425,202,6,3,3,14,9,148,36,Matches
147,Vincenzo Grifo,it ITA,"FW,MF",Freiburg,32-034,1993,26.0,1708,33,236,891,591,70,1705,45,25,55.6,19,42.2,920,4846,2492,58,35,21,34,16,1158,145,Matches
148,Florian Grillitsch,at AUT,MF,Hoffenheim,29-277,1995,6.7,488,29,140,263,92,3,488,12,5,41.7,6,50.0,270,1348,585,4,8,0,5,10,330,4,Matches
149,Álex Grimaldo,es ESP,DF,Leverkusen,29-233,1995,28.0,2268,51,359,863,1061,83,2268,49,20,40.8,24,49.0,1254,5567,3058,82,50,19,53,12,1611,242,Matches
150,Pascal Groß,de GER,"MF,DF",Dortmund,33-330,1991,25.0,2127,57,402,1127,611,49,2127,9,3,33.3,6,66.7,1121,4859,2273,39,40,5,22,9,1477,119,Matches
Rk,Player,Nation,Pos,Squad,Age,Born,90s,Touches,Def Pen,Def 3rd,Mid 3rd,Att 3rd,Att Pen,Live,Att,Succ,Succ%,Tkld,Tkld%,Carries,TotDist,PrgDist,PrgC,1/3,CPA,Mis,Dis,Rec,PrgR,Matches
151,Marco Grüll,at AUT,"FW,MF",Werder Bremen,26-309,1998,12.3,468,5,41,202,232,53,468,37,13,35.1,21,56.8,295,1494,541,21,17,8,42,39,339,87,Matches
152,Raphaël Guerreiro,pt POR,"DF,MF",Bayern Munich,31-140,1993,16.7,1415,32,244,653,525,54,1415,20,10,50.0,9,45.0,763,3359,1707,37,37,5,16,13,1061,124,Matches
153,Morgan Guilavogui,gn GUI,"FW,MF",St. Pauli,27-062,1998,18.3,786,28,108,330,357,97,786,44,19,43.2,21,47.7,351,1875,902,37,25,20,50,21,528,122,Matches
154,Serhou Guirassy,gn GUI,FW,Dortmund,29-060,1996,26.9,887,35,68,456,367,152,884,31,8,25.8,16,51.6,487,1959,750,21,18,10,72,29,696,120,Matches
155,Péter Gulácsi,hu HUN,GK,RB Leipzig,35-005,1990,28.2,967,799,949,19,0,0,967,0,0,,0,,502,2349,1207,0,0,0,1,0,412,0,Matches
156,Robert Gumny,pl POL,DF,Augsburg,26-341,1998,2.0,118,8,31,41,46,3,118,4,1,25.0,2,50.0,57,224,99,4,2,0,2,1,63,7,Matches
157,Christian Günter,de GER,DF,Freiburg,32-072,1993,25.5,1290,63,357,515,422,27,1290,9,3,33.3,6,66.7,553,2111,964,19,19,7,15,4,756,108,Matches
158,Janik Haberer,de GER,"MF,DF",Union Berlin,31-039,1994,17.8,860,38,228,474,168,17,860,6,2,33.3,3,50.0,424,1511,592,13,4,0,11,10,484,22,Matches
159,Robin Hack,de GER,"FW,MF",Gladbach,26-257,1998,23.4,1140,26,202,547,409,78,1140,60,23,38.3,32,53.3,659,3750,1725,46,43,19,64,43,771,130,Matches
160,Amadou Haidara,ml MLI,MF,RB Leipzig,27-100,1998,14.7,1100,62,257,693,157,14,1100,12,7,58.3,5,41.7,505,1801,733,7,6,0,6,7,691,24,Matches
161,Andreas Hanche-Olsen,no NOR,DF,Mainz 05,28-114,1997,13.3,764,108,431,302,35,18,764,1,1,100.0,0,0.0,363,1405,553,2,4,0,7,2,438,5,Matches
162,Phil Harres,de GER,FW,Holstein Kiel,23-047,2002,17.0,478,22,58,261,164,61,478,22,5,22.7,15,68.2,238,981,375,12,14,10,63,24,316,71,Matches
163,Ramon Hendriks,nl NED,DF,Stuttgart,23-297,2001,11.8,772,61,309,382,83,11,772,7,4,57.1,3,42.9,369,1733,729,8,5,2,6,4,449,22,Matches
164,Paul Hennrich,de GER,MF,Hoffenheim,20-066,2005,0.1,6,0,2,0,4,0,6,2,0,0.0,1,50.0,3,27,10,1,0,0,1,0,2,0,Matches
165,Benjamin Henrichs,de GER,DF,RB Leipzig,28-077,1997,10.4,606,42,189,269,154,8,606,13,9,69.2,4,30.8,290,1285,438,9,7,0,9,6,345,55,Matches
166,Mario Hermoso,es ESP,DF,Leverkusen,29-327,1995,3.3,288,28,84,165,39,6,288,5,3,60.0,2,40.0,147,495,265,2,8,0,3,1,183,3,Matches
167,Piero Hincapié,ec ECU,DF,Leverkusen,23-122,2002,27.8,2320,200,772,1228,326,46,2320,12,2,16.7,8,66.7,1303,6837,4114,49,48,6,17,4,1622,69,Matches
168,Adam Hložek,cz CZE,"FW,MF",Hoffenheim,22-290,2002,19.8,725,20,67,312,358,112,725,63,33,52.4,26,41.3,411,2547,1298,52,31,18,48,36,530,98,Matches
169,Nicolas Höfler,de GER,MF,Freiburg,35-063,1990,8.8,482,37,134,284,68,4,482,4,4,100.0,0,0.0,199,862,191,1,3,1,10,10,267,3,Matches
170,Jonas Hofmann,de GER,"MF,DF",Leverkusen,32-301,1992,3.1,188,2,19,76,94,14,188,3,2,66.7,1,33.3,103,551,275,7,5,2,5,1,152,23,Matches
171,Philipp Hofmann,de GER,FW,Bochum,32-042,1993,25.3,938,40,88,548,307,100,938,20,10,50.0,10,50.0,486,1632,456,8,15,2,55,32,731,112,Matches
172,Lucas Höler,de GER,"FW,MF",Freiburg,30-305,1994,19.7,806,37,122,364,332,82,805,33,18,54.5,12,36.4,382,1545,669,20,12,7,50,24,545,116,Matches
173,Benedict Hollerbach,de GER,"FW,MF",Union Berlin,23-359,2001,27.3,1078,16,120,429,555,137,1078,114,41,36.0,62,54.4,693,5312,2489,98,64,51,107,92,759,206,Matches
174,Lewis Holtby,de GER,MF,Holstein Kiel,34-235,1990,13.3,824,42,243,417,169,13,824,15,7,46.7,7,46.7,364,1533,680,14,10,1,14,6,472,33,Matches
175,Gerrit Holtmann,ph PHI,"DF,FW",Bochum,30-047,1995,12.6,571,23,111,188,281,28,571,20,6,30.0,13,65.0,336,2370,1163,50,29,9,33,10,353,97,Matches
Rk,Player,Nation,Pos,Squad,Age,Born,90s,Touches,Def Pen,Def 3rd,Mid 3rd,Att 3rd,Att Pen,Live,Att,Succ,Succ%,Tkld,Tkld%,Carries,TotDist,PrgDist,PrgC,1/3,CPA,Mis,Dis,Rec,PrgR,Matches
176,Franck Honorat,fr FRA,FW,Gladbach,28-273,1996,15.1,714,30,120,247,360,59,714,29,11,37.9,17,58.6,357,2518,1480,60,33,25,22,11,424,120,Matches
177,Mathias Honsak,at AUT,"FW,MF",Heidenheim,28-142,1996,12.3,586,36,146,262,187,30,586,22,9,40.9,12,54.5,317,1869,915,34,27,7,38,12,339,50,Matches
178,Timo Horn,de GER,GK,Bochum,31-364,1993,12.0,486,336,476,10,0,0,486,0,0,,0,,257,1281,708,0,0,0,1,0,230,0,Matches
179,Lukáš Hrádecký,fi FIN,GK,Leverkusen,35-168,1989,27.0,884,715,876,9,0,0,884,0,0,,0,,496,2674,1513,0,0,0,0,0,464,0,Matches
180,Robin Hranáč,cz CZE,DF,Hoffenheim,25-102,2000,2.4,170,14,64,104,3,1,170,0,0,,0,,107,466,248,2,2,0,1,0,118,0,Matches
181,Hong Hyunseok,kr KOR,MF,Mainz 05,25-329,1999,5.9,290,5,34,149,113,16,290,10,4,40.0,4,40.0,142,727,419,10,9,2,11,12,186,31,Matches
182,Oscar Højlund,dk DEN,MF,Eint Frankfurt,20-127,2005,7.8,487,10,119,291,80,9,487,11,8,72.7,3,27.3,288,1347,622,17,8,5,18,11,331,7,Matches
183,Arijon Ibrahimović,de GER,FW,Bayern Munich,19-151,2005,0.0,3,0,2,1,0,0,3,1,1,100.0,0,0.0,3,20,5,0,0,0,0,0,3,0,Matches
184,Andrej Ilic,rs SRB,FW,Union Berlin,25-038,2000,10.1,284,10,30,133,124,41,283,7,1,14.3,6,85.7,138,516,151,5,5,4,31,9,196,56,Matches
185,Jackson Irvine,au AUS,MF,St. Pauli,32-065,1993,29.0,1286,77,330,689,283,75,1286,23,9,39.1,13,56.5,464,1781,897,19,18,5,42,13,710,58,Matches
186,Ko Itakura,jp JPN,DF,Gladbach,28-104,1997,30.0,2092,318,1159,874,72,32,2092,21,12,57.1,8,38.1,1288,6422,3375,21,17,0,8,8,1456,3,Matches
187,Hiroki Ito,jp JPN,DF,Bayern Munich,25-364,1999,2.8,245,11,65,129,52,5,245,3,1,33.3,2,66.7,126,556,240,3,6,1,3,1,175,6,Matches
188,Marko Ivezić,rs SRB,DF,Holstein Kiel,23-160,2001,18.4,1173,174,681,467,34,14,1173,7,4,57.1,2,28.6,596,2644,1282,3,7,0,17,7,745,9,Matches
189,Lee Jae-sung,kr KOR,MF,Mainz 05,32-274,1992,28.5,1353,43,218,632,517,118,1353,29,11,37.9,15,51.7,676,2313,906,27,23,9,72,26,915,159,Matches
190,Kristijan Jakić,hr CRO,MF,Augsburg,27-362,1997,23.6,1226,67,292,701,246,30,1226,26,12,46.2,13,50.0,612,2662,1192,24,13,3,34,21,726,45,Matches
191,Luca Jaquez,ch SUI,DF,Stuttgart,21-343,2003,1.3,89,3,39,41,9,0,89,0,0,,0,,51,232,166,2,0,0,0,0,62,0,Matches
192,Dominik Javorček,sk SVK,"DF,MF",Holstein Kiel,22-190,2002,4.3,221,30,104,60,57,2,221,5,4,80.0,1,20.0,91,460,249,7,2,0,5,1,113,23,Matches
193,Finn Jeltsch,de GER,DF,Stuttgart,18-298,2006,8.2,692,45,216,444,34,2,692,3,2,66.7,1,33.3,448,2911,1416,8,11,1,10,1,498,5,Matches
194,Fredrik Jensen,fi FIN,MF,Augsburg,27-244,1997,8.3,300,16,42,116,146,23,300,13,7,53.8,6,46.2,179,846,363,16,8,3,16,10,214,57,Matches
195,Moritz Jenz,de GER,DF,Mainz 05,26-011,1999,17.8,1098,161,565,500,36,20,1098,5,2,40.0,2,40.0,510,2205,958,1,2,1,7,0,592,3,Matches
196,Carl Johansson,se SWE,DF,Holstein Kiel,30-353,1994,6.2,390,92,261,118,15,11,390,0,0,,0,,153,486,186,0,0,0,2,0,214,0,Matches
197,Anthony Jung,de GER,DF,Werder Bremen,33-189,1991,21.0,1688,230,895,732,72,1,1688,9,7,77.8,1,11.1,1039,4721,2319,20,20,0,13,2,1161,6,Matches
198,Josip Juranović,hr CRO,"DF,MF",Union Berlin,29-268,1995,12.2,668,38,196,265,217,7,668,23,10,43.5,8,34.8,287,1433,726,19,11,3,12,3,301,43,Matches
199,David Jurásek,cz CZE,DF,Hoffenheim,24-277,2000,6.9,499,16,132,194,176,9,499,12,3,25.0,8,66.7,238,1299,599,17,21,1,6,5,310,42,Matches
200,Yusuf Kabadayı,de GER,"FW,MF",Augsburg,21-098,2004,0.8,42,0,2,16,25,2,42,6,2,33.3,3,50.0,29,246,73,2,4,0,6,0,30,8,Matches
Rk,Player,Nation,Pos,Squad,Age,Born,90s,Touches,Def Pen,Def 3rd,Mid 3rd,Att 3rd,Att Pen,Live,Att,Succ,Succ%,Tkld,Tkld%,Carries,TotDist,PrgDist,PrgC,1/3,CPA,Mis,Dis,Rec,PrgR,Matches
201,Almugera Kabar,de GER,DF,Dortmund,18-339,2006,1.5,114,0,27,68,20,1,114,2,1,50.0,0,0.0,71,285,101,5,3,0,0,3,78,2,Matches
202,Issa Kaboré,bf BFA,"DF,FW",Werder Bremen,23-364,2001,3.4,253,12,57,95,109,16,253,21,7,33.3,13,61.9,128,898,440,15,12,5,9,2,137,35,Matches
203,Pavel Kadeřábek,cz CZE,DF,Hoffenheim,33-016,1992,16.5,964,47,244,396,326,31,964,7,5,71.4,2,28.6,430,1690,810,14,18,1,5,3,574,83,Matches
204,Jakub Kamiński,pl POL,"DF,MF",Wolfsburg,22-340,2002,11.6,562,28,104,212,255,35,562,21,7,33.3,13,61.9,277,1699,958,39,21,16,20,11,290,62,Matches
205,Kevin Kampl,si SVN,MF,RB Leipzig,34-214,1990,16.7,1250,34,233,766,261,12,1250,19,13,68.4,6,31.6,747,3817,1953,19,32,2,13,12,905,32,Matches
206,Harry Kane,eng ENG,FW,Bayern Munich,31-287,1993,26.1,909,20,76,330,507,160,900,53,23,43.4,29,54.7,506,2242,951,29,19,21,40,21,709,143,Matches
207,Atakan Karazor,,MF,Stuttgart,28-210,1996,27.1,1982,82,392,1262,340,23,1982,20,12,60.0,4,20.0,1018,4171,1791,16,32,1,29,15,1326,32,Matches
208,Mikkel Kaufmann,dk DEN,FW,Heidenheim,24-128,2001,4.1,139,6,19,71,51,12,139,7,2,28.6,3,42.9,77,367,171,4,6,4,11,2,99,21,Matches
209,Yannik Keitel,de GER,MF,Stuttgart,25-085,2000,2.8,212,7,48,133,34,3,212,1,1,100.0,0,0.0,95,368,166,2,0,1,2,1,152,2,Matches
210,Andu Kelati,de GER,"MF,DF",Holstein Kiel,22-271,2002,3.2,159,4,30,90,43,9,159,4,3,75.0,1,25.0,88,310,129,3,0,0,8,4,106,11,Matches
211,Thomas Keller,de GER,"DF,MF",Heidenheim,25-279,1999,1.6,115,11,53,56,6,0,115,0,0,,0,,51,203,101,0,2,0,2,0,71,0,Matches
212,Aljoscha Kemlein,de GER,MF,Union Berlin,20-282,2004,10.2,549,16,117,331,105,18,549,9,6,66.7,3,33.3,260,952,437,5,5,1,11,1,329,19,Matches
213,Luca Kerber,de GER,"MF,DF",Heidenheim,23-062,2002,8.2,339,31,125,163,53,9,339,5,1,20.0,3,60.0,164,641,238,1,0,1,11,4,181,12,Matches
214,Rani Khedira,de GER,MF,Union Berlin,31-104,1994,29.3,1203,77,325,682,203,30,1203,10,4,40.0,6,60.0,476,2003,698,11,9,2,23,10,589,32,Matches
215,Joshua Kimmich,de GER,MF,Bayern Munich,30-092,1995,30.6,3754,69,523,2278,971,17,3754,20,11,55.0,8,40.0,2310,11558,5031,49,77,1,20,7,2957,70,Matches
216,Tim Kleindienst,de GER,FW,Gladbach,29-253,1995,30.4,1149,74,145,613,403,137,1147,37,14,37.8,23,62.2,545,2407,1024,45,21,24,82,42,797,145,Matches
217,Lukas Klostermann,de GER,DF,RB Leipzig,28-342,1996,20.4,1472,161,608,751,118,13,1472,5,4,80.0,1,20.0,752,3051,1573,16,14,1,9,0,988,26,Matches
218,Ansgar Knauff,de GER,"MF,DF",Eint Frankfurt,23-121,2002,15.9,707,20,137,284,298,66,707,54,25,46.3,25,46.3,402,2412,1458,51,33,19,42,15,429,129,Matches
219,Magnus Knudsen,no NOR,MF,Holstein Kiel,23-330,2001,20.1,971,58,324,542,111,9,971,13,8,61.5,5,38.5,480,2461,1212,16,10,2,25,10,608,24,Matches
220,Gregor Kobel,ch SUI,GK,Dortmund,27-156,1997,30.0,1248,936,1237,11,0,0,1248,2,2,100.0,0,0.0,799,3836,2137,0,0,0,0,1,752,0,Matches
221,Robin Koch,de GER,DF,Eint Frankfurt,28-298,1996,26.7,1959,377,1016,892,57,27,1959,3,1,33.3,2,66.7,1119,4710,2462,8,6,0,11,3,1254,3,Matches
222,Derrick Köhn,de GER,"DF,FW",Werder Bremen,26-096,1999,14.7,896,34,229,357,319,30,896,41,15,36.6,21,51.2,538,2508,1305,35,23,7,22,12,576,122,Matches
223,Dominik Kohr,de GER,"DF,MF",Mainz 05,31-100,1994,25.5,1693,220,814,744,143,22,1693,9,5,55.6,4,44.4,835,3853,1745,26,20,4,20,7,998,31,Matches
224,Marco Komenda,hr CRO,DF,Holstein Kiel,28-166,1996,14.5,905,109,462,390,54,11,905,1,1,100.0,0,0.0,440,1831,1096,13,8,1,3,0,596,16,Matches
225,Mert Kömür,de GER,MF,Augsburg,19-298,2005,5.9,259,7,39,99,125,17,259,20,11,55.0,7,35.0,155,837,409,13,13,4,20,20,179,42,Matches
Rk,Player,Nation,Pos,Squad,Age,Born,90s,Touches,Def Pen,Def 3rd,Mid 3rd,Att 3rd,Att Pen,Live,Att,Succ,Succ%,Tkld,Tkld%,Carries,TotDist,PrgDist,PrgC,1/3,CPA,Mis,Dis,Rec,PrgR,Matches
226,Henri Koudossou,de GER,DF,Augsburg,25-250,1999,7.9,456,29,131,183,144,11,456,16,8,50.0,7,43.8,212,1127,522,16,11,3,14,2,233,47,Matches
227,Konstantinos Koulierakis,gr GRE,DF,Wolfsburg,21-164,2003,26.4,1833,275,925,819,96,30,1833,11,6,54.5,5,45.5,1022,4967,2571,18,16,0,18,2,1178,8,Matches
228,Matej Kovar,cz CZE,GK,Leverkusen,24-359,2000,5.0,155,134,155,0,0,0,155,0,0,,0,,99,489,214,0,0,0,0,0,84,0,Matches
229,Andrej Kramarić,hr CRO,"MF,FW",Hoffenheim,33-326,1991,29.8,1528,11,170,704,665,126,1525,41,17,41.5,19,46.3,918,5000,2515,75,54,22,45,37,1135,198,Matches
230,Frans Krätzig,de GER,"DF,MF",Heidenheim,22-117,2003,13.5,676,23,186,289,210,26,676,20,9,45.0,11,55.0,372,1784,822,25,17,6,21,8,403,57,Matches
231,Frans Krätzig,de GER,DF,Stuttgart,22-117,2003,0.6,48,4,12,22,14,0,48,0,0,,0,,30,85,39,0,0,0,1,0,33,2,Matches
232,Tom Krauß,de GER,MF,Bochum,23-323,2001,12.0,768,23,157,450,171,8,768,23,12,52.2,11,47.8,430,2192,1021,16,20,1,23,7,461,20,Matches
233,Rasmus Kristensen,dk DEN,DF,Eint Frankfurt,27-304,1997,25.9,1820,119,569,815,450,55,1820,42,22,52.4,17,40.5,1012,4299,2250,48,35,8,35,14,1124,138,Matches
234,Lukas Kübler,de GER,DF,Freiburg,32-254,1992,20.2,1252,74,366,643,253,26,1252,9,0,0.0,7,77.8,511,2341,1073,24,17,3,10,7,672,49,Matches
235,Jonah Kusi-Asare,se SWE,FW,Bayern Munich,17-311,2007,0.0,3,0,0,1,2,1,3,0,0,,0,,1,2,2,0,0,0,0,0,2,0,Matches
236,Moritz-Broni Kwarteng,gh GHA,"MF,FW",Bochum,27-013,1998,1.9,104,1,12,48,45,3,104,7,6,85.7,1,14.3,63,303,128,4,1,1,6,2,77,16,Matches
237,Nediljko Labrović,hr CRO,GK,Augsburg,25-213,1999,15.0,546,451,537,9,0,0,546,0,0,,0,,306,1571,923,0,0,0,0,0,238,0,Matches
238,Konrad Laimer,at AUT,DF,Bayern Munich,27-349,1997,18.1,1349,38,223,660,470,61,1349,30,17,56.7,12,40.0,765,4027,2539,81,55,17,35,23,958,109,Matches
239,Stefan Lainer,at AUT,DF,Gladbach,32-257,1992,7.7,515,31,176,221,120,5,515,9,5,55.6,4,44.4,271,1564,835,24,18,2,6,6,296,29,Matches
240,Hugo Larsson,se SWE,MF,Eint Frankfurt,20-318,2004,24.6,1397,75,401,749,256,24,1397,18,11,61.1,7,38.9,764,3009,1325,15,20,3,21,10,961,33,Matches
241,Diogo Leite,pt POR,DF,Union Berlin,26-108,1999,28.3,1803,205,792,842,183,36,1803,15,10,66.7,4,26.7,853,3583,1896,20,18,0,18,7,959,16,Matches
242,Maxim Leitsch,de GER,DF,Mainz 05,26-358,1998,7.5,473,63,214,224,35,13,473,1,0,0.0,0,0.0,173,759,329,4,5,0,8,3,240,5,Matches
243,Jamie Leweling,de GER,"MF,FW",Stuttgart,24-074,2001,17.0,756,18,93,290,392,64,756,79,39,49.4,32,40.5,504,3960,1763,52,33,17,41,34,558,152,Matches
244,Philipp Lienhart,at AUT,DF,Freiburg,28-304,1996,29.8,2455,235,1162,1188,113,19,2455,10,4,40.0,5,50.0,1421,8782,4799,44,19,1,10,2,1682,9,Matches
245,Marin Ljubicic,hr CRO,"FW,MF",Union Berlin,23-072,2002,3.0,85,6,14,34,37,10,85,3,1,33.3,1,33.3,48,189,64,1,0,0,6,1,55,18,Matches
246,Anthony Losilla,fr FRA,MF,Bochum,39-062,1986,12.3,518,35,143,292,87,2,518,5,1,20.0,4,80.0,211,743,297,3,3,1,10,7,266,11,Matches
247,Yannik Lührs,de GER,DF,Dortmund,21-244,2003,1.4,176,11,89,84,4,0,176,0,0,,0,,131,536,147,2,0,0,0,1,140,1,Matches
248,Castello Lukeba,fr FRA,DF,RB Leipzig,22-145,2002,17.5,1445,125,557,772,132,14,1445,32,20,62.5,8,25.0,806,3545,1925,18,21,2,20,11,993,23,Matches
249,Senne Lynen,be BEL,MF,Werder Bremen,26-081,1999,29.4,1657,118,507,940,222,13,1657,28,12,42.9,13,46.4,812,2917,1097,9,13,3,34,15,917,28,Matches
250,Shuto Machino,jp JPN,"FW,MF",Holstein Kiel,25-223,1999,20.9,873,32,136,378,365,62,871,17,10,58.8,5,29.4,433,1860,882,28,15,13,43,20,561,102,Matches
Rk,Player,Nation,Pos,Squad,Age,Born,90s,Touches,Def Pen,Def 3rd,Mid 3rd,Att 3rd,Att Pen,Live,Att,Succ,Succ%,Tkld,Tkld%,Carries,TotDist,PrgDist,PrgC,1/3,CPA,Mis,Dis,Rec,PrgR,Matches
251,Arne Maier,de GER,MF,Augsburg,26-123,1999,9.7,657,15,96,308,258,20,657,15,7,46.7,8,53.3,366,1597,742,17,17,5,21,8,423,51,Matches
252,Patrick Mainka,de GER,DF,Heidenheim,30-186,1994,33.0,2070,279,1161,806,120,41,2070,11,6,54.5,3,27.3,1137,6098,3331,21,21,1,16,7,1208,11,Matches
253,Lovro Majer,hr CRO,MF,Wolfsburg,27-114,1998,2.6,124,1,17,48,61,7,123,7,4,57.1,1,14.3,80,427,145,4,3,1,5,6,90,9,Matches
254,Jordy Makengo,fr FRA,DF,Freiburg,23-281,2001,7.5,368,22,117,148,107,3,368,10,3,30.0,6,60.0,193,1070,365,9,7,1,10,4,212,33,Matches
255,Jarzinho Malanga,de GER,DF,Stuttgart,18-305,2006,0.0,3,0,0,0,3,0,3,0,0,,0,,1,0,0,0,0,0,1,0,3,2,Matches
256,Julián Malatini,ar ARG,DF,Werder Bremen,23-345,2001,5.0,363,25,156,160,48,4,363,3,2,66.7,1,33.3,224,1103,521,8,8,0,3,1,245,4,Matches
257,Donyell Malen,nl NED,"FW,MF",Dortmund,26-122,1999,6.8,278,3,23,84,175,46,278,32,11,34.4,19,59.4,187,911,439,23,9,17,16,9,214,75,Matches
258,Lennard Maloney,us USA,MF,Heidenheim,25-215,1999,8.4,378,38,183,174,23,5,378,4,1,25.0,3,75.0,147,492,206,1,1,0,11,1,161,0,Matches
259,Lennard Maloney,us USA,MF,Mainz 05,25-215,1999,0.3,24,3,9,13,2,0,24,0,0,,0,,4,24,13,1,0,0,1,1,5,0,Matches
260,Johan Manzambi,ch SUI,"FW,MF",Freiburg,19-209,2005,2.8,155,4,24,70,62,14,155,6,3,50.0,1,16.7,86,418,168,5,4,1,7,8,96,10,Matches
261,Omar Marmoush,eg EGY,FW,Eint Frankfurt,26-093,1999,16.1,671,1,40,230,421,109,669,101,46,45.5,46,45.5,442,3318,1810,73,53,45,66,37,483,125,Matches
262,Giorgos Masouras,gr GRE,"FW,MF",Bochum,31-130,1994,10.9,381,7,50,149,191,49,381,14,5,35.7,9,64.3,207,1022,498,25,7,12,26,6,245,73,Matches
263,Erhan Mašović,rs SRB,DF,Bochum,26-170,1998,10.1,539,75,276,244,21,11,539,1,0,0.0,1,100.0,290,1123,513,1,1,0,5,3,323,4,Matches
264,Igor Matanovic,hr CRO,FW,Eint Frankfurt,22-041,2003,3.5,133,8,17,73,44,17,133,5,3,60.0,2,40.0,78,363,118,2,3,2,21,9,103,19,Matches
265,Chrislain Matsima,fr FRA,DF,Augsburg,22-361,2002,26.3,1537,215,646,775,131,22,1537,10,6,60.0,3,30.0,828,3295,1613,13,17,2,20,9,900,12,Matches
266,Jean Mattéo Bahoya,fr FRA,"MF,FW",Eint Frankfurt,20-004,2005,9.7,450,7,76,200,185,32,450,30,17,56.7,12,40.0,258,1638,765,23,14,10,16,17,280,86,Matches
267,Maurides,br BRA,FW,St. Pauli,31-062,1994,0.0,2,0,0,0,2,0,2,0,0,,0,,1,1,0,0,0,0,0,0,2,0,Matches
268,Keke Maximilian Topp,de GER,"FW,MF",Werder Bremen,21-047,2004,2.7,130,3,8,41,82,28,130,9,3,33.3,5,55.6,78,370,205,10,5,3,11,14,100,26,Matches
269,Jakov Medić,hr CRO,DF,Bochum,26-246,1998,16.9,899,154,505,355,41,22,899,1,1,100.0,0,0.0,455,2039,895,2,0,0,6,3,499,3,Matches
270,Connor Metcalfe,au AUS,"MF,FW",St. Pauli,25-187,1999,3.9,152,9,35,68,52,4,152,6,3,50.0,1,16.7,58,296,165,6,5,2,5,0,80,11,Matches
271,Karol Mets,ee EST,DF,St. Pauli,31-360,1993,10.0,736,99,360,346,32,8,736,1,0,0.0,1,100.0,343,1424,736,5,6,0,4,0,466,2,Matches
272,Alexander Meyer,de GER,GK,Dortmund,34-028,1991,2.0,87,64,86,1,0,0,87,0,0,,0,,51,295,130,0,0,0,0,0,42,0,Matches
273,Florian Micheler,at AUT,MF,Hoffenheim,19-359,2005,0.4,12,0,2,6,4,0,12,1,1,100.0,0,0.0,11,48,28,1,1,0,0,0,10,1,Matches
274,Enzo Millot,fr FRA,"MF,FW",Stuttgart,22-298,2002,19.1,1279,8,163,688,439,67,1278,66,30,45.5,35,53.0,753,4086,1616,40,30,11,46,33,972,121,Matches
275,Kim Min-jae,kr KOR,DF,Bayern Munich,28-177,1996,25.4,2764,161,911,1762,101,14,2764,5,3,60.0,2,40.0,1644,6867,3311,16,23,1,14,5,2098,5,Matches
Rk,Player,Nation,Pos,Squad,Age,Born,90s,Touches,Def Pen,Def 3rd,Mid 3rd,Att 3rd,Att Pen,Live,Att,Succ,Succ%,Tkld,Tkld%,Carries,TotDist,PrgDist,PrgC,1/3,CPA,Mis,Dis,Rec,PrgR,Matches
276,Maximilian Mittelstädt,de GER,DF,Stuttgart,28-054,1997,25.7,2209,105,504,1132,583,29,2209,35,19,54.3,13,37.1,1128,5393,2586,54,42,2,24,8,1411,140,Matches
277,Koji Miyoshi,jp JPN,"FW,MF",Bochum,28-046,1997,5.0,197,3,31,87,84,21,197,14,5,35.7,9,64.3,117,664,288,11,6,3,14,5,121,23,Matches
278,Max Moerstedt,de GER,FW,Hoffenheim,,,5.0,159,6,15,62,85,31,159,4,1,25.0,3,75.0,84,310,128,6,2,3,13,11,125,36,Matches
279,David Mokwa,fr FRA,"DF,FW",Hoffenheim,21-008,2004,0.2,11,0,2,4,5,2,11,1,1,100.0,0,0.0,5,29,9,0,0,0,2,2,5,0,Matches
280,Steve Mounié,bj BEN,"FW,MF",Augsburg,30-224,1994,3.6,154,4,13,55,86,33,154,4,1,25.0,3,75.0,83,343,148,8,5,3,12,5,123,26,Matches
281,Nordi Mukiele,fr FRA,DF,Leverkusen,27-191,1997,10.0,725,27,184,407,141,22,725,17,9,52.9,7,41.2,363,1750,992,20,14,6,10,3,441,28,Matches
282,Florian Müller,de GER,GK,Freiburg,27-179,1997,8.4,337,258,332,5,0,0,337,0,0,,0,,190,1027,552,0,0,0,0,0,164,0,Matches
283,Kevin Müller,de GER,GK,Heidenheim,34-057,1991,31.7,1348,1118,1327,21,0,0,1348,0,0,,0,,761,3436,1863,0,0,0,2,0,665,0,Matches
284,Marius Müller,de GER,GK,Wolfsburg,31-303,1993,5.3,231,171,228,3,0,0,231,0,0,,0,,147,695,400,0,0,0,0,0,122,0,Matches
285,Thomas Müller,de GER,"MF,FW",Bayern Munich,35-240,1989,12.9,727,13,46,265,416,100,727,16,7,43.8,8,50.0,362,1477,809,23,19,6,20,19,590,137,Matches
286,Jamal Musiala,de GER,MF,Bayern Munich,22-074,2003,20.0,1278,7,94,565,636,163,1278,141,72,51.1,59,41.8,792,4412,2300,71,48,36,67,33,1031,156,Matches
287,Florent Muslija,xk KVX,"FW,MF",Freiburg,26-309,1998,1.9,121,3,17,42,62,3,121,7,4,57.1,2,28.6,83,435,191,5,7,2,7,1,86,14,Matches
288,Phillipp Mwene,at AUT,DF,Mainz 05,31-102,1994,28.0,1513,68,355,614,559,48,1513,50,22,44.0,25,50.0,752,4254,1972,61,48,12,47,26,869,134,Matches
289,Joakim Mæhle,dk DEN,DF,Wolfsburg,27-356,1997,23.3,1394,59,418,613,374,40,1394,58,19,32.8,36,62.1,756,3967,2043,57,39,6,35,6,807,111,Matches
290,Nathan N'Goumou,cm CMR,FW,Gladbach,25-058,2000,9.2,386,13,68,132,192,55,386,27,9,33.3,12,44.4,215,1456,851,30,18,16,12,11,258,85,Matches
291,Stanley N'Soki,fr FRA,DF,Hoffenheim,26-032,1999,14.5,1005,110,480,486,50,4,1005,16,11,68.8,3,18.8,529,2262,1033,10,8,0,16,5,615,6,Matches
292,Paul Nebel,de GER,MF,Mainz 05,22-213,2002,25.1,1469,29,180,613,693,65,1469,62,24,38.7,35,56.5,858,4475,1795,67,44,19,66,43,1042,213,Matches
293,Kosta Nedeljković,rs SRB,DF,RB Leipzig,19-146,2005,5.3,283,16,66,116,102,5,283,4,1,25.0,2,50.0,120,670,346,10,7,1,4,1,170,27,Matches
294,Ivan Nekić,hr CRO,DF,Holstein Kiel,24-138,2000,0.8,50,3,29,21,0,0,50,1,0,0.0,1,100.0,19,44,10,0,0,0,1,1,35,0,Matches
295,David Nemeth,at AUT,DF,St. Pauli,24-054,2001,21.7,1244,149,619,580,52,7,1244,7,3,42.9,4,57.1,653,3357,1673,12,7,0,10,3,775,5,Matches
296,Luca Netz,de GER,DF,Gladbach,21-361,2003,10.8,666,44,241,257,172,17,666,21,6,28.6,14,66.7,288,1198,668,16,11,3,14,10,387,55,Matches
297,Manuel Neuer,de GER,GK,Bayern Munich,39-045,1986,21.0,922,526,867,57,0,0,922,1,1,100.0,0,0.0,608,3138,1800,0,0,0,0,0,669,0,Matches
298,Florian Neuhaus,de GER,MF,Gladbach,28-056,1997,4.1,275,11,68,163,48,9,275,9,5,55.6,4,44.4,148,806,492,9,9,1,9,1,179,8,Matches
299,Moritz Nicolas,de GER,GK,Gladbach,27-202,1997,18.2,838,692,835,3,0,0,838,0,0,,0,,575,2773,1548,0,0,0,0,0,508,0,Matches
300,Julian Niehues,de GER,MF,Heidenheim,24-024,2001,1.2,58,10,24,28,6,1,58,2,1,50.0,1,50.0,21,66,30,0,0,0,2,1,31,3,Matches
Rk,Player,Nation,Pos,Squad,Age,Born,90s,Touches,Def Pen,Def 3rd,Mid 3rd,Att 3rd,Att Pen,Live,Att,Succ,Succ%,Tkld,Tkld%,Carries,TotDist,PrgDist,PrgC,1/3,CPA,Mis,Dis,Rec,PrgR,Matches
301,Justin Njinmah,de GER,"FW,MF",Werder Bremen,24-177,2000,10.4,341,2,17,121,208,57,341,27,11,40.7,14,51.9,224,1376,708,33,15,12,23,6,258,102,Matches
302,Niels Nkounkou,fr FRA,"DF,MF",Eint Frankfurt,24-191,2000,4.2,295,16,93,133,77,8,295,16,7,43.8,7,43.8,178,977,539,17,14,1,7,4,175,21,Matches
303,Felix Nmecha,de GER,MF,Dortmund,24-213,2000,15.4,1010,52,213,621,189,11,1010,20,13,65.0,4,20.0,584,2920,1246,14,15,2,18,14,721,14,Matches
304,Lukas Nmecha,de GER,"FW,MF",Wolfsburg,26-148,1998,4.4,157,6,15,69,74,21,157,5,3,60.0,1,20.0,93,366,139,6,3,2,12,2,123,30,Matches
305,Arnaud Nordin,fr FRA,"DF,MF",Mainz 05,26-328,1998,0.9,68,3,9,20,39,7,68,5,1,20.0,3,60.0,34,213,58,3,1,3,5,3,42,15,Matches
306,Alexander Nübel,de GER,GK,Stuttgart,28-223,1996,32.0,1315,1060,1305,12,0,0,1315,1,1,100.0,0,0.0,783,3620,2186,0,0,0,1,0,765,0,Matches
307,Antonio Nusa,no NOR,"MF,DF",RB Leipzig,20-024,2005,16.5,771,19,136,304,344,50,771,85,38,44.7,39,45.9,459,3033,1592,55,36,24,35,29,532,116,Matches
308,David Odogu,de GER,DF,Wolfsburg,18-342,2006,2.2,143,20,78,62,3,3,143,0,0,,0,,78,412,177,1,0,0,1,0,79,0,Matches
309,Tim Oermann,de GER,DF,Bochum,21-217,2003,23.6,1107,92,418,593,104,2,1107,14,6,42.9,7,50.0,563,2669,1137,15,13,3,22,9,593,15,Matches
310,Ifechukwu Ogbus,ch SUI,DF,Freiburg,19-145,2005,0.2,15,1,7,4,4,0,15,0,0,,0,,4,8,2,0,0,0,1,0,3,0,Matches
311,Finn Ole Becker,de GER,MF,Hoffenheim,24-337,2000,7.3,452,19,116,268,74,2,452,14,6,42.9,6,42.9,252,994,456,3,7,0,9,7,293,7,Matches
312,Michael Olise,fr FRA,"FW,MF",Bayern Munich,23-150,2001,24.9,1894,17,105,649,1161,145,1894,145,69,47.6,58,40.0,1254,7064,3582,113,67,44,56,29,1503,369,Matches
313,Jonas Omlin,ch SUI,GK,Gladbach,31-121,1994,9.9,505,432,504,1,0,0,505,1,1,100.0,0,0.0,333,1340,694,0,0,0,0,0,309,0,Matches
314,Karim Onisiwo,at AUT,"MF,FW",Mainz 05,33-055,1992,1.2,45,1,5,16,24,5,45,2,1,50.0,1,50.0,23,104,18,1,0,0,5,2,28,8,Matches
315,Frank Onyeka,ng NGA,MF,Augsburg,27-130,1998,27.0,1269,57,239,713,342,37,1269,51,18,35.3,23,45.1,711,4020,1785,44,40,8,46,33,769,69,Matches
316,Loïs Openda,be BEL,"FW,MF",RB Leipzig,25-084,2000,27.1,898,12,54,366,488,158,897,72,21,29.2,36,50.0,516,2962,1467,58,26,37,82,27,713,227,Matches
317,Gift Orban,ng NGA,FW,Hoffenheim,22-298,2002,7.6,208,1,20,92,96,22,208,11,4,36.4,7,63.6,108,436,163,8,6,3,14,5,123,35,Matches
318,Willi Orban,hu HUN,DF,RB Leipzig,32-189,1992,24.7,2101,268,954,1061,97,45,2101,4,3,75.0,0,0.0,1083,5180,2827,15,6,2,15,4,1320,8,Matches
319,Ivan Ordets,ua UKR,DF,Bochum,32-307,1992,20.7,1156,170,632,463,63,48,1156,1,1,100.0,0,0.0,510,2061,689,2,2,0,6,0,578,4,Matches
320,Patrick Osterhage,de GER,MF,Freiburg,25-099,2000,25.2,1259,45,282,723,261,35,1259,27,11,40.7,12,44.4,635,3234,1414,26,18,4,26,20,800,50,Matches
321,Assan Ouedraogo,de GER,MF,RB Leipzig,19-002,2006,0.6,30,0,5,15,12,4,30,3,0,0.0,3,100.0,23,193,70,2,0,3,2,6,26,2,Matches
322,Salih Özcan,tr TUR,MF,Wolfsburg,27-120,1998,3.9,252,8,37,164,52,3,252,6,4,66.7,2,33.3,128,611,268,6,5,0,5,1,142,5,Matches
323,Salih Özcan,tr TUR,MF,Dortmund,27-120,1998,4.2,302,13,76,167,60,7,302,2,2,100.0,0,0.0,125,530,226,4,6,2,4,1,156,4,Matches
324,Exequiel Palacios,ar ARG,MF,Leverkusen,26-218,1998,11.6,1057,16,119,614,326,12,1057,10,6,60.0,4,40.0,616,2068,860,13,15,1,16,18,844,40,Matches
325,João Palhinha,pt POR,MF,Bayern Munich,29-306,1995,7.5,631,18,94,419,120,13,631,4,2,50.0,2,50.0,330,1107,383,3,3,1,6,7,499,7,Matches
Rk,Player,Nation,Pos,Squad,Age,Born,90s,Touches,Def Pen,Def 3rd,Mid 3rd,Att 3rd,Att Pen,Live,Att,Succ,Succ%,Tkld,Tkld%,Carries,TotDist,PrgDist,PrgC,1/3,CPA,Mis,Dis,Rec,PrgR,Matches
326,Mats Pannewig,de GER,MF,Bochum,20-195,2004,2.1,153,8,41,73,43,9,153,3,1,33.3,2,66.7,80,358,154,2,3,0,8,8,87,14,Matches
327,Kevin Paredes,us USA,DF,Wolfsburg,22-004,2003,1.4,64,3,20,22,23,5,64,3,0,0.0,3,100.0,39,210,86,1,1,0,2,1,48,12,Matches
328,Felix Passlack,de GER,"DF,MF",Bochum,26-347,1998,24.9,1260,72,332,521,416,46,1260,31,12,38.7,17,54.8,575,2831,1239,41,31,11,21,12,643,112,Matches
329,Aleksandar Pavlovic,de GER,MF,Bayern Munich,21-008,2004,15.1,1551,16,182,1041,337,11,1551,5,5,100.0,0,0.0,952,4021,1832,13,40,3,12,1,1314,32,Matches
330,Mads Pedersen,dk DEN,DF,Augsburg,28-252,1996,2.6,123,7,34,45,47,5,123,8,2,25.0,6,75.0,53,250,111,1,3,1,4,1,58,10,Matches
331,Jordan Pefok,us USA,FW,Union Berlin,29-015,1996,10.1,326,23,55,157,122,43,326,13,7,53.8,6,46.2,158,535,204,3,6,0,24,17,212,40,Matches
332,Daniel Peretz,il ISR,GK,Bayern Munich,24-305,2000,3.0,106,63,97,9,0,0,106,0,0,,0,,67,338,177,0,0,0,0,0,77,0,Matches
333,Noah Pesch,hr CRO,FW,Gladbach,19-358,2005,0.1,5,0,0,1,4,0,5,0,0,,0,,2,17,16,0,0,0,0,0,2,1,Matches
334,Luca Philipp,de GER,GK,Hoffenheim,24-164,2000,6.0,215,177,213,2,0,0,215,0,0,,0,,100,530,230,0,0,0,0,0,89,0,Matches
335,Maximilian Philipp,de GER,"MF,FW",Freiburg,31-071,1994,0.2,9,0,1,3,5,0,9,0,0,,0,,3,15,14,0,0,0,1,0,6,0,Matches
336,Benedikt Pichler,at AUT,FW,Holstein Kiel,27-295,1997,8.7,310,13,29,149,133,44,310,18,8,44.4,9,50.0,152,863,383,18,7,8,23,12,230,58,Matches
337,Amos Pieper,de GER,DF,Werder Bremen,27-114,1998,15.7,1078,153,564,456,59,10,1078,3,2,66.7,1,33.3,539,2268,1041,10,7,0,4,3,637,3,Matches
338,Marvin Pieringer,de GER,"FW,MF",Heidenheim,25-219,1999,23.5,820,30,102,411,316,93,817,32,13,40.6,15,46.9,453,1894,759,21,22,4,68,23,582,108,Matches
339,Alassane Pléa,fr FRA,"MF,FW",Gladbach,32-062,1993,20.1,936,3,80,475,389,69,935,43,17,39.5,23,53.5,584,2971,1645,49,31,12,39,21,743,133,Matches
340,Finn Porath,de GER,"DF,MF",Holstein Kiel,28-077,1997,21.6,993,72,323,400,279,33,993,35,16,45.7,12,34.3,418,2364,1215,42,33,11,15,15,506,69,Matches
341,Yussuf Poulsen,dk DEN,"FW,MF",RB Leipzig,30-330,1994,4.0,217,14,37,90,91,31,217,6,1,16.7,4,66.7,87,347,105,2,4,0,16,10,146,30,Matches
342,Alexander Prass,at AUT,DF,Hoffenheim,23-350,2001,16.9,1176,66,336,524,324,32,1176,42,20,47.6,17,40.5,595,2751,1323,28,30,5,20,10,681,65,Matches
343,David Preu,de GER,"DF,MF",Union Berlin,20-197,2004,0.7,47,5,14,14,19,2,47,3,2,66.7,1,33.3,20,75,44,1,1,1,1,0,22,8,Matches
344,Grischa Prömel,de GER,MF,Hoffenheim,30-122,1995,1.9,106,4,19,71,18,0,106,1,0,0.0,1,100.0,70,300,137,2,1,0,2,2,82,3,Matches
345,Ivan Prtajin,hr CRO,FW,Union Berlin,28-362,1996,1.8,78,3,6,29,43,12,78,1,1,100.0,0,0.0,38,98,23,1,0,1,6,3,55,17,Matches
346,Tymoteusz Puchacz,pl POL,DF,Holstein Kiel,26-108,1999,4.4,247,15,74,94,87,2,247,19,9,47.4,8,42.1,109,703,353,13,11,0,8,5,125,30,Matches
347,Leopold Querfeld,at AUT,DF,Union Berlin,21-142,2003,18.4,1003,167,526,428,53,33,1003,9,3,33.3,5,55.6,496,2299,1242,3,2,0,5,2,538,5,Matches
348,Grant Ranos,am ARM,FW,Gladbach,21-295,2003,0.2,17,0,1,9,7,0,17,0,0,,0,,10,35,18,1,1,0,0,1,11,2,Matches
349,David Raum,de GER,DF,RB Leipzig,27-019,1998,18.8,1324,57,359,499,479,55,1324,27,10,37.0,13,48.1,550,2389,1317,33,18,4,15,9,742,123,Matches
350,Rocco Reitz,de GER,MF,Gladbach,22-347,2002,19.4,1121,70,351,620,166,32,1121,36,17,47.2,17,47.2,578,2786,1210,16,12,1,21,23,676,24,Matches
Rk,Player,Nation,Pos,Squad,Age,Born,90s,Touches,Def Pen,Def 3rd,Mid 3rd,Att 3rd,Att Pen,Live,Att,Succ,Succ%,Tkld,Tkld%,Carries,TotDist,PrgDist,PrgC,1/3,CPA,Mis,Dis,Rec,PrgR,Matches
351,Nicolai Remberg,de GER,MF,Holstein Kiel,24-326,2000,25.9,1287,119,417,743,144,24,1287,23,7,30.4,13,56.5,542,2789,1319,25,19,0,22,16,727,31,Matches
352,Elvis Rexhbeçaj,xk KVX,MF,Augsburg,27-191,1997,19.6,869,36,148,392,338,30,869,31,10,32.3,17,54.8,450,1978,939,30,25,7,31,25,525,81,Matches
353,Gio Reyna,us USA,MF,Dortmund,22-179,2002,3.8,239,7,24,114,102,6,239,7,4,57.1,3,42.9,131,564,243,5,4,0,9,7,162,19,Matches
354,Fabian Rieder,ch SUI,"MF,FW",Stuttgart,23-084,2002,9.6,492,6,60,215,228,17,492,19,9,47.4,10,52.6,253,1466,631,20,15,3,21,13,315,61,Matches
355,Lasse Rieß,de GER,GK,Mainz 05,23-288,2001,2.0,90,66,89,1,0,0,90,0,0,,0,,61,287,138,0,0,0,0,0,47,0,Matches
356,Lars Ritzka,de GER,"DF,MF",St. Pauli,27-004,1998,8.7,494,34,176,221,98,5,494,1,0,0.0,1,100.0,138,569,345,7,5,0,6,4,226,29,Matches
357,Mads Roerslev,dk DEN,DF,Wolfsburg,25-321,1999,3.3,215,17,78,92,47,2,215,6,2,33.3,4,66.7,102,508,255,7,5,1,2,6,129,18,Matches
358,Merlin Röhl,de GER,"MF,FW",Freiburg,22-310,2002,10.6,388,5,44,189,162,28,388,39,12,30.8,24,61.5,212,1411,597,20,15,9,45,21,252,59,Matches
359,Lasse Rosenboom,de GER,DF,Holstein Kiel,23-112,2002,18.3,742,72,300,282,166,35,742,19,7,36.8,11,57.9,276,1396,565,19,13,3,35,13,323,50,Matches
360,Max Rosenfelder,de GER,DF,Freiburg,22-090,2003,13.1,776,93,359,367,59,10,776,24,14,58.3,9,37.5,428,2562,1360,20,13,4,4,1,482,16,Matches
361,Tom Rothe,de GER,"DF,MF",Union Berlin,20-194,2004,17.6,1021,57,290,392,342,38,1021,19,5,26.3,14,73.7,427,1944,839,25,11,3,23,31,492,91,Matches
362,Anthony Rouault,fr FRA,DF,Stuttgart,23-347,2001,13.5,1014,125,512,476,33,11,1014,5,2,40.0,3,60.0,573,2545,1121,6,6,0,4,4,697,4,Matches
363,Jérôme Roussillon,fr FRA,"DF,MF",Union Berlin,32-125,1993,1.5,96,11,21,42,33,5,96,3,1,33.3,2,66.7,40,182,78,2,2,1,2,1,43,7,Matches
364,Julian Ryerson,no NOR,DF,Dortmund,27-175,1997,23.1,1565,37,370,768,451,29,1565,58,33,56.9,21,36.2,940,5116,2571,58,36,8,39,18,1008,124,Matches
365,Frederik Rønnow,dk DEN,GK,Union Berlin,32-280,1992,28.0,980,758,965,16,1,1,980,1,1,100.0,0,0.0,564,3151,1976,0,0,0,1,0,425,0,Matches
366,Elias Saad,tn TUN,"FW,MF",St. Pauli,25-135,1999,10.0,427,3,42,169,224,44,427,54,16,29.6,26,48.1,301,1897,843,29,23,14,57,36,319,76,Matches
367,Marcel Sabitzer,at AUT,"MF,FW",Dortmund,31-055,1994,16.5,899,37,127,518,259,28,899,12,4,33.3,8,66.7,490,2113,1029,20,28,2,21,12,612,64,Matches
368,Faik Sakar,de GER,MF,RB Leipzig,17-117,2008,0.0,0,0,0,0,0,0,0,0,0,,0,,0,0,0,0,0,0,0,0,0,0,Matches
369,Manolis Saliakas,gr GRE,"MF,DF",St. Pauli,28-241,1996,24.0,1480,70,420,652,413,29,1480,9,3,33.3,5,55.6,617,2293,1245,27,33,2,6,6,830,78,Matches
370,Roland Sallai,hu HUN,"FW,MF",Freiburg,27-354,1997,0.5,25,0,3,7,15,2,25,1,0,0.0,1,100.0,16,173,88,4,1,2,1,1,18,2,Matches
371,Diadie Samassékou,ml MLI,MF,Hoffenheim,29-120,1996,3.2,190,8,36,114,42,1,190,5,4,80.0,1,20.0,92,317,112,3,3,0,1,3,122,2,Matches
372,Philipp Sander,de GER,MF,Gladbach,27-079,1998,14.8,878,51,247,502,139,16,878,18,11,61.1,6,33.3,447,2120,920,13,13,4,15,7,541,26,Matches
373,James Sands,us USA,"MF,DF",St. Pauli,24-309,2000,5.0,259,12,63,148,49,6,259,1,1,100.0,0,0.0,119,413,146,0,0,0,3,3,152,6,Matches
374,Leroy Sané,de GER,FW,Bayern Munich,29-120,1996,17.9,1165,8,64,391,728,117,1165,98,39,39.8,53,54.1,773,4873,2223,74,47,36,63,26,939,263,Matches
375,Kaishu Sano,jp JPN,MF,Mainz 05,24-132,2000,32.8,1776,67,403,1058,336,38,1776,50,31,62.0,16,32.0,873,4550,2188,51,41,9,39,31,1012,46,Matches
Rk,Player,Nation,Pos,Squad,Age,Born,90s,Touches,Def Pen,Def 3rd,Mid 3rd,Att 3rd,Att Pen,Live,Att,Succ,Succ%,Tkld,Tkld%,Carries,TotDist,PrgDist,PrgC,1/3,CPA,Mis,Dis,Rec,PrgR,Matches
376,Kauã Santos,br BRA,GK,Eint Frankfurt,22-030,2003,8.5,326,280,325,1,0,0,326,0,0,,0,,191,845,553,0,0,0,0,0,153,0,Matches
377,Joe Scally,us USA,DF,Gladbach,22-131,2002,28.4,1827,106,696,837,308,21,1827,59,31,52.5,26,44.1,968,5358,2608,50,26,3,25,23,1147,65,Matches
378,András Schäfer,hu HUN,MF,Union Berlin,26-028,1999,16.4,771,36,177,393,207,20,771,27,13,48.1,12,44.4,350,1673,694,23,16,4,24,9,389,41,Matches
379,Patrik Schick,cz CZE,FW,Leverkusen,29-107,1996,17.4,543,13,46,223,278,104,543,24,10,41.7,13,54.2,300,1000,245,6,2,6,39,29,426,103,Matches
380,Stefan Schimmer,de GER,"FW,MF",Heidenheim,31-013,1994,2.7,84,5,7,33,44,15,84,1,0,0.0,1,100.0,38,133,23,0,0,0,5,0,48,15,Matches
381,Xaver Schlager,at AUT,MF,RB Leipzig,27-225,1997,2.0,123,5,30,80,14,1,123,1,1,100.0,0,0.0,56,310,225,5,0,0,3,2,89,2,Matches
382,Keven Schlotterbeck,de GER,DF,Augsburg,28-013,1997,14.4,845,101,395,394,59,19,845,3,3,100.0,0,0.0,424,1437,731,3,5,0,8,0,510,2,Matches
383,Nico Schlotterbeck,de GER,DF,Dortmund,25-161,1999,22.0,2297,193,831,1338,150,21,2297,22,14,63.6,5,22.7,1467,6646,4107,37,30,1,12,10,1674,14,Matches
384,Romano Schmid,at AUT,MF,Werder Bremen,25-104,2000,30.5,1917,25,234,903,804,101,1917,91,41,45.1,45,49.5,1263,6652,3679,102,73,28,73,53,1445,200,Matches
385,Jan Schöppner,de GER,MF,Heidenheim,25-333,1999,29.3,1420,102,403,710,318,62,1420,32,14,43.8,18,56.3,696,3750,1973,34,26,5,40,24,789,48,Matches
386,Marvin Schulz,de GER,"MF,DF",Holstein Kiel,30-116,1995,3.4,220,22,91,100,32,1,220,4,1,25.0,2,50.0,95,536,300,5,4,1,8,2,114,2,Matches
387,Alexander Schwolow,de GER,GK,Union Berlin,32-343,1992,5.0,168,135,168,0,0,0,168,0,0,,0,,113,511,269,0,0,0,0,0,98,0,Matches
388,Léo Scienza,br BRA,"FW,MF",Heidenheim,26-240,1998,12.3,549,8,68,234,265,42,549,79,35,44.3,34,43.0,341,3144,1986,64,36,17,39,13,342,81,Matches
389,Nicolas Seiwald,at AUT,"MF,DF",RB Leipzig,24-007,2001,22.2,1540,99,414,912,223,8,1540,9,4,44.4,5,55.6,715,2667,1326,17,18,2,9,7,981,30,Matches
390,Benjamin Šeško,si SVN,"FW,MF",RB Leipzig,21-345,2003,26.4,900,25,90,472,357,91,898,75,39,52.0,32,42.7,442,2664,1225,47,29,14,66,54,689,141,Matches
391,Armindo Sieb,de GER,"FW,MF",Mainz 05,22-083,2003,8.5,333,4,33,147,156,46,333,36,11,30.6,24,66.7,184,1187,551,28,7,8,33,25,238,64,Matches
392,Tim Siersleben,de GER,DF,Heidenheim,25-063,2000,12.1,778,105,464,273,45,7,778,5,3,60.0,2,40.0,435,1917,915,8,8,1,5,3,495,7,Matches
393,Kiliann Sildillia,fr FRA,DF,Freiburg,22-360,2002,8.9,576,38,191,276,111,11,576,9,6,66.7,2,22.2,253,1207,553,11,10,2,8,6,315,34,Matches
394,André Silva,pt POR,FW,Werder Bremen,29-186,1995,4.2,176,4,11,78,89,26,174,16,1,6.3,12,75.0,103,529,199,6,6,4,13,9,124,28,Matches
395,André Silva,pt POR,"FW,MF",RB Leipzig,29-186,1995,1.5,65,3,11,22,34,10,64,0,0,,0,,35,291,152,6,1,3,6,1,39,11,Matches
396,Mohamed Simakan,fr FRA,DF,RB Leipzig,25-008,2000,0.6,52,0,9,35,9,2,52,1,0,0.0,0,0.0,27,130,70,3,1,0,0,0,39,4,Matches
397,Xavi Simons,nl NED,MF,RB Leipzig,22-020,2003,22.9,1486,12,145,739,632,74,1486,97,31,32.0,55,56.7,821,4950,2602,80,67,20,70,53,1053,169,Matches
398,Danel Sinani,lu LUX,"FW,MF",St. Pauli,28-036,1997,12.2,606,9,56,287,267,27,606,19,8,42.1,8,42.1,260,1265,525,13,12,5,29,14,383,58,Matches
399,Tobias Sippel,de GER,GK,Gladbach,37-050,1988,0.7,34,27,34,0,0,0,34,0,0,,0,,16,111,64,0,0,0,0,0,14,0,Matches
400,Ibrahima Sissoko,ml MLI,MF,Bochum,27-196,1997,28.4,1391,76,354,761,300,51,1391,61,32,52.5,26,42.6,675,3503,1514,34,24,3,39,32,767,69,Matches
Rk,Player,Nation,Pos,Squad,Age,Born,90s,Touches,Def Pen,Def 3rd,Mid 3rd,Att 3rd,Att Pen,Live,Att,Succ,Succ%,Tkld,Tkld%,Carries,TotDist,PrgDist,PrgC,1/3,CPA,Mis,Dis,Rec,PrgR,Matches
401,Tim Skarke,de GER,"FW,MF",Union Berlin,28-246,1996,12.1,465,10,66,193,210,31,465,24,10,41.7,13,54.2,278,1371,551,26,13,10,34,21,322,92,Matches
402,Ellyes Skhiri,tn TUN,MF,Eint Frankfurt,30-001,1995,23.1,1461,82,425,846,195,18,1461,14,11,78.6,2,14.3,779,3428,1607,17,15,2,24,7,992,25,Matches
403,Leo Skiri Østigård,no NOR,DF,Hoffenheim,25-164,1999,9.3,699,103,329,355,17,10,699,3,2,66.7,1,33.3,314,1479,617,0,0,0,1,1,348,0,Matches
404,Andreas Skov Olsen,dk DEN,"FW,MF",Wolfsburg,25-133,1999,5.6,318,8,62,108,149,25,318,13,4,30.8,8,61.5,180,1044,535,20,10,6,7,5,218,45,Matches
405,Robert Skov,dk DEN,"DF,MF",Union Berlin,28-356,1996,9.5,564,19,111,261,200,23,563,17,5,29.4,11,64.7,263,1450,760,25,11,8,21,3,291,45,Matches
406,Steven Skrzybski,de GER,"MF,FW",Holstein Kiel,32-174,1992,14.2,603,9,94,301,218,45,602,22,13,59.1,9,40.9,304,1262,540,17,16,6,38,22,387,70,Matches
407,Eric Smith,se SWE,"DF,MF",St. Pauli,28-123,1997,29.4,1840,157,646,912,299,8,1840,5,3,60.0,2,40.0,785,3544,1641,16,17,0,11,6,1040,11,Matches
408,Anton Stach,de GER,"MF,DF",Hoffenheim,26-177,1998,27.8,1886,140,565,1054,287,31,1886,34,15,44.1,18,52.9,980,5128,2912,33,31,5,20,10,1114,34,Matches
409,Jens Stage,dk DEN,MF,Werder Bremen,28-184,1996,23.7,1230,43,301,631,308,80,1230,17,8,47.1,8,47.1,648,2591,1212,28,24,6,26,9,807,88,Matches
410,Josip Stanišić,hr CRO,DF,Bayern Munich,25-039,2000,8.7,769,52,200,429,151,10,769,7,5,71.4,2,28.6,450,2366,1478,20,20,3,10,4,533,29,Matches
411,Niklas Stark,de GER,DF,Werder Bremen,30-027,1995,22.4,1513,155,789,677,48,14,1513,1,1,100.0,0,0.0,862,3468,1509,7,3,0,6,0,977,3,Matches
412,Pascal Stenzel,de GER,DF,Stuttgart,29-052,1996,2.4,184,6,50,82,53,6,184,0,0,,0,,95,342,142,2,3,0,1,0,105,14,Matches
413,Leonidas Stergiou,ch SUI,DF,Stuttgart,23-069,2002,9.5,642,32,171,322,152,9,642,6,4,66.7,2,33.3,339,1536,640,11,13,2,6,4,376,32,Matches
414,Finley Stevens,wls WAL,DF,St. Pauli,22-031,2003,0.0,2,0,0,1,1,0,2,0,0,,0,,1,3,2,0,0,0,0,0,1,0,Matches
415,Angelo Stiller,de GER,MF,Stuttgart,24-037,2001,30.3,2760,75,479,1739,555,35,2760,30,20,66.7,10,33.3,1572,7143,3681,39,39,3,21,25,2093,69,Matches
416,Kevin Stöger,at AUT,MF,Gladbach,31-257,1993,17.0,1296,31,186,658,458,34,1294,35,16,45.7,15,42.9,687,3577,1680,39,37,5,27,23,895,93,Matches
417,Niklas Süle,de GER,DF,Dortmund,29-250,1995,9.8,876,89,388,443,49,9,876,7,3,42.9,4,57.1,557,2368,1255,12,7,0,2,0,672,8,Matches
418,Mattias Svanberg,se SWE,MF,Wolfsburg,26-126,1999,13.5,520,27,115,249,163,25,520,25,10,40.0,13,52.0,235,1082,489,11,17,1,19,10,279,39,Matches
419,Daniel Svensson,se SWE,"DF,FW",Dortmund,23-088,2002,6.7,430,20,116,169,148,20,430,4,1,25.0,2,50.0,227,851,425,6,4,1,2,5,266,33,Matches
420,Haris Tabakovic,ba BIH,FW,Hoffenheim,30-325,1994,9.1,334,20,40,148,147,50,334,12,4,33.3,8,66.7,165,517,164,4,8,3,25,10,240,45,Matches
421,Jonathan Tah,de GER,DF,Leverkusen,29-089,1996,31.0,2506,209,825,1545,142,42,2506,5,3,60.0,2,40.0,1488,7830,4413,15,22,0,15,9,1819,9,Matches
422,Edmond Tapsoba,bf BFA,DF,Leverkusen,26-098,1999,25.9,2067,131,632,1203,244,23,2067,19,11,57.9,8,42.1,1248,6543,3775,48,37,1,15,5,1470,17,Matches
423,Mathys Tel,fr FRA,"FW,MF",Bayern Munich,20-014,2005,2.8,157,0,15,55,89,14,157,12,6,50.0,6,50.0,109,745,198,6,7,3,4,6,135,34,Matches
424,Nathan Tella,ng NGA,"MF,FW",Leverkusen,25-310,1999,14.0,497,6,45,182,274,60,497,49,19,38.8,23,46.9,292,1582,740,34,13,13,38,15,371,126,Matches
425,Martin Terrier,fr FRA,"MF,FW",Leverkusen,28-068,1997,6.5,250,3,13,107,131,35,250,4,2,50.0,2,50.0,129,578,276,11,4,4,11,6,205,35,Matches
Rk,Player,Nation,Pos,Squad,Age,Born,90s,Touches,Def Pen,Def 3rd,Mid 3rd,Att 3rd,Att Pen,Live,Att,Succ,Succ%,Tkld,Tkld%,Carries,TotDist,PrgDist,PrgC,1/3,CPA,Mis,Dis,Rec,PrgR,Matches
426,Arthur Theate,be BEL,DF,Eint Frankfurt,24-351,2000,28.0,2024,229,849,1000,191,29,2024,11,9,81.8,2,18.2,1202,5581,3036,44,32,1,19,7,1302,23,Matches
427,Norman Theuerkauf,de GER,MF,Heidenheim,38-107,1987,0.2,21,0,4,14,3,1,21,0,0,,0,,8,18,10,0,0,0,0,0,13,0,Matches
428,Denis Thomalla,de GER,MF,Heidenheim,32-268,1992,0.0,1,0,0,1,0,0,1,0,0,,0,,1,8,0,0,0,0,0,0,0,0,Matches
429,Phillip Tietz,de GER,FW,Augsburg,27-306,1997,17.6,628,22,65,277,295,80,627,30,15,50.0,14,46.7,321,1030,292,7,12,3,42,17,468,105,Matches
430,Umut Tohumcu,de GER,"MF,FW",Hoffenheim,20-273,2004,4.0,161,8,42,85,35,0,161,6,3,50.0,3,50.0,86,319,157,2,2,0,2,7,97,5,Matches
431,John Tolkin,us USA,"DF,MF",Holstein Kiel,22-284,2002,7.2,439,30,188,164,88,5,439,9,4,44.4,4,44.4,158,655,263,6,3,0,5,6,198,11,Matches
432,Tiago Tomás,pt POR,"FW,MF",Wolfsburg,22-329,2002,20.9,782,18,114,342,339,78,782,80,29,36.3,42,52.5,503,2477,987,31,19,14,55,35,556,125,Matches
433,Bazoumana Touré,ci CIV,"FW,MF",Hoffenheim,19-070,2006,6.5,282,4,36,104,149,34,282,21,11,52.4,9,42.9,177,1135,551,23,12,10,34,8,192,52,Matches
434,Lucas Tousart,fr FRA,MF,Union Berlin,28-012,1997,5.9,244,26,73,123,52,19,244,10,5,50.0,5,50.0,87,397,163,4,0,1,8,5,96,13,Matches
435,Omar Traoré,de GER,DF,Heidenheim,27-096,1998,28.1,1646,70,495,746,431,21,1646,62,24,38.7,30,48.4,888,5618,3253,102,52,6,37,20,947,109,Matches
436,Kevin Trapp,de GER,GK,Eint Frankfurt,34-307,1990,23.5,930,805,927,3,0,0,930,0,0,,0,,607,2766,1531,0,0,0,1,0,524,0,Matches
437,Philipp Treu,de GER,"MF,DF",St. Pauli,24-159,2000,30.4,1796,91,547,762,508,44,1796,38,12,31.6,19,50.0,787,4211,2060,56,38,11,33,11,940,115,Matches
438,Christopher Trimmel,at AUT,"DF,MF",Union Berlin,38-076,1987,19.0,950,89,294,415,245,12,950,8,2,25.0,5,62.5,347,1488,630,16,7,2,9,7,406,43,Matches
439,Tuta,br BRA,"DF,MF",Eint Frankfurt,25-311,1999,24.6,1707,214,818,794,100,24,1707,17,13,76.5,4,23.5,965,4314,1782,10,8,2,22,7,1074,10,Matches
440,Lukas Ullrich,de GER,DF,Gladbach,21-056,2004,20.1,1010,76,405,412,203,25,1010,24,8,33.3,13,54.2,495,2436,1164,25,17,4,21,11,573,62,Matches
441,Sven Ulreich,de GER,GK,Bayern Munich,36-281,1988,1.0,30,18,27,3,0,0,30,0,0,,0,,13,55,30,0,0,0,0,0,24,0,Matches
442,Deniz Undav,de GER,"FW,MF",Stuttgart,28-296,1996,17.2,690,11,54,326,320,99,690,21,8,38.1,12,57.1,400,1812,835,30,17,11,49,28,538,123,Matches
443,Dayot Upamecano,fr FRA,DF,Bayern Munich,26-196,1998,19.5,2101,96,626,1364,116,17,2101,6,3,50.0,3,50.0,1440,7122,4165,17,27,0,6,4,1632,4,Matches
444,Jonas Urbig,de GER,GK,Bayern Munich,21-276,2003,8.0,310,202,296,14,1,0,310,0,0,,0,,201,924,580,0,0,0,1,0,194,0,Matches
445,Can Uzun,tr TUR,"MF,FW",Eint Frankfurt,19-181,2005,7.2,376,4,33,178,168,30,376,19,9,47.4,8,42.1,250,1218,475,9,13,4,19,14,299,41,Matches
446,Josha Vagnoman,de GER,"DF,MF",Stuttgart,24-151,2000,19.2,1043,59,301,458,289,35,1043,28,8,28.6,17,60.7,498,2365,901,23,18,10,26,19,635,93,Matches
447,Siebe Van Der Heyden,be BEL,"DF,MF",St. Pauli,26-346,1998,9.3,564,52,242,260,65,11,564,5,1,20.0,4,80.0,247,1112,517,7,6,0,3,4,334,24,Matches
448,Maarten Vandevoordt,be BEL,GK,RB Leipzig,23-074,2002,4.8,185,131,174,11,0,0,185,0,0,,0,,99,480,280,0,0,0,0,0,87,0,Matches
449,Ruben Vargas,ch SUI,"MF,FW",Augsburg,26-279,1998,3.4,179,2,14,75,91,12,179,12,6,50.0,5,41.7,109,706,285,9,3,1,11,7,137,24,Matches
450,Nikola Vasilj,ba BIH,GK,St. Pauli,29-160,1995,32.0,1449,1022,1428,22,0,0,1449,1,1,100.0,0,0.0,885,4426,2496,0,0,0,0,0,890,0,Matches
Rk,Player,Nation,Pos,Squad,Age,Born,90s,Touches,Def Pen,Def 3rd,Mid 3rd,Att 3rd,Att Pen,Live,Att,Succ,Succ%,Tkld,Tkld%,Carries,TotDist,PrgDist,PrgC,1/3,CPA,Mis,Dis,Rec,PrgR,Matches
451,Denis Vavro,sk SVK,DF,Wolfsburg,29-031,1996,26.3,1858,293,965,827,72,20,1858,6,3,50.0,3,50.0,1012,3998,1662,8,12,2,8,1,1118,3,Matches
452,Miloš Veljković,rs SRB,DF,Werder Bremen,29-227,1995,11.4,738,67,327,368,45,5,738,0,0,,0,,460,2047,1146,9,6,0,2,2,507,2,Matches
453,Nikolas Veratschnig,at AUT,"DF,MF",Mainz 05,22-107,2003,3.8,187,7,35,67,87,14,187,11,2,18.2,7,63.6,88,405,200,7,3,2,7,3,93,26,Matches
454,Arthur Vermeeren,be BEL,MF,RB Leipzig,20-093,2005,16.6,1066,44,243,641,193,6,1066,14,6,42.9,8,57.1,506,2089,957,14,15,1,18,12,719,19,Matches
455,Yorbe Vertessen,be BEL,"MF,FW",Union Berlin,24-123,2001,8.0,342,5,41,130,174,26,342,51,19,37.3,27,52.9,194,1227,503,18,14,4,28,17,227,42,Matches
456,Gabriel Vidovic,hr CRO,MF,Bayern Munich,21-161,2003,0.2,10,0,2,5,3,1,10,0,0,,0,,8,43,2,0,0,0,0,0,6,2,Matches
457,Gabriel Vidovic,hr CRO,MF,Mainz 05,21-161,2003,0.0,8,0,0,4,4,1,8,0,0,,0,,3,13,5,0,0,0,1,0,5,2,Matches
458,Kevin Vogt,de GER,DF,Union Berlin,33-230,1991,15.2,1030,139,524,508,10,2,1029,5,4,80.0,1,20.0,560,2491,1303,11,3,1,5,2,619,2,Matches
459,Kevin Volland,de GER,"FW,MF",Union Berlin,32-285,1992,0.7,20,0,1,10,9,4,20,0,0,,0,,12,10,3,0,0,0,1,2,14,4,Matches
460,Aster Vranckx,be BEL,MF,Wolfsburg,22-219,2002,6.2,276,30,94,149,37,4,276,6,5,83.3,1,16.7,123,487,206,5,2,0,13,5,144,6,Matches
461,Robert Wagner,de GER,MF,St. Pauli,21-301,2003,4.4,176,9,41,97,39,3,176,2,1,50.0,1,50.0,55,201,71,1,2,0,4,6,88,9,Matches
462,Elye Wahi,fr FRA,"FW,MF",Eint Frankfurt,22-129,2003,2.2,61,1,4,20,38,13,61,8,6,75.0,1,12.5,40,215,87,4,2,3,7,2,47,19,Matches
463,Hauke Wahl,de GER,DF,St. Pauli,31-026,1994,31.0,1968,228,909,974,98,27,1968,10,8,80.0,2,20.0,978,5863,3637,28,14,1,10,8,1225,10,Matches
464,Paul Wanner,de GER,"MF,FW",Heidenheim,19-139,2005,18.7,881,18,132,445,325,41,880,56,24,42.9,28,50.0,473,2505,1076,27,29,6,42,36,537,61,Matches
465,Kjell-Arik Wätjen,de GER,MF,Dortmund,19-084,2006,0.2,12,2,5,4,3,0,12,0,0,,0,,4,14,4,0,0,0,2,0,5,0,Matches
466,Julian Weigl,de GER,MF,Gladbach,29-245,1995,31.0,2006,122,693,1146,182,9,2006,8,7,87.5,0,0.0,1016,3842,1701,11,14,1,13,10,1364,9,Matches
467,Timon Weiner,de GER,GK,Holstein Kiel,26-113,1999,25.0,1068,936,1064,4,0,0,1068,0,0,,0,,540,2561,1144,0,0,0,0,0,531,0,Matches
468,Nelson Weiper,de GER,"FW,MF",Mainz 05,20-055,2005,7.8,310,5,22,127,163,50,310,21,10,47.6,11,52.4,148,674,232,11,6,5,54,11,212,61,Matches
469,Mitchell Weiser,de GER,"DF,MF",Werder Bremen,31-020,1994,30.9,1892,60,386,907,620,105,1892,84,35,41.7,41,48.8,962,4127,2093,64,42,13,71,35,1168,193,Matches
470,Noah Weißhaupt,de GER,"FW,MF",St. Pauli,23-233,2001,12.2,482,6,59,183,248,40,482,37,13,35.1,16,43.2,285,1868,928,37,25,14,37,11,331,89,Matches
471,Noah Weißhaupt,de GER,FW,Freiburg,23-233,2001,0.9,59,1,4,18,37,5,59,4,1,25.0,2,50.0,49,362,210,8,7,4,3,0,52,10,Matches
472,Silvan Widmer,ch SUI,DF,Mainz 05,32-067,1993,5.6,362,26,101,145,118,12,362,4,0,0.0,4,100.0,145,466,108,2,3,1,8,3,189,36,Matches
473,Patrick Wimmer,at AUT,"MF,FW",Wolfsburg,23-346,2001,19.0,885,20,159,398,348,61,885,68,37,54.4,28,41.2,484,2874,1451,43,39,13,40,26,508,71,Matches
474,Jonas Wind,dk DEN,"FW,MF",Wolfsburg,26-093,1999,21.8,810,17,63,426,325,88,808,20,6,30.0,12,60.0,450,1534,496,17,10,12,55,28,637,94,Matches
475,Florian Wirtz,de GER,"MF,FW",Leverkusen,22-008,2003,24.1,1943,7,113,756,1097,127,1939,156,77,49.4,74,47.4,1130,6492,3355,121,68,49,54,45,1534,292,Matches
Rk,Player,Nation,Pos,Squad,Age,Born,90s,Touches,Def Pen,Def 3rd,Mid 3rd,Att 3rd,Att Pen,Live,Att,Succ,Succ%,Tkld,Tkld%,Carries,TotDist,PrgDist,PrgC,1/3,CPA,Mis,Dis,Rec,PrgR,Matches
476,Dani de Wit,nl NED,"MF,FW",Bochum,27-103,1998,12.7,546,27,96,305,145,37,546,8,1,12.5,5,62.5,239,811,313,5,4,0,11,3,304,36,Matches
477,Maximilian Wittek,de GER,DF,Bochum,29-263,1995,29.1,1835,101,496,856,499,20,1835,30,12,40.0,14,46.7,752,3412,1748,46,43,7,34,12,839,80,Matches
478,Marius Wolf,de GER,DF,Augsburg,29-349,1995,23.2,1368,53,293,565,528,45,1368,42,19,45.2,21,50.0,597,2427,1326,36,19,8,23,15,737,89,Matches
479,Nick Woltemade,de GER,"FW,MF",Stuttgart,23-086,2002,16.1,723,17,54,303,375,141,720,66,30,45.5,34,51.5,432,2048,850,24,26,19,78,46,575,130,Matches
480,Jeong Woo-yeong,kr KOR,"MF,FW",Union Berlin,25-233,1999,14.0,621,12,79,261,296,34,621,21,12,57.1,8,38.1,386,2038,1003,32,24,6,23,16,423,93,Matches
481,Granit Xhaka,ch SUI,MF,Leverkusen,32-226,1992,31.2,2969,84,453,1841,688,15,2969,15,7,46.7,8,53.3,1575,5780,2934,42,49,0,17,12,2304,71,Matches
482,Erencan Yardimci,tr TUR,"FW,MF",Hoffenheim,23-096,2002,3.5,99,4,9,51,39,12,99,0,0,,0,,41,147,87,4,4,1,13,3,67,12,Matches
483,Dan-Axel Zagadou,fr FRA,"DF,MF",Stuttgart,25-342,1999,0.3,12,1,10,2,0,0,12,0,0,,0,,6,11,1,0,1,0,0,0,9,0,Matches
484,David Zec,si SVN,DF,Holstein Kiel,25-126,2000,16.1,1006,190,620,355,38,24,1006,9,5,55.6,4,44.4,513,2227,1148,3,3,1,11,5,610,2,Matches
485,Robin Zentner,de GER,GK,Mainz 05,30-195,1994,31.0,1261,923,1230,30,1,1,1261,0,0,,0,,736,3638,2028,0,0,0,2,0,651,0,Matches
486,Cedric Zesiger,ch SUI,DF,Augsburg,26-321,1998,11.7,646,90,299,293,55,7,646,4,1,25.0,3,75.0,325,1463,672,4,9,0,7,3,346,7,Matches
487,Cedric Zesiger,ch SUI,DF,Wolfsburg,26-321,1998,5.8,303,48,153,131,19,0,303,3,3,100.0,0,0.0,135,653,299,3,0,0,1,1,154,2,Matches
488,Michael Zetterer,de GER,GK,Werder Bremen,29-303,1995,33.0,1347,1116,1330,18,0,0,1347,1,1,100.0,0,0.0,964,6292,3211,0,0,0,0,0,802,0,Matches
489,Budu Zivzivadze,ge GEO,FW,Heidenheim,31-062,1994,10.1,314,7,25,149,143,35,314,26,8,30.8,16,61.5,176,786,293,10,10,2,27,14,208,41,Matches
