Unnamed: 0_level_0,Unnamed: 1_level_0,Unnamed: 2_level_0,Unnamed: 3_level_0,Unnamed: 4_level_0,Unnamed: 5_level_0,Unnamed: 6_level_0,Unnamed: 7_level_0,Performance,Performance,Performance,Performance,Performance,Performance,Performance,Performance,Performance,Performance,Performance,Performance,Performance,Aerial Duels,Aerial Duels,Aerial Duels,Unnamed: 24_level_0
Rk,Player,Nation,Pos,Squad,Age,Born,90s,CrdY,CrdR,2CrdY,Fls,Fld,Off,Crs,Int,TklW,PKwon,PKcon,OG,Recov,Won,Lost,Won%,Matches
1,Max Aarons,eng ENG,"DF,MF",Valencia,25-128,2000,1.2,1,0,0,0,1,0,2,0,3,0,0,0,5,2,1,66.7,Matches
2,Rodrigo Abajas,es ESP,DF,Valencia,22-000,2003,0.7,1,0,0,2,0,1,1,1,2,0,0,0,2,0,1,0.0,Matches
3,Abel,es ESP,DF,Osasuna,24-264,2000,22.4,3,0,0,24,32,3,83,18,35,0,1,0,105,19,17,52.8,Matches
4,Nabil Aberdin,fr FRA,MF,Getafe,22-262,2002,2.9,1,0,0,7,6,0,0,0,4,0,0,0,8,10,3,76.9,Matches
5,Abdel Abqar,ma MAR,DF,Alavés,26-063,1999,27.4,13,0,0,47,31,2,5,39,23,1,2,0,87,40,35,53.3,Matches
6,Akor Adams,ng NGA,FW,Sevilla,25-103,2000,1.5,0,0,0,1,0,1,0,0,0,0,0,0,4,6,10,37.5,Matches
7,Adrián,es ESP,GK,Betis,38-129,1987,15.0,3,0,0,0,3,0,0,0,0,0,0,0,14,2,1,66.7,Matches
8,Julen Agirrezabala,es ESP,GK,Athletic Club,24-137,2000,13.4,1,1,0,3,1,0,0,0,0,0,2,0,21,5,0,100.0,Matches
9,Lucien Agoume,fr FRA,MF,Sevilla,23-092,2002,20.5,4,1,0,42,6,2,14,35,25,0,1,0,117,40,37,51.9,Matches
10,Álvaro Aguado,es ESP,MF,Espanyol,29-011,1996,4.8,3,0,0,5,7,0,12,4,2,0,0,0,35,3,2,60.0,Matches
11,Lorenzo Aguado,es ESP,DF,Real Madrid,22-235,2002,0.1,0,0,0,0,0,0,0,0,0,0,0,0,0,0,0,,Matches
12,Nayef Aguerd,ma MAR,DF,Real Sociedad,29-043,1996,19.6,5,0,0,11,19,0,2,13,24,0,1,0,73,61,32,65.6,Matches
13,Joseph Aidoo,gh GHA,DF,Valladolid,29-225,1995,6.0,0,0,0,2,2,0,0,4,5,0,0,0,25,6,8,42.9,Matches
14,Joseph Aidoo,gh GHA,DF,Celta Vigo,29-225,1995,0.0,0,0,0,0,0,0,0,0,0,0,0,0,1,0,0,,Matches
15,Ilias Akhomach,ma MAR,"MF,FW",Villarreal,21-026,2004,6.5,1,0,0,9,21,1,18,3,7,0,0,0,30,6,6,50.0,Matches
16,David Alaba,at AUT,DF,Real Madrid,32-322,1992,3.5,1,0,0,2,0,0,3,6,0,0,0,0,8,4,1,80.0,Matches
17,Raúl Albiol,es ESP,DF,Villarreal,39-250,1985,13.2,5,0,0,11,6,0,0,6,9,0,2,1,44,29,14,67.4,Matches
18,Omar Alderete,py PAR,DF,Getafe,28-137,1996,31.0,8,0,0,32,10,8,6,37,27,1,4,0,112,96,48,66.7,Matches
19,Carles Aleñá,es ESP,"MF,FW",Getafe,27-127,1998,5.0,1,0,0,8,11,2,6,0,3,0,0,0,12,10,9,52.6,Matches
20,Carles Aleñá,es ESP,"MF,FW",Alavés,27-127,1998,8.5,1,0,0,7,19,0,24,2,10,0,0,0,31,7,6,53.8,Matches
21,Alfon,es ESP,"FW,MF",Celta Vigo,26-008,1999,13.5,1,1,0,15,27,6,35,4,2,1,0,0,35,3,12,20.0,Matches
22,Tadeo Allende,ar ARG,FW,Celta Vigo,26-081,1999,0.0,1,0,0,0,0,0,0,0,0,0,0,0,1,0,0,,Matches
23,Domingos André Ribeiro Almeida,pt POR,"MF,FW",Valencia,24-347,2000,20.2,2,0,0,27,34,2,60,8,30,0,0,0,80,4,15,21.1,Matches
24,Iker Almena,es ESP,"FW,DF",Girona,21-008,2004,0.5,0,0,0,0,1,0,4,0,0,0,0,0,2,0,0,,Matches
25,Marcos Alonso,es ESP,DF,Celta Vigo,34-135,1990,27.5,9,2,1,29,27,2,38,34,20,0,1,0,166,62,41,60.2,Matches
Rk,Player,Nation,Pos,Squad,Age,Born,90s,CrdY,CrdR,2CrdY,Fls,Fld,Off,Crs,Int,TklW,PKwon,PKcon,OG,Recov,Won,Lost,Won%,Matches
26,Adrià Altimira,es ESP,"DF,FW",Leganés,24-045,2001,14.1,5,0,0,24,21,3,17,14,16,0,1,0,56,9,16,36.0,Matches
27,Sergi Altimira,es ESP,MF,Betis,23-260,2001,19.5,3,0,0,31,31,0,4,20,32,1,0,0,104,10,19,34.5,Matches
28,Hugo Álvarez,es ESP,"MF,DF",Celta Vigo,21-314,2003,17.3,6,0,0,24,16,3,31,8,9,0,1,0,78,6,11,35.3,Matches
29,Julián Álvarez,ar ARG,FW,Atlético Madrid,25-101,2000,25.2,5,0,0,26,7,7,60,0,16,0,0,0,69,13,31,29.5,Matches
30,Yeray Álvarez,es ESP,DF,Athletic Club,30-108,1995,17.8,4,0,0,12,14,0,3,33,13,0,0,0,75,39,31,55.7,Matches
31,Selim Amallah,ma MAR,MF,Valladolid,28-178,1996,14.8,6,0,0,30,26,1,31,14,17,0,0,0,68,5,16,23.8,Matches
32,Amath,sn SEN,"FW,DF",Valladolid,28-300,1996,3.9,1,0,0,3,5,2,6,2,0,0,0,0,12,1,6,14.3,Matches
33,Marcos André,br BRA,FW,Valladolid,28-204,1996,13.2,5,0,0,12,28,5,1,3,6,0,0,0,44,47,44,51.6,Matches
34,Leandro Antonetti,pr PUR,FW,Sevilla,22-119,2003,0.1,0,0,0,0,0,0,0,0,0,0,0,0,1,0,0,,Matches
35,Antoniu,es ESP,"MF,FW",Espanyol,22-249,2002,9.8,3,0,0,18,20,4,18,7,9,0,0,0,33,6,14,30.0,Matches
36,Antony,br BRA,FW,Betis,25-077,2000,12.2,1,1,0,9,22,0,32,9,7,1,0,0,61,4,12,25.0,Matches
37,Anuar,ma MAR,"MF,FW",Valladolid,30-117,1995,16.8,7,0,0,28,39,9,19,15,24,1,0,0,62,20,31,39.2,Matches
38,Aritz Arambarri,es ESP,DF,Leganés,27-101,1998,2.0,0,0,0,0,0,0,0,3,1,0,0,0,4,6,8,42.9,Matches
39,Mauro Arambarri,uy URU,MF,Getafe,29-224,1995,26.9,10,0,0,47,50,3,14,13,26,0,0,0,119,55,50,52.4,Matches
40,Jon Aramburu,ve VEN,DF,Real Sociedad,22-293,2002,25.7,8,0,0,49,40,3,42,28,67,0,1,0,120,38,31,55.1,Matches
41,Ronald Araújo,uy URU,DF,Barcelona,26-066,1999,7.1,2,0,0,9,3,0,0,8,9,0,0,0,23,30,18,62.5,Matches
42,Adu Ares,es ESP,FW,Athletic Club,23-212,2001,0.2,0,0,0,0,0,0,1,0,0,0,0,0,1,0,0,,Matches
43,Jesús Areso,es ESP,DF,Osasuna,25-314,1999,30.2,7,0,0,30,17,7,147,8,34,0,0,0,105,25,17,59.5,Matches
44,David Argüelles,es ESP,MF,Getafe,23-131,2002,0.1,0,0,0,0,0,0,0,0,0,0,0,0,0,0,0,,Matches
45,José Arnaiz,es ESP,"MF,FW",Osasuna,30-027,1995,1.4,0,0,0,0,5,3,13,3,4,0,0,0,15,1,3,25.0,Matches
46,Sergio Arribas,es ESP,DF,Betis,22-091,2003,1.0,0,0,0,0,0,0,0,3,4,0,0,0,3,1,0,100.0,Matches
47,Takuma Asano,jp JPN,"FW,MF",Mallorca,30-183,1994,11.7,0,0,0,5,15,6,20,6,9,0,0,0,42,5,26,16.1,Matches
48,Raúl Asencio,es ESP,DF,Real Madrid,22-088,2003,15.9,2,0,0,7,18,1,0,12,13,0,0,0,64,27,12,69.2,Matches
49,Iago Aspas,es ESP,"FW,MF",Celta Vigo,37-284,1987,18.2,5,1,1,16,31,5,12,7,8,1,0,0,52,7,8,46.7,Matches
50,Yaser Asprilla,co COL,"FW,MF",Girona,21-174,2003,12.8,2,0,0,10,21,1,78,5,10,0,0,0,49,3,2,60.0,Matches
Rk,Player,Nation,Pos,Squad,Age,Born,90s,CrdY,CrdR,2CrdY,Fls,Fld,Off,Crs,Int,TklW,PKwon,PKcon,OG,Recov,Won,Lost,Won%,Matches
51,Ezequiel Ávila,ar ARG,FW,Betis,31-095,1994,7.5,5,1,0,13,18,5,29,2,3,0,0,0,28,6,8,42.9,Matches
52,Adam Aznou,ma MAR,DF,Valladolid,18-344,2006,8.5,1,0,0,13,13,0,9,9,19,0,0,0,48,8,2,80.0,Matches
53,César Azpilicueta,es ESP,DF,Atlético Madrid,35-257,1989,8.2,1,0,0,7,5,2,3,3,12,0,0,0,22,11,12,47.8,Matches
54,Papa Ba,es ESP,MF,Girona,20-242,2004,0.5,0,0,0,1,4,0,1,0,1,0,0,0,1,0,0,,Matches
55,Loïc Bade,fr FRA,DF,Sevilla,25-031,2000,28.7,6,0,0,24,9,0,8,29,25,0,1,0,134,63,27,70.0,Matches
56,Alex Baena,es ESP,MF,Villarreal,23-296,2001,26.2,9,0,0,40,41,4,195,21,14,0,0,0,135,15,18,45.5,Matches
57,Juma Bah,sl SLE,DF,Valladolid,19-031,2006,9.6,1,0,0,6,6,0,0,12,7,0,0,0,35,31,13,70.5,Matches
58,Eric Bailly,ci CIV,DF,Villarreal,31-030,1994,6.9,2,1,0,7,1,0,0,6,4,0,1,0,19,11,7,61.1,Matches
59,Stefan Bajcetic,es ESP,"MF,DF",Las Palmas,20-202,2004,10.2,4,0,0,20,13,0,4,15,14,0,1,0,59,15,12,55.6,Matches
60,Cédric Bakambu,cd COD,FW,Betis,34-031,1991,6.9,4,0,0,21,6,11,2,0,4,1,0,0,20,12,26,31.6,Matches
61,Alejandro Balde,es ESP,DF,Barcelona,21-206,2003,23.1,2,0,0,14,35,0,65,5,10,0,0,0,108,14,8,63.6,Matches
62,Iván Balliu,al ALB,DF,Rayo Vallecano,33-131,1992,11.0,2,0,0,15,11,1,16,10,12,0,0,0,35,14,21,40.0,Matches
63,Jonathan Bamba,ci CIV,"FW,MF",Celta Vigo,29-047,1996,9.0,1,0,0,7,17,4,25,5,7,0,0,0,52,5,10,33.3,Matches
64,Adrian Baquerin,es ESP,FW,Valladolid,18-069,2007,0.1,0,0,0,0,1,0,0,0,0,0,0,0,1,1,0,100.0,Matches
65,Valentín Barco,ar ARG,"DF,FW",Sevilla,20-293,2004,3.2,0,0,0,7,5,0,24,2,9,0,0,0,16,0,2,0.0,Matches
66,Borna Barišić,hr CRO,DF,Leganés,32-183,1992,0.1,0,0,0,0,0,0,0,0,0,0,0,0,0,0,0,,Matches
67,Kike Barja,es ESP,"FW,MF",Osasuna,28-041,1997,2.9,3,0,0,9,4,1,33,3,4,0,0,0,9,5,5,50.0,Matches
68,Enzo Barrenechea,ar ARG,MF,Valencia,23-355,2001,21.3,6,0,0,23,37,0,3,25,29,1,0,0,101,33,23,58.9,Matches
69,Ander Barrenetxea,es ESP,"MF,FW",Real Sociedad,23-136,2001,12.8,6,0,0,30,12,4,43,11,16,0,1,0,81,7,12,36.8,Matches
70,Pablo Barrios,es ESP,MF,Atlético Madrid,21-331,2003,25.2,4,1,0,27,27,0,24,34,25,0,0,0,129,34,21,61.8,Matches
71,Thierno Barry,fr FRA,FW,Villarreal,22-203,2002,24.3,4,0,0,46,48,19,5,0,8,1,1,0,34,94,48,66.2,Matches
72,Marc Bartra,es ESP,DF,Betis,34-117,1991,20.5,1,0,0,12,12,2,1,30,16,0,1,0,79,42,40,51.2,Matches
73,Aboubacar Bassinga,ci CIV,MF,Las Palmas,19-303,2005,0.0,0,0,0,1,0,0,0,0,0,0,0,0,0,0,0,,Matches
74,Augusto Batalla,ar ARG,GK,Rayo Vallecano,29-012,1996,29.0,6,0,0,1,6,0,0,0,2,0,0,0,44,7,0,100.0,Matches
75,Rafael Bauza,es ESP,MF,Espanyol,20-102,2005,2.0,1,0,0,8,0,0,0,0,3,0,0,0,4,3,2,60.0,Matches
Rk,Player,Nation,Pos,Squad,Age,Born,90s,CrdY,CrdR,2CrdY,Fls,Fld,Off,Crs,Int,TklW,PKwon,PKcon,OG,Recov,Won,Lost,Won%,Matches
76,Sheraldo Becker,sr SUR,"FW,MF",Real Sociedad,30-092,1995,11.1,1,1,0,8,15,9,64,1,2,0,0,0,30,7,16,30.4,Matches
77,Donny van de Beek,nl NED,MF,Girona,28-024,1997,15.8,5,0,0,22,8,3,11,10,18,0,0,0,48,10,9,52.6,Matches
78,Luken Beitia,es ESP,DF,Real Sociedad,20-316,2004,0.1,0,0,0,0,0,0,0,0,1,0,0,0,1,1,0,100.0,Matches
79,Ismael Bekhoucha,ma MAR,"MF,DF",Getafe,20-173,2004,0.3,1,0,0,2,1,0,1,2,0,0,0,0,3,1,1,50.0,Matches
80,Héctor Bellerín,es ESP,DF,Betis,30-054,1995,6.4,1,0,0,6,0,0,10,6,7,0,0,0,13,6,7,46.2,Matches
81,Jude Bellingham,eng ENG,MF,Real Madrid,21-317,2003,24.6,4,1,0,29,59,6,14,25,31,1,0,0,84,25,26,49.0,Matches
82,Fran Beltrán,es ESP,MF,Celta Vigo,26-098,1999,23.9,3,0,0,29,9,0,4,24,30,0,1,0,106,19,22,46.3,Matches
83,Carlos Benavídez,uy URU,MF,Alavés,27-043,1998,4.4,2,0,0,16,6,1,1,8,9,0,0,0,25,6,4,60.0,Matches
84,Iker Benito,es ESP,"FW,MF",Osasuna,22-275,2002,0.4,0,0,0,1,1,0,2,1,0,0,0,0,3,0,1,0.0,Matches
85,Yuri Berchiche,es ESP,DF,Athletic Club,35-091,1990,18.7,4,0,0,14,16,3,39,20,20,0,0,0,98,22,16,57.9,Matches
86,Álex Berenguer,es ESP,"FW,MF",Athletic Club,29-312,1995,23.0,5,0,0,29,29,4,161,9,13,2,0,0,100,23,47,32.9,Matches
87,Marc Bernal,es ESP,MF,Barcelona,17-351,2007,2.7,2,0,0,4,3,0,0,1,6,0,0,0,9,1,6,14.3,Matches
88,Juan Bernat,es ESP,"DF,MF",Villarreal,32-072,1993,2.4,0,0,0,0,2,1,9,1,7,0,0,0,13,5,2,71.4,Matches
89,Juan Bernat,es ESP,"MF,DF",Getafe,32-072,1993,7.7,0,0,0,11,6,1,13,2,12,0,0,0,26,10,13,43.5,Matches
90,Juan Berrocal,es ESP,DF,Getafe,26-008,1999,11.0,7,1,1,16,1,0,0,13,7,0,1,0,34,29,14,67.4,Matches
91,Antonio Blanco,es ESP,MF,Alavés,24-293,2000,26.6,11,1,1,63,24,0,27,39,37,0,0,0,139,27,31,46.6,Matches
92,Daley Blind,nl NED,DF,Girona,35-064,1990,27.9,2,0,0,18,13,1,39,24,24,0,0,0,108,16,23,41.0,Matches
93,Adama Boiro,es ESP,DF,Athletic Club,22-324,2002,11.2,2,0,0,10,8,0,29,12,11,0,0,0,44,15,7,68.2,Matches
94,Enzo Boyomo,cm CMR,DF,Osasuna,23-217,2001,29.2,5,0,0,40,7,0,2,36,37,0,0,0,101,25,34,42.4,Matches
95,Enzo Boyomo,cm CMR,DF,Valladolid,23-217,2001,3.0,0,0,0,3,0,0,0,1,2,0,0,0,11,3,5,37.5,Matches
96,Darko Brašanac,rs SRB,MF,Leganés,33-089,1992,17.3,4,0,0,37,13,4,11,15,11,1,0,0,59,20,38,34.5,Matches
97,Tajon Buchanan,ca CAN,MF,Villarreal,26-093,1999,3.3,2,0,0,10,14,4,16,1,4,0,0,0,20,3,2,60.0,Matches
98,Ante Budimir,hr CRO,FW,Osasuna,33-294,1991,29.1,3,0,0,42,30,14,5,2,9,6,0,0,50,124,124,50.0,Matches
99,Manu Bueno,es ESP,"MF,FW",Sevilla,20-289,2004,1.3,0,0,0,2,3,0,1,0,3,0,0,0,6,0,1,0.0,Matches
100,Endika Buján,es ESP,FW,Athletic Club,22-116,2003,0.1,0,0,0,0,0,0,1,0,0,0,0,0,0,0,0,,Matches
Rk,Player,Nation,Pos,Squad,Age,Born,90s,CrdY,CrdR,2CrdY,Fls,Fld,Off,Crs,Int,TklW,PKwon,PKcon,OG,Recov,Won,Lost,Won%,Matches
101,Pau Cabanes,es ESP,"MF,FW",Villarreal,20-084,2005,1.8,0,0,0,4,7,0,6,3,4,1,0,0,6,1,2,33.3,Matches
102,Pau Cabanes,es ESP,"MF,FW",Alavés,20-084,2005,2.0,1,0,0,5,5,0,12,0,2,0,0,0,11,1,3,25.0,Matches
103,Leandro Cabrera,uy URU,DF,Espanyol,33-329,1991,29.0,3,0,0,22,7,0,15,28,21,1,1,0,75,73,42,63.5,Matches
104,Fernando Calero,es ESP,"DF,MF",Espanyol,29-240,1995,5.3,0,0,0,4,5,0,0,13,6,0,0,0,16,6,11,35.3,Matches
105,Eduardo Camavinga,fr FRA,"MF,DF",Real Madrid,22-183,2002,12.2,2,0,0,21,31,1,2,18,26,0,1,0,90,20,18,52.6,Matches
106,Sergio Camello,es ESP,FW,Rayo Vallecano,24-091,2001,12.6,2,0,0,11,10,2,6,4,3,0,0,0,32,11,26,29.7,Matches
107,José Campaña,es ESP,MF,Las Palmas,31-346,1993,12.4,3,0,0,7,19,0,32,18,15,0,1,0,79,15,4,78.9,Matches
108,Peio Canales,es ESP,"MF,FW",Athletic Club,20-115,2005,2.1,0,0,0,1,2,1,6,2,2,0,0,0,16,0,2,0.0,Matches
109,Antonio Candela,it ITA,DF,Valladolid,25-015,2000,8.6,0,0,0,3,6,1,18,6,6,0,0,0,21,2,6,25.0,Matches
110,Sergi Canós,es ESP,"MF,FW",Valencia,28-099,1997,4.0,3,0,0,12,6,1,18,5,7,0,0,0,20,4,7,36.4,Matches
111,Cárdenas,es ESP,GK,Rayo Vallecano,28-045,1997,6.0,0,0,0,0,1,0,0,0,0,0,0,0,6,0,0,,Matches
112,Irvin Cardona,fr FRA,"FW,MF",Espanyol,27-277,1997,6.7,1,0,0,8,8,5,14,4,5,0,0,0,19,8,11,42.1,Matches
113,Marc Cardona,es ESP,"FW,DF",Las Palmas,29-308,1995,1.2,1,0,0,1,2,0,1,0,1,0,0,0,7,0,5,0.0,Matches
114,Sergi Cardona,es ESP,DF,Villarreal,25-308,1999,31.5,11,0,0,38,26,3,108,35,45,0,1,0,130,40,27,59.7,Matches
115,Johnny Cardoso,us USA,MF,Betis,23-234,2001,21.7,4,0,0,33,26,0,3,46,28,0,0,0,125,28,16,63.6,Matches
116,Carmona,es ESP,DF,Sevilla,23-103,2002,30.0,10,0,0,41,39,1,37,63,55,0,0,0,156,33,20,62.3,Matches
117,Sergio Carreira,es ESP,"MF,DF",Celta Vigo,24-211,2000,16.4,0,0,0,16,6,2,40,17,16,0,0,0,59,3,14,17.6,Matches
118,Dani Carvajal,es ESP,DF,Real Madrid,33-121,1992,6.8,1,0,0,3,6,0,14,10,8,0,0,0,21,7,5,58.3,Matches
119,William Carvalho,pt POR,MF,Betis,33-035,1992,4.3,0,0,0,5,3,0,1,3,3,0,0,0,26,6,3,66.7,Matches
120,Marc Casado,es ESP,MF,Barcelona,21-240,2003,17.9,4,1,1,26,36,0,9,22,25,0,0,0,90,8,23,25.8,Matches
121,Catena,es ESP,DF,Osasuna,30-196,1994,30.2,10,0,0,32,11,0,1,31,25,1,1,0,97,58,28,67.4,Matches
122,Maximiliano Caufriez,be BEL,DF,Valencia,28-085,1997,1.0,0,0,0,3,0,0,0,1,1,0,1,0,1,2,5,28.6,Matches
123,Dani Ceballos,es ESP,MF,Real Madrid,28-278,1996,10.8,4,0,0,12,25,0,11,13,19,0,0,0,69,2,1,66.7,Matches
124,Franco Cervi,ar ARG,"FW,MF",Celta Vigo,30-351,1994,3.0,1,0,0,4,1,0,6,8,3,0,0,0,12,4,6,40.0,Matches
125,Raúl Chasco,es ESP,DF,Valladolid,21-241,2003,1.4,0,0,0,3,0,0,3,2,1,0,0,0,2,0,0,,Matches
Rk,Player,Nation,Pos,Squad,Age,Born,90s,CrdY,CrdR,2CrdY,Fls,Fld,Off,Crs,Int,TklW,PKwon,PKcon,OG,Recov,Won,Lost,Won%,Matches
126,Pep Chavarría,es ESP,"DF,FW",Rayo Vallecano,27-032,1998,26.4,3,0,0,28,23,3,75,26,32,0,1,0,106,21,28,42.9,Matches
127,Walid Cheddira,ma MAR,FW,Espanyol,27-110,1998,6.8,2,0,0,27,24,8,1,1,0,1,0,0,18,14,25,35.9,Matches
128,Chema,es ESP,MF,Real Madrid,20-017,2005,0.1,0,0,0,1,0,0,0,0,0,0,0,0,0,1,1,50.0,Matches
129,Julián Chicco,ar ARG,"MF,DF",Leganés,27-119,1998,3.3,0,0,0,1,3,0,3,3,7,0,0,0,11,1,10,9.1,Matches
130,Chiquinho,pt POR,"MF,FW",Mallorca,25-096,2000,1.6,2,0,0,6,8,0,9,2,0,0,0,0,10,0,5,0.0,Matches
131,Andreas Christensen,dk DEN,DF,Barcelona,29-032,1996,1.3,2,0,0,2,0,0,0,0,1,0,0,0,7,6,2,75.0,Matches
132,Jasper Cillessen,nl NED,GK,Las Palmas,36-020,1989,25.9,1,0,0,0,5,0,0,0,0,0,0,0,20,2,2,50.0,Matches
133,Pathé Ciss,sn SEN,"MF,DF",Rayo Vallecano,31-057,1994,21.0,10,0,0,42,24,0,4,34,22,0,2,0,133,46,28,62.2,Matches
134,Seydouba Cissé,gn GUI,MF,Leganés,24-091,2001,23.2,3,1,0,37,23,1,8,11,30,1,1,0,143,23,32,41.8,Matches
135,Silvi Clúa,es ESP,MF,Girona,20-103,2005,1.8,0,0,0,5,0,0,0,2,7,0,0,0,4,6,3,66.7,Matches
136,Eray Cömert,ch SUI,"DF,MF",Valladolid,27-097,1998,17.8,6,0,0,16,14,0,0,21,12,0,0,0,42,18,20,47.4,Matches
137,Santi Comesaña,es ESP,MF,Villarreal,28-219,1996,27.1,7,0,0,37,27,1,14,19,48,0,0,0,157,32,48,40.0,Matches
138,Diego Conde,es ESP,GK,Villarreal,26-196,1998,20.8,2,0,0,0,1,0,0,1,2,0,0,0,27,1,0,100.0,Matches
139,Tomás Conechny,ar ARG,"FW,MF",Alavés,27-043,1998,8.8,6,0,0,25,11,4,30,6,9,0,0,0,43,20,20,50.0,Matches
140,Copete,es ESP,DF,Mallorca,25-214,1999,16.0,6,0,0,26,13,0,6,17,15,0,0,0,45,27,15,64.3,Matches
141,Iker Córdoba,es ESP,DF,Valencia,19-182,2005,0.2,0,0,0,0,0,0,1,0,0,0,0,0,1,1,0,100.0,Matches
142,Ángel Correa,ar ARG,"FW,MF",Atlético Madrid,30-064,1995,8.3,3,1,0,15,11,4,21,4,2,0,0,0,36,1,8,11.1,Matches
143,Thierry Correia,pt POR,DF,Valencia,26-064,1999,8.5,1,0,0,15,14,0,18,4,18,0,0,0,38,4,8,33.3,Matches
144,Coba da Costa,es ESP,"MF,FW",Getafe,22-290,2002,10.2,4,0,0,8,9,0,38,7,13,0,0,0,32,17,17,50.0,Matches
145,Logan Costa,cv CPV,DF,Villarreal,24-041,2001,25.7,3,0,0,17,3,2,5,17,19,1,2,0,93,42,36,53.8,Matches
146,Samu Costa,pt POR,MF,Mallorca,24-166,2000,26.6,8,1,1,53,57,2,19,30,38,0,0,0,115,61,35,63.5,Matches
147,Thibaut Courtois,be BEL,GK,Real Madrid,33-001,1992,28.0,1,0,0,0,1,0,0,1,0,0,0,1,45,8,0,100.0,Matches
148,Juan Cruz Armada,es ESP,DF,Osasuna,32-288,1992,13.0,4,0,0,13,2,2,9,8,10,0,0,0,36,6,5,54.5,Matches
149,Juan Cruz,es ESP,"FW,MF",Leganés,25-017,2000,23.1,2,0,0,13,20,7,89,11,19,0,0,0,102,14,18,43.8,Matches
150,Pau Cubarsí,es ESP,DF,Barcelona,18-110,2007,26.0,3,0,0,18,8,0,2,13,18,0,1,0,89,58,35,62.4,Matches
Rk,Player,Nation,Pos,Squad,Age,Born,90s,CrdY,CrdR,2CrdY,Fls,Fld,Off,Crs,Int,TklW,PKwon,PKcon,OG,Recov,Won,Lost,Won%,Matches
151,Cucho,co COL,FW,Betis,26-022,1999,9.7,0,0,0,9,7,3,9,6,8,1,0,0,22,26,27,49.1,Matches
152,Arnaut Danjuma,nl NED,FW,Villarreal,28-101,1997,2.2,1,0,0,1,1,3,0,0,1,0,0,0,2,2,0,100.0,Matches
153,Arnaut Danjuma,nl NED,"FW,MF",Girona,28-101,1997,14.6,2,0,0,14,16,14,76,2,6,0,1,0,37,1,3,25.0,Matches
154,Sergi Darder,es ESP,"MF,FW",Mallorca,31-141,1993,27.6,4,0,0,20,35,3,147,14,24,0,0,0,107,10,9,52.6,Matches
155,Rodrigo De Paul,ar ARG,MF,Atlético Madrid,30-353,1994,20.8,6,0,0,15,39,0,57,5,23,0,0,0,114,4,7,36.4,Matches
156,Mouctar Diakhaby,gn GUI,DF,Valencia,28-144,1996,4.4,0,0,0,2,2,0,1,3,1,0,0,0,11,14,5,73.7,Matches
157,Assane Diao,sn SEN,FW,Betis,19-247,2005,3.1,0,0,0,4,4,2,4,0,3,0,0,0,12,8,6,57.1,Matches
158,Moussa Diarra,ml MLI,DF,Alavés,24-183,2000,19.7,6,0,0,25,21,1,22,21,23,1,1,0,70,30,26,53.6,Matches
159,Brahim Díaz,ma MAR,"FW,MF",Real Madrid,25-282,1999,14.3,0,0,0,12,30,0,8,4,18,0,0,0,50,3,13,18.8,Matches
160,Daniel Díaz,es ESP,MF,Real Sociedad,18-324,2006,0.1,0,0,0,1,0,0,0,0,1,0,0,0,0,1,0,100.0,Matches
161,Pedro Díaz,es ESP,MF,Rayo Vallecano,26-341,1998,11.9,2,0,0,7,6,0,38,6,13,0,0,0,72,5,6,45.5,Matches
162,Diego,es ESP,"FW,MF",Leganés,25-024,2000,10.3,2,0,0,19,19,6,4,2,0,1,0,0,16,37,64,36.6,Matches
163,Stole Dimitrievski,mk MKD,GK,Valencia,31-138,1993,4.0,1,0,0,0,0,0,0,0,0,0,0,0,7,0,0,,Matches
164,Yan Diomandé,ci CIV,"FW,MF",Leganés,18-179,2006,2.6,1,0,0,3,9,1,6,3,1,0,0,0,18,1,9,10.0,Matches
165,Álvaro djaló,es ESP,FW,Athletic Club,25-269,1999,6.7,1,0,0,16,14,5,12,1,5,0,0,0,25,9,17,34.6,Matches
166,Djené,tg TOG,"DF,MF",Getafe,33-132,1991,27.3,10,1,0,39,24,1,32,21,13,0,0,0,98,42,30,58.3,Matches
167,Marko Dmitrović,rs SRB,GK,Leganés,33-108,1992,28.0,0,0,0,1,6,0,0,0,1,0,1,0,31,9,0,100.0,Matches
168,Marc Domenech,es ESP,"FW,MF",Mallorca,19-131,2006,2.3,0,0,0,4,0,0,4,0,3,0,0,0,6,7,5,58.3,Matches
169,Carlos Dominguez,es ESP,DF,Celta Vigo,24-090,2001,11.0,1,0,0,7,8,0,0,9,11,0,0,1,37,27,12,69.2,Matches
170,Israel Domínguez,es ESP,FW,Sevilla,22-005,2003,0.2,0,0,0,0,1,1,0,0,0,0,0,0,0,0,1,0.0,Matches
171,Sergi Dominguez,es ESP,DF,Barcelona,20-041,2005,1.9,1,0,0,2,0,0,0,3,1,0,1,0,8,1,3,25.0,Matches
172,Anastasios Douvikas,gr GRE,FW,Celta Vigo,25-283,1999,7.8,2,0,0,10,27,9,1,3,4,0,0,0,15,14,23,37.8,Matches
173,Domingos Duarte,pt POR,DF,Getafe,30-063,1995,18.0,4,1,1,22,13,0,0,13,11,0,2,0,53,24,16,60.0,Matches
174,Duk,cv CPV,"MF,FW",Leganés,25-085,2000,1.6,1,0,0,5,12,0,8,0,3,0,0,0,9,1,4,20.0,Matches
175,Pablo Durán,es ESP,"FW,MF",Celta Vigo,23-352,2001,14.1,3,0,0,31,16,5,18,8,9,0,0,0,43,11,27,28.9,Matches
Rk,Player,Nation,Pos,Squad,Age,Born,90s,CrdY,CrdR,2CrdY,Fls,Fld,Off,Crs,Int,TklW,PKwon,PKcon,OG,Recov,Won,Lost,Won%,Matches
176,Hugo Duro,es ESP,FW,Valencia,25-183,1999,22.8,3,0,0,35,49,7,7,10,7,2,1,1,43,57,101,36.1,Matches
177,Chidera Ejuke,ng NGA,FW,Sevilla,27-130,1998,10.7,0,0,0,6,16,4,22,5,13,0,0,0,63,4,9,30.8,Matches
178,Aritz Elustondo,es ESP,DF,Real Sociedad,31-045,1994,14.2,2,1,0,22,18,0,3,9,10,0,0,0,50,28,24,53.8,Matches
179,Adri Embarba,es ESP,"FW,MF",Rayo Vallecano,33-005,1992,17.2,4,0,0,24,21,13,112,13,18,0,0,0,64,13,31,29.5,Matches
180,Endrick,br BRA,FW,Real Madrid,18-295,2006,2.5,1,0,0,9,8,2,0,3,1,1,0,0,4,5,4,55.6,Matches
181,Alfonso Espino,uy URU,DF,Rayo Vallecano,33-127,1992,8.3,4,0,0,16,12,0,21,11,20,0,1,0,47,13,10,56.5,Matches
182,Dario Essugo,pt POR,MF,Las Palmas,20-059,2005,19.5,11,2,2,33,30,0,1,42,44,0,0,0,105,28,31,47.5,Matches
183,Etienne Eto'o,cm CMR,FW,Rayo Vallecano,22-267,2002,0.4,0,0,0,0,0,1,0,0,0,0,0,0,0,6,2,75.0,Matches
184,Karl Etta,cm CMR,"FW,MF",Villarreal,21-210,2003,0.1,0,0,0,0,1,0,0,0,0,0,0,0,0,1,0,100.0,Matches
185,Edu Expósito,es ESP,MF,Espanyol,28-284,1996,8.0,2,0,0,13,16,1,46,10,9,0,0,0,40,6,10,37.5,Matches
186,Abde Ezzalzouli,ma MAR,"FW,MF",Betis,23-146,2001,19.6,2,0,0,21,36,3,43,6,25,1,0,0,90,22,33,40.0,Matches
187,Ansu Fati,es ESP,FW,Barcelona,22-193,2002,2.6,1,0,0,2,2,2,0,1,1,0,0,0,7,2,7,22.2,Matches
188,Nabil Fekir,fr FRA,MF,Betis,31-298,1993,2.0,0,0,0,3,7,0,10,0,2,0,0,0,3,0,2,0.0,Matches
189,Kiko Femenía,es ESP,DF,Villarreal,34-099,1991,24.7,7,0,0,21,13,1,47,40,34,0,0,0,102,5,12,29.4,Matches
190,Aitor Fernández,es ESP,GK,Osasuna,34-009,1991,1.0,0,0,0,0,0,0,0,0,0,0,0,0,2,0,0,,Matches
191,Álvaro Fernández,es ESP,GK,Sevilla,27-029,1998,7.3,2,0,0,0,2,0,0,0,0,0,0,0,7,1,0,100.0,Matches
192,Pelayo Fernandez,es ESP,DF,Rayo Vallecano,22-013,2003,1.1,1,0,0,2,0,0,0,2,0,0,0,0,4,3,3,50.0,Matches
193,Roberto Férnandez,es ESP,FW,Espanyol,22-313,2002,13.1,1,0,0,26,23,8,2,3,4,1,0,0,27,27,39,40.9,Matches
194,Valery Fernández,es ESP,"MF,FW",Mallorca,25-170,1999,3.3,1,0,0,3,1,1,3,0,7,0,0,0,19,1,4,20.0,Matches
195,André Ferreira,pt POR,GK,Valladolid,28-348,1996,6.0,0,0,0,0,0,0,0,0,0,0,0,0,6,0,1,0.0,Matches
196,Mateo Flores,es ESP,MF,Betis,21-035,2004,1.7,1,0,0,4,1,0,1,2,1,0,0,0,12,0,2,0.0,Matches
197,Pablo Fornals,es ESP,"MF,FW",Betis,29-079,1996,17.1,2,0,0,10,12,2,47,20,10,0,0,0,91,18,17,51.4,Matches
198,Héctor Fort,es ESP,DF,Barcelona,18-283,2006,6.0,2,0,0,5,1,0,11,6,8,0,0,0,29,3,6,33.3,Matches
199,Dimitri Foulquier,fr FRA,DF,Valencia,32-050,1993,25.5,6,0,0,24,31,1,57,16,31,0,0,0,97,13,20,39.4,Matches
200,Juan Foyth,ar ARG,DF,Villarreal,27-120,1998,14.9,4,0,0,14,3,0,4,17,15,0,0,0,50,38,26,59.4,Matches
Rk,Player,Nation,Pos,Squad,Age,Born,90s,CrdY,CrdR,2CrdY,Fls,Fld,Off,Crs,Int,TklW,PKwon,PKcon,OG,Recov,Won,Lost,Won%,Matches
201,Fran,es ESP,GK,Real Madrid,19-322,2005,1.0,0,0,0,0,0,0,0,0,0,0,0,0,1,0,0,,Matches
202,Alejandro Francés,es ESP,DF,Girona,22-284,2002,10.8,2,0,0,17,14,1,23,15,22,0,0,0,29,4,11,26.7,Matches
203,Enric Franquesa,es ESP,"DF,FW",Leganés,28-075,1997,6.8,1,0,0,8,6,0,16,5,9,0,0,0,29,5,5,50.0,Matches
204,Jorge de Frutos,es ESP,"FW,MF",Rayo Vallecano,28-081,1997,25.0,3,1,0,35,27,4,69,17,21,0,0,0,106,13,19,40.6,Matches
205,Darío Fuentes,es ESP,DF,Sevilla,22-120,2003,0.1,1,0,0,0,0,0,0,0,0,0,0,0,0,0,0,,Matches
206,Manuel Fuster,es ESP,"FW,MF",Las Palmas,27-202,1997,8.9,2,0,0,12,27,1,58,4,8,0,0,0,48,3,11,21.4,Matches
207,Javi Galán,es ESP,DF,Atlético Madrid,30-174,1994,18.3,8,0,0,35,33,4,51,11,30,0,1,0,65,25,24,51.0,Matches
208,Iñigo Ruiz de Galarreta,es ESP,MF,Athletic Club,31-279,1993,13.9,5,0,0,34,15,0,26,12,21,0,0,0,109,6,9,40.0,Matches
209,Conor Gallagher,eng ENG,MF,Atlético Madrid,25-095,2000,17.4,2,0,0,28,38,1,13,19,30,1,0,0,104,9,20,31.0,Matches
210,Facundo Garcés,ar ARG,DF,Alavés,25-249,1999,3.5,0,0,0,1,2,0,0,2,0,0,1,0,3,8,4,66.7,Matches
211,Álvaro García,es ESP,"FW,MF",Rayo Vallecano,32-197,1992,26.1,4,0,0,16,18,13,101,30,22,1,1,0,85,6,16,27.3,Matches
212,Eric García,es ESP,"MF,DF",Barcelona,24-123,2001,13.7,3,0,0,17,5,0,3,10,16,0,0,0,47,26,20,56.5,Matches
213,Fran Garcia,es ESP,DF,Real Madrid,25-271,1999,20.3,0,0,0,11,16,3,46,23,26,0,0,0,93,15,19,44.1,Matches
214,Joan García,es ESP,GK,Espanyol,24-008,2001,34.0,2,0,0,0,6,0,0,0,0,0,0,0,33,21,1,95.5,Matches
215,Pablo Garcia,es ESP,FW,Betis,18-270,2006,0.3,0,0,0,0,0,0,1,0,0,0,0,0,2,0,0,,Matches
216,Rubén García,es ESP,"FW,MF",Osasuna,31-302,1993,24.5,2,0,0,34,30,10,120,14,29,1,0,0,111,26,37,41.3,Matches
217,Unai García,es ESP,DF,Osasuna,33-098,1992,0.7,0,0,0,3,3,0,0,0,0,0,0,0,2,1,3,25.0,Matches
218,Yarek Gasiorowski,es ESP,DF,Valencia,20-120,2005,10.5,1,0,0,5,2,0,3,26,16,0,0,0,40,24,13,64.9,Matches
219,Gavi,es ESP,"MF,FW",Barcelona,20-280,2004,9.9,4,0,0,32,19,1,9,10,15,0,0,0,50,19,24,44.2,Matches
220,Paulo Gazzaniga,ar ARG,GK,Girona,33-130,1992,34.5,4,0,0,1,3,0,0,0,1,0,0,0,47,1,2,33.3,Matches
221,Bryan Gil,es ESP,"FW,MF",Girona,24-090,2001,19.1,4,0,0,22,40,4,78,10,20,0,0,0,78,0,5,0.0,Matches
222,Dani Gómez,es ESP,FW,Valencia,26-286,1998,5.9,0,0,0,7,8,10,0,2,2,0,0,0,14,7,24,22.6,Matches
223,Moi Gómez,es ESP,"MF,FW",Osasuna,30-323,1994,8.8,1,0,0,12,6,1,28,5,9,0,0,1,66,7,12,36.8,Matches
224,Sergi Gómez,es ESP,DF,Espanyol,33-045,1992,7.2,1,0,0,6,1,0,1,7,5,0,0,0,15,11,20,35.5,Matches
225,Sergio Gómez,es ESP,"MF,DF",Real Sociedad,24-250,2000,28.6,4,0,0,29,14,9,215,18,39,0,1,0,138,18,20,47.4,Matches
Rk,Player,Nation,Pos,Squad,Age,Born,90s,CrdY,CrdR,2CrdY,Fls,Fld,Off,Crs,Int,TklW,PKwon,PKcon,OG,Recov,Won,Lost,Won%,Matches
226,Unai Gómez,es ESP,"MF,FW",Athletic Club,21-352,2003,12.3,1,0,0,10,17,0,20,2,6,0,0,0,35,26,27,49.1,Matches
227,Fabio González,es ESP,MF,Las Palmas,28-089,1997,0.6,0,0,0,1,0,0,1,0,0,0,0,0,3,1,0,100.0,Matches
228,Peter González,do DOM,"MF,FW",Getafe,22-291,2002,5.2,1,0,0,9,10,2,13,2,6,0,0,0,20,10,13,43.5,Matches
229,Urko González,es ESP,MF,Espanyol,24-053,2001,11.5,1,0,0,13,9,1,1,7,20,0,1,0,56,14,12,53.8,Matches
230,Urko González,es ESP,MF,Real Sociedad,24-053,2001,0.5,1,0,0,1,0,0,1,0,0,0,0,0,0,0,2,0.0,Matches
231,Andoni Gorosabel,es ESP,DF,Athletic Club,28-281,1996,15.6,5,0,0,24,4,1,39,17,25,0,0,0,55,18,26,40.9,Matches
232,José Gragera,es ESP,MF,Espanyol,24-163,2000,6.3,0,0,0,18,8,0,0,5,16,0,0,0,18,11,5,68.8,Matches
233,Dominik Greif,sk SVK,GK,Mallorca,28-036,1997,29.0,1,0,0,0,3,0,0,0,0,0,0,0,38,7,2,77.8,Matches
234,Antoine Griezmann,fr FRA,"FW,MF",Atlético Madrid,34-052,1991,26.2,2,0,0,11,24,14,135,6,17,0,0,0,85,21,22,48.8,Matches
235,Florian Grillitsch,at AUT,MF,Valladolid,29-278,1995,5.7,1,0,0,5,10,0,5,4,6,0,0,0,35,5,2,71.4,Matches
236,Vicente Guaita,es ESP,GK,Celta Vigo,38-122,1987,31.0,0,0,0,0,5,0,0,0,0,0,0,0,68,10,0,100.0,Matches
237,Sergi Guardiola,es ESP,FW,Rayo Vallecano,33-348,1991,4.0,1,0,0,9,7,2,4,1,3,0,0,0,7,6,11,35.3,Matches
238,Nemanja Gudelj,rs SRB,"DF,MF",Sevilla,33-177,1991,25.3,5,0,0,23,14,0,31,25,21,0,0,0,68,43,25,63.2,Matches
239,Javier Guerra,es ESP,MF,Valencia,22-131,2003,26.9,5,0,0,33,27,1,45,19,24,0,0,0,152,16,18,47.1,Matches
240,Ander Guevara,es ESP,MF,Alavés,27-309,1997,18.6,2,0,0,28,15,0,3,11,26,0,0,0,102,25,36,41.0,Matches
241,Pape Gueye,sn SEN,MF,Villarreal,26-108,1999,22.5,6,2,1,30,59,4,19,24,26,0,1,0,115,29,22,56.9,Matches
242,Hugo Guillamón,es ESP,MF,Valencia,25-101,2000,4.0,2,0,0,6,4,1,1,5,8,0,0,0,21,5,4,55.6,Matches
243,Carlos Guirao,es ESP,MF,Betis,22-015,2003,1.2,0,0,0,4,0,0,0,3,3,0,0,0,6,2,1,66.7,Matches
244,Arda Güler,tr TUR,"MF,FW",Real Madrid,20-076,2005,10.5,1,0,0,13,28,4,36,5,11,1,0,0,39,6,8,42.9,Matches
245,Gerard Gumbau,es ESP,MF,Rayo Vallecano,30-145,1994,8.7,4,0,0,20,11,2,38,5,12,0,0,0,25,16,21,43.2,Matches
246,Jon Guridi,es ESP,"MF,FW",Alavés,30-073,1995,20.0,6,0,0,32,13,5,16,12,17,0,1,0,81,42,53,44.2,Matches
247,Gorka Guruzeta,es ESP,FW,Athletic Club,28-242,1996,18.1,2,0,0,35,20,5,3,8,8,0,0,0,52,36,65,35.6,Matches
248,Miguel Gutiérrez,es ESP,"DF,MF",Girona,23-289,2001,27.3,4,0,0,29,34,6,153,16,24,0,1,0,144,4,16,20.0,Matches
249,Munir El Haddadi,ma MAR,"FW,MF",Leganés,29-253,1995,7.4,1,1,0,14,29,6,11,1,8,0,0,0,30,9,19,32.1,Matches
250,Sébastien Haller,ci CIV,FW,Leganés,30-324,1994,4.5,0,0,0,4,5,7,0,0,0,0,0,0,10,26,17,60.5,Matches
Rk,Player,Nation,Pos,Squad,Age,Born,90s,CrdY,CrdR,2CrdY,Fls,Fld,Off,Crs,Int,TklW,PKwon,PKcon,OG,Recov,Won,Lost,Won%,Matches
251,Henrique,br BRA,DF,Valladolid,31-017,1994,2.2,0,0,0,3,7,0,2,2,2,0,1,0,7,0,1,0.0,Matches
252,Javi Hernández,es ESP,DF,Leganés,27-010,1998,23.5,5,0,0,41,15,4,48,22,15,0,0,0,106,20,21,48.8,Matches
253,Aridane Hernández,es ESP,DF,Rayo Vallecano,36-050,1989,9.4,1,0,0,4,7,0,0,4,9,0,0,1,37,35,14,71.4,Matches
254,Jorge Herrando,es ESP,DF,Osasuna,24-073,2001,15.2,3,0,0,25,2,0,2,12,11,0,1,0,36,29,11,72.5,Matches
255,Ander Herrera,es ESP,MF,Athletic Club,35-271,1989,3.0,2,0,0,6,3,0,1,2,4,0,0,0,14,3,2,60.0,Matches
256,Sergio Herrera,es ESP,GK,Osasuna,31-341,1993,33.0,5,0,0,1,4,0,0,0,1,0,1,0,29,5,1,83.3,Matches
257,Yangel Herrera,ve VEN,MF,Girona,27-118,1998,23.3,10,1,0,65,64,4,40,29,37,1,0,0,99,48,44,52.2,Matches
258,Juan Herzog,es ESP,DF,Las Palmas,21-364,2003,11.7,1,0,0,3,7,0,0,15,11,0,0,0,37,31,19,62.0,Matches
259,Omar El Hilali,ma MAR,DF,Espanyol,21-242,2003,32.1,11,0,0,50,28,4,43,43,76,0,2,0,126,33,27,55.0,Matches
260,Roger Hinojo,es ESP,DF,Espanyol,20-080,2005,0.1,0,0,0,0,0,0,2,0,0,0,0,0,0,0,2,0.0,Matches
261,Dinko Horkaš,hr CRO,GK,Las Palmas,26-063,1999,9.1,1,0,0,1,0,0,0,0,0,0,1,0,10,0,0,,Matches
262,Pablo Ibáñez,es ESP,MF,Osasuna,26-234,1998,11.4,3,0,0,23,22,0,8,14,9,0,0,0,51,17,22,43.6,Matches
263,Stanis Idumbo,be BEL,"FW,MF",Sevilla,19-317,2005,3.2,0,0,0,1,7,0,0,4,5,0,0,0,19,1,0,100.0,Matches
264,Iglesias,es ESP,DF,Getafe,26-313,1998,29.2,4,0,0,41,39,1,79,42,46,0,0,0,98,33,32,50.8,Matches
265,Borja Iglesias,es ESP,FW,Celta Vigo,32-115,1993,20.0,2,0,0,38,29,13,5,6,9,2,0,0,43,12,25,32.4,Matches
266,Kelechi Iheanacho,ng NGA,FW,Sevilla,28-221,1996,4.4,0,0,0,5,1,7,0,0,0,0,0,0,7,2,8,20.0,Matches
267,Isco,es ESP,MF,Betis,33-021,1992,14.6,5,0,0,20,38,4,78,8,9,0,0,0,62,12,19,38.7,Matches
268,Diego Iturralde,es ESP,FW,Sevilla,22-026,2003,0.4,0,0,0,1,1,0,0,1,0,0,0,0,1,1,0,100.0,Matches
269,Ivan Jaime Pajuelo,es ESP,MF,Valencia,24-228,2000,2.4,0,0,0,4,7,1,6,2,2,0,0,0,14,4,3,57.1,Matches
270,Karl Jakob Hein,ee EST,GK,Valladolid,23-029,2002,28.0,0,0,0,0,2,0,0,0,0,0,0,0,37,7,0,100.0,Matches
271,Adnan Januzaj,be BEL,"MF,FW",Las Palmas,30-096,1995,5.3,4,0,0,4,13,0,59,0,6,0,0,0,22,2,14,12.5,Matches
272,Mikel Jauregizar,es ESP,MF,Athletic Club,21-181,2003,21.8,4,1,0,40,36,0,26,26,43,1,0,0,129,29,34,46.0,Matches
273,John Joe,ie IRL,"MF,FW",Getafe,21-200,2003,0.5,1,0,0,1,2,0,0,0,0,0,0,0,3,2,2,50.0,Matches
274,Jofre,es ESP,"MF,FW",Espanyol,23-329,2001,22.4,5,0,0,26,58,3,48,15,15,0,0,0,102,3,15,16.7,Matches
275,Frenkie de Jong,nl NED,MF,Barcelona,28-000,1997,10.1,3,0,0,11,16,0,5,5,9,0,1,0,45,7,5,58.3,Matches
Rk,Player,Nation,Pos,Squad,Age,Born,90s,CrdY,CrdR,2CrdY,Fls,Fld,Off,Crs,Int,TklW,PKwon,PKcon,OG,Recov,Won,Lost,Won%,Matches
276,Joan Jordán,es ESP,MF,Alavés,30-310,1994,15.1,3,0,0,26,11,1,100,8,17,0,0,0,58,16,13,55.2,Matches
277,Juanmi,es ESP,"FW,MF",Getafe,31-357,1993,7.4,2,0,0,18,10,6,0,2,11,0,0,0,23,6,8,42.9,Matches
278,Juanmi,es ESP,"FW,MF",Betis,31-357,1993,2.7,2,0,0,6,7,1,1,1,4,0,0,0,14,6,1,85.7,Matches
279,Juanpe,es ESP,DF,Girona,34-012,1991,6.8,2,0,0,3,2,0,1,8,5,0,0,0,19,20,9,69.0,Matches
280,Luiz Lúcio Reis Júnior,br BRA,GK,Villarreal,24-118,2001,14.2,2,0,0,0,6,0,0,0,0,0,0,0,17,4,1,80.0,Matches
281,Vinicius Júnior,br BRA,FW,Real Madrid,24-304,2000,23.7,8,1,0,27,67,10,56,3,10,2,0,0,68,1,7,12.5,Matches
282,Stanko Jurić,hr CRO,MF,Valladolid,28-269,1996,19.2,7,1,1,38,9,0,0,24,24,0,0,0,92,50,22,69.4,Matches
283,Willy Kambwala,fr FRA,DF,Villarreal,20-260,2004,10.6,1,1,0,5,0,0,0,8,9,0,0,0,24,14,16,46.7,Matches
284,Abdoulaye Keita,es ESP,"FW,MF",Getafe,22-253,2002,1.1,0,0,0,6,0,0,1,0,2,0,0,0,6,3,3,50.0,Matches
285,Kenedy,br BRA,"MF,FW",Valladolid,29-093,1996,0.1,0,0,0,0,0,0,0,0,0,0,0,0,1,0,0,,Matches
286,Kiké,es ESP,FW,Alavés,35-168,1989,25.6,5,1,1,46,54,20,12,1,12,1,0,0,78,100,94,51.5,Matches
287,Koke,es ESP,MF,Atlético Madrid,33-124,1992,18.9,4,0,0,21,13,0,15,18,22,0,0,1,109,8,9,47.1,Matches
288,Jules Koundé,fr FRA,DF,Barcelona,26-181,1998,28.9,4,0,0,22,19,7,63,20,43,0,0,0,107,30,23,56.6,Matches
289,Alex Král,cz CZE,MF,Espanyol,26-358,1998,29.2,1,0,0,28,22,0,36,27,36,0,0,0,124,38,28,57.6,Matches
290,Ladislav Krejčí,cz CZE,DF,Girona,26-022,1999,25.1,9,0,0,23,16,0,11,32,15,1,0,1,93,55,22,71.4,Matches
291,Takefusa Kubo,jp JPN,"MF,FW",Real Sociedad,23-342,2001,23.4,5,0,0,18,66,8,77,13,19,0,0,0,108,11,14,44.0,Matches
292,Marash Kumbulla,al ALB,DF,Espanyol,25-093,2000,30.0,7,0,0,32,29,0,5,31,24,0,0,0,68,59,42,58.4,Matches
293,Luca de la Torre,us USA,MF,Celta Vigo,26-354,1998,0.0,0,0,0,1,0,0,0,0,0,0,0,0,0,0,1,0.0,Matches
294,Yoel Lago,es ESP,DF,Celta Vigo,21-048,2004,5.3,1,0,0,15,7,0,0,4,7,0,1,0,18,3,6,33.3,Matches
295,Cyle Larin,ca CAN,FW,Mallorca,30-025,1995,18.3,4,0,0,27,30,22,6,1,5,1,0,0,43,60,81,42.6,Matches
296,Juanmi Latasa,es ESP,FW,Valladolid,24-050,2001,13.0,6,1,0,36,32,6,5,0,2,0,1,0,21,78,53,59.5,Matches
297,Toni Lato,es ESP,DF,Mallorca,27-172,1997,5.2,1,1,0,10,2,1,21,4,10,0,0,0,25,6,6,50.0,Matches
298,Robin Le Normand,es ESP,DF,Atlético Madrid,28-182,1996,21.9,8,0,0,35,22,3,1,9,17,0,1,0,65,52,37,58.4,Matches
299,Florian Lejeune,fr FRA,DF,Rayo Vallecano,33-357,1991,33.9,7,0,0,46,17,0,7,32,26,0,1,0,141,84,55,60.4,Matches
300,Iñigo Lekue,es ESP,DF,Athletic Club,32-008,1993,7.6,1,0,0,5,2,0,12,7,12,0,0,0,33,5,2,71.4,Matches
Rk,Player,Nation,Pos,Squad,Age,Born,90s,CrdY,CrdR,2CrdY,Fls,Fld,Off,Crs,Int,TklW,PKwon,PKcon,OG,Recov,Won,Lost,Won%,Matches
301,Thomas Lemar,fr FRA,MF,Atlético Madrid,29-181,1995,0.9,0,0,0,1,2,0,3,0,1,0,0,0,3,0,1,0.0,Matches
302,Clément Lenglet,fr FRA,DF,Atlético Madrid,29-329,1995,19.9,9,0,0,27,19,2,4,20,14,0,2,0,72,36,37,49.3,Matches
303,Robert Lewandowski,pl POL,FW,Barcelona,36-264,1988,27.1,1,0,0,28,34,16,5,3,4,0,0,0,44,34,39,46.6,Matches
304,Samuel Lino,br BRA,"MF,DF",Atlético Madrid,25-140,1999,15.1,3,0,0,13,27,3,35,7,14,1,0,0,77,11,11,50.0,Matches
305,Javier Llabrés,es ESP,FW,Mallorca,22-243,2002,0.6,0,0,0,0,1,1,4,0,0,0,0,0,3,1,0,100.0,Matches
306,Diego Llorente,es ESP,DF,Betis,31-269,1993,28.0,4,0,0,20,23,0,1,43,20,0,1,1,93,77,45,63.1,Matches
307,Marcos Llorente,es ESP,"DF,MF",Atlético Madrid,30-102,1995,24.9,0,1,0,19,24,3,59,24,48,1,0,0,113,13,14,48.1,Matches
308,Giovani Lo Celso,ar ARG,"MF,FW",Betis,29-033,1996,14.5,4,0,0,13,60,0,90,5,22,0,0,0,67,5,11,31.3,Matches
309,Enzo Loiodice,fr FRA,MF,Las Palmas,24-166,2000,5.6,3,0,0,9,5,1,9,5,4,0,0,0,20,6,4,60.0,Matches
310,David López,es ESP,DF,Mallorca,22-098,2003,0.9,0,0,0,0,0,0,0,1,1,0,0,0,1,0,3,0.0,Matches
311,David López,es ESP,DF,Girona,35-215,1989,26.0,4,0,0,9,15,1,3,14,23,0,1,0,90,30,29,50.8,Matches
312,Diego López,es ESP,"MF,FW",Valencia,22-364,2002,28.3,3,0,0,20,31,13,64,13,17,1,1,0,96,14,53,20.9,Matches
313,Fer López,,"FW,MF",Celta Vigo,,,5.9,2,0,0,13,6,0,2,2,3,0,0,0,23,2,7,22.2,Matches
314,Fermin López,es ESP,"MF,FW",Barcelona,22-001,2003,11.5,3,1,0,22,16,5,35,4,14,0,0,0,60,8,17,32.0,Matches
315,Javi López,es ESP,DF,Real Sociedad,23-048,2002,20.5,4,0,0,30,27,1,56,8,23,0,0,0,88,10,19,34.5,Matches
316,Pau López,es ESP,GK,Girona,30-150,1994,0.5,0,0,0,0,1,0,0,0,0,0,0,0,1,0,0,,Matches
317,Roberto López,es ESP,MF,Leganés,25-018,2000,4.4,0,0,0,1,3,0,24,1,6,0,0,0,28,1,5,16.7,Matches
318,Unai López,es ESP,MF,Rayo Vallecano,29-194,1995,17.4,8,1,0,17,18,1,28,20,19,0,0,0,109,10,17,37.0,Matches
319,Iker Losada,es ESP,"FW,MF",Celta Vigo,23-284,2001,3.8,2,0,0,3,0,0,5,1,3,0,0,0,8,2,6,25.0,Matches
320,Iker Losada,es ESP,"MF,FW",Betis,23-284,2001,3.7,0,0,0,1,2,0,4,3,7,0,0,0,19,3,4,42.9,Matches
321,Pol Lozano,es ESP,MF,Espanyol,25-218,1999,19.8,11,0,0,54,14,0,19,21,33,0,0,0,81,8,15,34.8,Matches
322,José Luis Gayà,es ESP,DF,Valencia,29-352,1995,18.1,6,0,0,26,12,2,80,21,38,0,0,0,80,9,10,47.4,Matches
323,Dodi Lukebakio,be BEL,FW,Sevilla,27-230,1997,32.4,3,1,0,37,51,24,123,7,13,0,0,0,109,16,19,45.7,Matches
324,Daniel Luna,co COL,MF,Mallorca,22-005,2003,0.2,0,0,0,0,1,0,3,0,0,0,0,0,2,0,0,,Matches
325,Andriy Lunin,ua UKR,GK,Real Madrid,26-090,1999,5.0,0,0,0,0,1,0,0,0,0,0,0,0,12,2,0,100.0,Matches
Rk,Player,Nation,Pos,Squad,Age,Born,90s,CrdY,CrdR,2CrdY,Fls,Fld,Off,Crs,Int,TklW,PKwon,PKcon,OG,Recov,Won,Lost,Won%,Matches
326,Darwin Machís,ve VEN,"MF,FW",Valladolid,32-094,1993,7.1,0,0,0,4,14,2,68,5,4,0,0,0,34,6,2,75.0,Matches
327,Pablo Maffeo,es ESP,DF,Mallorca,27-304,1997,25.5,5,0,0,20,36,1,92,25,39,0,0,0,106,20,15,57.1,Matches
328,Jon Magunazelaia,es ESP,MF,Real Sociedad,24-303,2000,0.1,0,0,0,1,1,0,0,0,1,0,0,0,5,3,0,100.0,Matches
329,Giorgi Mamardashvili,ge GEO,GK,Valencia,24-225,2000,31.0,1,0,0,0,6,0,0,1,2,0,0,0,27,4,2,66.7,Matches
330,Reinildo Mandava,mz MOZ,DF,Atlético Madrid,31-111,1994,10.5,4,0,0,19,18,1,8,16,11,0,1,0,52,10,14,41.7,Matches
331,Javier Manquillo,es ESP,DF,Celta Vigo,31-007,1994,5.7,1,0,0,9,1,0,3,7,5,0,0,0,18,5,8,38.5,Matches
332,Marcão,br BRA,DF,Sevilla,28-341,1996,5.1,6,1,1,8,9,0,0,6,6,0,1,0,23,13,5,72.2,Matches
333,Óscar de Marcos,es ESP,DF,Athletic Club,36-028,1989,15.3,0,0,0,13,5,1,49,14,13,0,0,0,83,7,12,36.8,Matches
334,Alberto Marí,es ESP,FW,Valencia,23-305,2001,0.1,0,0,0,1,0,0,0,0,0,0,0,0,0,0,0,,Matches
335,José María Giménez,uy URU,DF,Atlético Madrid,30-112,1995,21.2,5,0,0,13,12,0,0,26,15,0,0,1,75,36,34,51.4,Matches
336,Arkaitz Mariezkurrena,es ESP,"MF,FW",Real Sociedad,20-037,2005,1.7,1,0,0,9,1,0,2,1,0,0,0,0,9,4,3,57.1,Matches
337,Pablo Marín,es ESP,MF,Real Sociedad,21-313,2003,11.6,3,0,0,18,14,0,12,4,14,0,0,0,54,14,24,36.8,Matches
338,Mika Mármol,es ESP,DF,Las Palmas,23-315,2001,24.7,4,0,0,29,7,2,51,37,26,0,1,0,71,23,19,54.8,Matches
339,Mario Maroto,es ESP,MF,Valladolid,21-165,2003,0.2,0,0,0,0,0,0,0,2,0,0,0,0,1,1,1,50.0,Matches
340,Unai Marrero,es ESP,GK,Real Sociedad,23-215,2001,1.0,0,0,0,0,0,0,0,0,0,0,0,0,0,0,0,,Matches
341,Carlos Martín,es ESP,"FW,MF",Alavés,23-020,2002,14.5,3,0,0,30,28,6,24,5,20,0,0,0,54,15,18,45.5,Matches
342,Gerard Martín,es ESP,DF,Barcelona,23-131,2002,9.8,2,0,0,11,7,0,32,8,9,0,0,0,35,14,5,73.7,Matches
343,Iván Martín,es ESP,MF,Girona,26-087,1999,21.4,1,0,0,20,14,3,21,11,17,0,0,0,105,3,15,16.7,Matches
344,Jon Martin,es ESP,DF,Real Sociedad,19-131,2006,9.0,2,0,0,19,0,0,0,7,8,0,0,0,22,52,9,85.2,Matches
345,Mario Martín,es ESP,MF,Valladolid,21-068,2004,17.9,8,3,1,47,39,1,9,19,30,0,1,0,77,27,30,47.4,Matches
346,Arnau Martinez,es ESP,"DF,MF",Girona,22-017,2003,26.7,2,0,0,18,35,2,56,28,23,0,1,0,112,28,21,57.1,Matches
347,Iñigo Martínez,es ESP,DF,Barcelona,33-360,1991,25.7,4,0,0,15,26,0,6,18,13,1,0,0,112,57,31,64.8,Matches
348,Javi Martínez,es ESP,MF,Osasuna,25-141,1999,0.1,0,0,0,0,0,0,0,0,0,0,0,0,0,0,0,,Matches
349,Ramón Martínez,es ESP,DF,Sevilla,22-202,2002,2.1,0,0,0,1,1,0,0,2,3,0,0,0,4,5,3,62.5,Matches
350,Toni Martínez,es ESP,"FW,MF",Alavés,27-316,1997,10.1,1,0,0,14,12,7,6,0,6,0,1,0,28,73,56,56.6,Matches
Rk,Player,Nation,Pos,Squad,Age,Born,90s,CrdY,CrdR,2CrdY,Fls,Fld,Off,Crs,Int,TklW,PKwon,PKcon,OG,Recov,Won,Lost,Won%,Matches
351,Javi Martón,es ESP,"FW,MF",Athletic Club,26-006,1999,0.6,1,0,0,1,0,1,0,0,0,0,0,0,2,2,1,66.7,Matches
352,Marvin,es ESP,"DF,FW",Las Palmas,24-313,2000,9.4,3,0,0,14,15,0,51,10,10,0,1,0,46,9,14,39.1,Matches
353,Omar Mascarell,gq EQG,MF,Mallorca,32-099,1993,20.1,4,1,0,24,13,0,3,48,13,0,0,0,76,40,22,64.5,Matches
354,Jaime Mata,es ESP,FW,Las Palmas,36-200,1988,6.1,8,0,0,17,12,11,9,3,2,0,0,0,17,24,27,47.1,Matches
355,Borja Mayoral,es ESP,FW,Getafe,28-037,1997,10.3,0,0,0,9,13,11,9,1,3,0,0,0,29,16,37,30.2,Matches
356,Kylian Mbappé,fr FRA,FW,Real Madrid,26-143,1998,28.3,3,1,0,24,35,39,29,1,5,2,0,0,35,4,5,44.4,Matches
357,Oliver McBurnie,sct SCO,FW,Las Palmas,28-342,1996,18.4,2,0,0,28,16,8,2,6,7,0,0,0,37,78,83,48.4,Matches
358,Scott McKenna,sct SCO,DF,Las Palmas,28-181,1996,25.4,5,1,0,12,8,1,2,9,12,0,1,1,66,76,42,64.4,Matches
359,Mateo Mejía,es ESP,FW,Sevilla,22-042,2003,0.1,0,0,0,0,1,0,0,0,0,0,0,0,0,1,0,100.0,Matches
360,Arthur Melo,br BRA,MF,Girona,28-273,1996,8.3,2,0,0,11,23,0,4,7,10,0,0,0,42,0,3,0.0,Matches
361,Brais Méndez,es ESP,MF,Real Sociedad,28-125,1997,15.5,4,0,0,36,41,8,44,7,13,0,0,0,66,17,26,39.5,Matches
362,Ferland Mendy,fr FRA,DF,Real Madrid,29-338,1995,11.2,1,1,0,5,7,0,1,9,14,0,0,0,36,4,2,66.7,Matches
363,Víctor Meseguer,es ESP,MF,Valladolid,25-337,1999,4.6,1,0,0,8,5,0,3,2,6,0,0,0,25,10,8,55.6,Matches
364,Miguel,es ESP,FW,Leganés,25-251,1999,18.6,3,0,0,22,30,12,7,4,7,0,0,0,24,29,92,24.0,Matches
365,Éder Militão,br BRA,DF,Real Madrid,27-114,1998,10.4,2,0,0,18,8,0,2,12,17,0,0,0,44,21,12,63.6,Matches
366,Luis Milla,es ESP,MF,Getafe,30-217,1994,29.9,4,0,0,36,46,0,192,22,35,0,1,0,155,30,35,46.2,Matches
367,Pere Milla,es ESP,"MF,FW",Espanyol,32-231,1992,3.5,3,0,0,4,10,2,11,2,1,0,0,0,18,6,6,50.0,Matches
368,Óscar Mingueza,es ESP,"MF,DF",Celta Vigo,25-364,1999,27.4,6,1,0,21,24,2,125,21,21,1,0,0,129,11,10,52.4,Matches
369,Kim Minsu,kr KOR,"MF,FW",Girona,19-113,2006,0.2,0,0,0,0,1,0,0,0,0,0,0,0,1,0,1,0.0,Matches
370,Bojan Miovski,mk MKD,FW,Girona,25-322,1999,9.7,0,0,0,13,11,8,3,2,5,1,0,0,13,13,22,37.1,Matches
371,Rafa Mir,es ESP,"FW,MF",Valencia,27-328,1997,7.0,2,0,0,8,7,5,5,4,6,0,0,0,17,10,17,37.0,Matches
372,Luka Modrić,hr CRO,MF,Real Madrid,39-245,1985,16.8,7,0,0,19,15,2,87,23,18,0,0,0,90,5,11,31.3,Matches
373,Johan Mojica,co COL,DF,Mallorca,32-264,1992,29.3,5,0,0,18,23,0,134,25,23,1,2,0,168,9,17,34.6,Matches
374,Alberto Moleiro,es ESP,"FW,MF",Las Palmas,21-224,2003,28.4,5,0,0,30,39,2,29,18,12,0,0,0,127,5,21,19.2,Matches
375,Nahuel Molina,ar ARG,DF,Atlético Madrid,27-036,1998,16.4,0,0,0,11,7,2,51,12,17,0,0,0,61,10,12,45.5,Matches
Rk,Player,Nation,Pos,Squad,Age,Born,90s,CrdY,CrdR,2CrdY,Fls,Fld,Off,Crs,Int,TklW,PKwon,PKcon,OG,Recov,Won,Lost,Won%,Matches
376,Jon Moncayola,es ESP,MF,Osasuna,26-364,1998,22.9,8,0,0,34,9,0,100,11,40,0,0,0,88,15,16,48.4,Matches
377,Gonzalo Montiel,ar ARG,"DF,MF",Sevilla,28-131,1997,1.3,1,0,0,3,1,0,3,2,2,0,0,0,4,1,0,100.0,Matches
378,Gerard Moreno,es ESP,FW,Villarreal,33-035,1992,7.5,0,0,0,10,10,1,10,2,4,1,0,0,23,17,4,81.0,Matches
379,Mateu Morey,es ESP,DF,Mallorca,25-071,2000,5.6,1,0,0,12,8,1,15,9,13,0,0,0,25,7,4,63.6,Matches
380,Ilaix Moriba,gn GUI,MF,Celta Vigo,22-113,2003,20.7,7,1,1,28,53,2,6,13,37,1,0,0,101,20,24,45.5,Matches
381,Manu Morlanes,es ESP,MF,Mallorca,26-120,1999,14.4,6,0,0,15,13,0,7,24,27,0,0,0,78,10,16,38.5,Matches
382,Raúl Moro,es ESP,"MF,FW",Valladolid,22-158,2002,23.0,2,0,0,4,14,12,128,10,13,0,0,0,78,7,14,33.3,Matches
383,Cristhian Mosquera,es ESP,DF,Valencia,20-319,2004,33.9,6,0,0,14,23,0,1,34,30,0,3,0,177,40,48,45.5,Matches
384,Santiago Mouriño,uy URU,DF,Alavés,23-088,2002,17.5,6,0,0,28,18,1,3,25,24,0,0,0,78,30,27,52.6,Matches
385,Abdul Mumin,gh GHA,DF,Rayo Vallecano,26-340,1998,22.4,6,1,0,22,12,0,6,23,25,0,0,0,93,31,25,55.4,Matches
386,Aihen Muñoz,es ESP,DF,Real Sociedad,27-269,1997,10.3,4,0,0,11,10,0,26,13,12,0,1,0,40,20,17,54.1,Matches
387,Álex Muñoz,es ESP,DF,Las Palmas,30-286,1994,15.2,3,0,0,29,12,2,25,16,29,0,1,0,33,23,21,52.3,Matches
388,Iker Muñoz,es ESP,MF,Osasuna,22-188,2002,5.6,2,0,0,9,11,0,5,4,2,0,0,0,24,10,11,47.6,Matches
389,Javier Muñoz,es ESP,"MF,DF",Las Palmas,30-073,1995,28.5,4,0,0,28,26,2,51,31,34,0,0,0,109,15,26,36.6,Matches
390,Vedat Muriqi,xk KVX,FW,Mallorca,31-018,1994,20.3,1,2,0,25,36,18,9,7,4,1,1,1,43,126,88,58.9,Matches
391,Juan Musso,ar ARG,GK,Atlético Madrid,31-006,1994,1.0,0,0,0,0,1,0,0,0,0,0,0,0,0,0,0,,Matches
392,Matija Nastasić,rs SRB,DF,Leganés,32-045,1993,22.6,3,0,0,14,6,2,0,19,11,1,2,0,47,35,17,67.3,Matches
393,Natan,br BRA,DF,Betis,24-095,2001,20.2,3,1,0,15,10,0,2,23,21,0,0,0,58,53,25,67.9,Matches
394,Pau Navarro,es ESP,DF,Villarreal,20-017,2005,8.0,1,0,0,7,8,0,2,3,14,0,0,0,39,6,13,31.6,Matches
395,Roberto Navarro,es ESP,"MF,FW",Mallorca,23-030,2002,14.2,3,0,0,14,21,2,29,19,22,0,0,0,94,5,9,35.7,Matches
396,Jesús Navas,es ESP,"FW,MF",Sevilla,39-172,1985,4.7,0,0,0,1,4,3,33,4,2,0,0,0,10,5,5,50.0,Matches
397,Yvan Neyou,cm CMR,MF,Leganés,28-129,1997,24.1,14,0,0,32,49,0,15,25,33,0,0,0,113,22,19,53.7,Matches
398,Tanguy Nianzou,fr FRA,DF,Sevilla,22-339,2002,5.8,3,1,1,10,5,0,0,8,5,0,0,1,9,17,2,89.5,Matches
399,Saúl Ñíguez,es ESP,MF,Sevilla,30-172,1994,17.1,7,1,0,42,11,1,18,22,32,0,1,0,86,38,33,53.5,Matches
400,Tamás Nikitscher,hu HUN,MF,Valladolid,25-190,1999,7.3,2,0,0,14,7,0,0,9,7,0,0,0,26,10,5,66.7,Matches
Rk,Player,Nation,Pos,Squad,Age,Born,90s,CrdY,CrdR,2CrdY,Fls,Fld,Off,Crs,Int,TklW,PKwon,PKcon,OG,Recov,Won,Lost,Won%,Matches
401,Adrian Niño,es ESP,FW,Atlético Madrid,20-327,2004,0.1,0,0,0,0,0,0,0,0,0,0,0,0,0,0,1,0.0,Matches
402,Hugo Novoa,es ESP,"DF,MF",Alavés,22-131,2003,2.6,0,0,0,1,1,2,7,0,5,0,0,0,9,1,8,11.1,Matches
403,Randy Nteka,ao ANG,FW,Rayo Vallecano,27-157,1997,12.5,6,0,0,39,15,16,4,4,5,0,0,0,26,41,51,44.6,Matches
404,Unai Núñez,es ESP,DF,Athletic Club,28-102,1997,6.5,4,0,0,9,5,0,0,17,4,0,0,0,26,13,12,52.0,Matches
405,Ørjan Nyland,no NOR,GK,Sevilla,34-244,1990,27.7,2,0,0,1,0,0,0,0,2,0,0,0,26,7,0,100.0,Matches
406,Allan Nyom,cm CMR,"DF,MF",Getafe,37-002,1988,7.8,4,0,0,18,6,0,15,2,7,0,1,0,27,7,14,33.3,Matches
407,Jan Oblak,si SVN,GK,Atlético Madrid,32-125,1993,34.0,0,0,0,0,2,0,0,0,0,0,0,0,25,3,0,100.0,Matches
408,Lucas Ocampos,ar ARG,FW,Sevilla,30-305,1994,1.9,0,0,0,3,2,0,4,0,2,0,0,0,6,3,4,42.9,Matches
409,Álvaro Odriozola,es ESP,DF,Real Sociedad,29-149,1995,0.5,1,0,0,2,1,0,1,0,1,0,0,0,2,1,0,100.0,Matches
410,Thiago Ojeda,ar ARG,MF,Villarreal,22-120,2003,0.1,1,0,0,1,0,0,1,0,0,0,0,0,0,0,0,,Matches
411,Olasagasti,es ESP,MF,Real Sociedad,24-269,2000,9.0,2,0,0,14,7,0,10,14,9,0,0,0,41,12,22,35.3,Matches
412,Brian Oliván,es ESP,DF,Espanyol,31-041,1994,11.3,2,0,0,13,6,3,55,10,10,0,0,0,28,3,10,23.1,Matches
413,Lucas Oliveira Rosa,br BRA,DF,Valladolid,25-039,2000,21.0,6,0,0,35,19,1,36,28,33,0,0,0,87,18,10,64.3,Matches
414,Dani Olmo,es ESP,"MF,FW",Barcelona,27-005,1998,11.4,0,0,0,17,20,1,16,3,9,2,0,0,42,9,7,56.3,Matches
415,Aimar Oroz,es ESP,"MF,FW",Osasuna,23-166,2001,29.0,8,0,0,26,58,5,23,18,18,0,0,0,141,15,21,41.7,Matches
416,Ángel Ortíz,es ESP,DF,Betis,20-291,2004,3.8,0,0,0,6,6,0,18,5,7,0,0,0,14,5,7,41.7,Matches
417,Gabriel Osei Misehouy,nl NED,"FW,MF",Girona,19-298,2005,2.9,0,0,0,1,5,2,6,0,1,0,0,0,11,0,3,0.0,Matches
418,David Otorbi,es ESP,MF,Valencia,17-208,2007,0.2,0,0,0,0,0,0,0,0,0,0,0,0,0,0,0,,Matches
419,Jesús Owono,gq EQG,GK,Alavés,24-072,2001,5.4,0,0,0,1,2,0,0,0,1,0,1,0,3,0,0,,Matches
420,Mikel Oyarzabal,es ESP,"FW,MF",Real Sociedad,28-021,1997,22.8,4,1,0,12,20,16,9,4,13,1,0,0,42,29,72,28.7,Matches
421,Cenk Özkacar,tr TUR,DF,Valladolid,24-218,2000,5.9,1,0,0,3,0,0,0,12,3,0,0,0,20,8,12,40.0,Matches
422,Jon Pacheco,es ESP,DF,Real Sociedad,24-124,2001,8.5,3,0,0,18,5,0,0,8,9,0,0,0,33,19,16,54.3,Matches
423,Alex Padilla,es ESP,GK,Athletic Club,21-253,2003,3.6,0,0,0,0,1,0,0,0,0,0,0,1,4,1,0,100.0,Matches
424,Isaac Palazón Camacho,es ESP,"MF,FW",Rayo Vallecano,30-136,1994,21.0,5,0,0,37,46,3,86,8,17,0,0,0,94,16,38,29.6,Matches
425,Aitor Paredes,es ESP,DF,Athletic Club,25-013,2000,18.1,4,1,1,21,5,0,1,22,9,0,1,0,56,28,26,51.9,Matches
Rk,Player,Nation,Pos,Squad,Age,Born,90s,CrdY,CrdR,2CrdY,Fls,Fld,Off,Crs,Int,TklW,PKwon,PKcon,OG,Recov,Won,Lost,Won%,Matches
426,Daniel Parejo,es ESP,MF,Villarreal,36-026,1989,23.7,8,0,0,19,32,1,34,24,38,0,0,0,135,23,9,71.9,Matches
427,Álvaro Pascual,es ESP,FW,Sevilla,23-131,2002,2.5,1,0,0,6,5,0,2,2,0,0,0,0,4,1,2,33.3,Matches
428,Alfonso Pedraza,es ESP,"DF,MF",Villarreal,29-033,1996,3.3,0,0,0,3,2,0,24,4,2,0,0,0,12,5,1,83.3,Matches
429,Pedri,es ESP,MF,Barcelona,22-168,2002,28.6,2,0,0,9,46,2,53,26,30,0,0,0,232,6,6,50.0,Matches
430,Adrià Pedrosa,es ESP,DF,Sevilla,26-364,1998,24.1,7,0,0,37,17,3,92,21,32,0,0,0,94,11,27,28.9,Matches
431,Pejiño,es ESP,FW,Las Palmas,28-287,1996,0.2,0,0,0,1,0,0,1,0,1,0,0,0,2,0,0,,Matches
432,Andy Pelmard,fr FRA,DF,Las Palmas,25-061,2000,2.3,1,0,0,2,3,0,2,2,0,0,0,0,4,1,1,50.0,Matches
433,Iñaki Peña,es ESP,GK,Barcelona,26-071,1999,14.5,1,0,0,0,0,0,0,0,0,0,0,0,63,1,0,100.0,Matches
434,Rubén Peña,es ESP,"FW,DF",Osasuna,33-298,1991,7.6,1,0,0,11,7,0,50,5,3,1,0,0,31,6,14,30.0,Matches
435,Nicolas Pépé,ci CIV,"FW,MF",Villarreal,29-348,1995,14.6,3,0,0,20,21,8,41,5,8,1,0,0,43,16,18,47.1,Matches
436,Peque,es ESP,"MF,FW",Sevilla,22-220,2002,12.1,1,0,0,22,26,2,9,8,5,0,1,0,41,8,25,24.2,Matches
437,Ayoze Pérez,es ESP,FW,Villarreal,31-287,1993,20.5,4,0,0,22,38,6,15,7,12,0,0,0,55,13,29,31.0,Matches
438,Carles Pérez,es ESP,"MF,FW",Getafe,27-085,1998,15.9,2,0,0,44,11,1,42,6,23,0,0,0,50,13,27,32.5,Matches
439,Francisco Perez,es ESP,"FW,MF",Valencia,22-245,2002,5.5,1,0,0,5,11,0,24,3,12,0,0,0,22,5,7,41.7,Matches
440,Kike Pérez,es ESP,MF,Valladolid,28-087,1997,13.2,6,0,0,32,21,1,33,7,26,0,0,0,60,12,15,44.4,Matches
441,Luis Pérez,es ESP,DF,Valladolid,30-097,1995,27.9,2,0,0,13,24,3,103,28,27,0,1,0,76,15,33,31.3,Matches
442,Romain Perraud,fr FRA,DF,Betis,27-232,1997,20.1,7,1,0,24,38,5,64,21,21,0,1,0,85,9,15,37.5,Matches
443,Valentín Pezzolesi,es ESP,DF,Las Palmas,18-026,2007,0.1,0,0,0,0,0,0,0,0,0,0,0,0,1,0,0,,Matches
444,Pica,es ESP,DF,Alavés,23-131,2002,5.4,1,0,0,6,3,0,2,8,7,0,0,0,12,17,10,63.0,Matches
445,Yeremi Pino,es ESP,MF,Villarreal,22-204,2002,19.2,10,0,0,44,26,15,46,8,27,1,0,0,80,11,12,47.8,Matches
446,Portu,es ESP,"FW,MF",Girona,32-356,1992,7.0,4,0,0,13,9,6,25,0,5,0,0,0,21,10,11,47.6,Matches
447,Beñat Prados,es ESP,MF,Athletic Club,24-093,2001,17.9,7,0,0,34,15,0,8,28,33,0,0,0,85,28,22,56.0,Matches
448,Abdón Prats,es ESP,"FW,MF",Mallorca,32-156,1992,5.1,4,0,0,6,19,2,0,1,1,1,0,0,13,19,32,37.3,Matches
449,Javi Puado,es ESP,"FW,MF",Espanyol,26-352,1998,29.5,6,0,0,18,25,5,25,5,15,1,0,0,90,8,26,23.5,Matches
450,Dani Raba,es ESP,"FW,MF",Leganés,29-195,1995,18.1,5,0,0,36,53,9,73,14,21,1,0,0,78,4,15,21.1,Matches
Rk,Player,Nation,Pos,Squad,Age,Born,90s,CrdY,CrdR,2CrdY,Fls,Fld,Off,Crs,Int,TklW,PKwon,PKcon,OG,Recov,Won,Lost,Won%,Matches
451,Arnau Rafús,es ESP,GK,Valladolid,22-015,2003,1.0,0,0,0,0,0,0,0,0,0,0,0,0,3,0,0,,Matches
452,Antonio Raillo,es ESP,DF,Mallorca,33-216,1991,32.6,7,1,0,46,9,2,3,27,17,0,0,0,91,118,77,60.5,Matches
453,Benito Ramírez,es ESP,"DF,MF",Las Palmas,29-305,1995,4.3,2,1,0,4,6,0,30,1,5,0,0,0,27,3,9,25.0,Matches
454,Sandro Ramírez,es ESP,"FW,MF",Las Palmas,29-307,1995,21.6,6,0,0,23,40,5,121,16,15,1,1,0,89,12,15,44.4,Matches
455,Jacobo Ramón,es ESP,DF,Real Madrid,20-126,2005,0.3,1,0,0,0,0,0,0,0,1,0,0,0,0,0,0,,Matches
456,Raphinha,br BRA,"FW,MF",Barcelona,28-149,1996,27.8,4,0,0,9,35,8,195,8,21,2,0,0,84,9,5,64.3,Matches
457,Andrei Ratiu,ro ROU,DF,Rayo Vallecano,26-326,1998,31.1,5,0,0,22,17,5,71,26,37,0,0,0,162,17,28,37.8,Matches
458,Raúl,es ESP,"FW,MF",Osasuna,24-190,2000,7.7,0,0,0,9,12,6,6,0,6,0,0,0,13,18,16,52.9,Matches
459,Abderrahman Rebbach,dz ALG,"FW,MF",Alavés,26-274,1998,4.3,1,0,0,5,6,2,17,0,2,0,0,0,16,1,11,8.3,Matches
460,Álex Remiro,es ESP,GK,Real Sociedad,30-049,1995,34.0,0,0,0,0,6,0,0,0,0,0,0,0,58,5,0,100.0,Matches
461,Diego Rico,es ESP,DF,Getafe,32-078,1993,28.3,8,1,0,36,52,3,136,32,46,1,0,0,117,22,18,55.0,Matches
462,Luis Rioja,es ESP,FW,Alavés,31-208,1993,0.3,0,0,0,1,1,0,6,0,1,0,0,0,1,0,0,,Matches
463,Luis Rioja,es ESP,"MF,FW",Valencia,31-208,1993,29.2,5,0,0,16,37,10,193,22,20,0,0,0,103,13,22,37.1,Matches
464,Rodrigo Riquelme,es ESP,"MF,DF",Atlético Madrid,25-040,2000,5.7,0,0,0,8,8,4,34,2,5,0,0,0,21,3,3,50.0,Matches
465,Alberto Risco,es ESP,"MF,FW",Getafe,19-255,2005,0.8,0,0,0,1,2,0,4,0,4,0,0,0,5,1,3,25.0,Matches
466,Mihailo Ristić,rs SRB,"MF,DF",Celta Vigo,29-193,1995,3.0,1,0,0,6,2,0,6,1,3,0,0,0,13,0,9,0.0,Matches
467,Gorka Rivera Alonso,es ESP,"DF,MF",Getafe,20-284,2004,0.2,0,0,0,1,1,0,0,0,0,0,0,0,1,0,1,0.0,Matches
468,Marc Roca,es ESP,MF,Betis,28-167,1996,10.1,4,0,0,16,5,0,10,14,14,0,0,0,51,5,13,27.8,Matches
469,Rodri,es ESP,FW,Betis,24-361,2000,1.3,0,0,0,2,2,1,6,1,1,0,0,0,10,0,2,0.0,Matches
470,Adrian Rodriguez,es ESP,GK,Alavés,24-151,2000,1.4,1,0,0,0,3,0,0,0,0,0,0,0,0,0,0,,Matches
471,Álvaro Rodríguez,uy URU,FW,Getafe,20-302,2004,8.6,5,0,0,28,19,6,5,3,6,0,0,0,29,90,72,55.6,Matches
472,Óscar Rodríguez Arnaiz,es ESP,"MF,FW",Leganés,26-318,1998,13.9,6,1,0,18,23,1,52,18,16,1,1,0,52,11,23,32.4,Matches
473,Damián Rodríguez,es ESP,MF,Celta Vigo,22-056,2003,10.3,3,0,0,13,9,0,30,7,9,0,0,0,49,0,4,0.0,Matches
474,Dani Rodríguez,es ESP,"MF,FW",Mallorca,36-340,1988,22.7,5,0,0,49,39,8,116,12,27,0,0,0,65,24,37,39.3,Matches
475,Daniel Rodriguez,es ESP,FW,Barcelona,19-276,2005,0.4,0,0,0,0,0,0,3,0,0,0,0,0,0,0,0,,Matches
Rk,Player,Nation,Pos,Squad,Age,Born,90s,CrdY,CrdR,2CrdY,Fls,Fld,Off,Crs,Int,TklW,PKwon,PKcon,OG,Recov,Won,Lost,Won%,Matches
476,James Rodríguez,co COL,"MF,FW",Rayo Vallecano,33-304,1991,1.6,1,0,0,2,1,3,13,1,2,0,0,0,8,2,3,40.0,Matches
477,Javi Rodríguez,es ESP,DF,Celta Vigo,21-320,2003,24.9,7,0,0,34,20,0,4,31,35,0,0,0,77,36,31,53.7,Matches
478,Jesus Rodríguez,es ESP,FW,Betis,19-172,2005,10.8,0,0,0,13,37,2,16,6,14,1,0,0,49,3,6,33.3,Matches
479,Kirian Rodríguez,es ESP,MF,Las Palmas,29-068,1996,19.5,2,0,0,9,18,0,18,10,17,0,0,0,100,13,17,43.3,Matches
480,Ricardo Rodríguez,ch SUI,DF,Betis,32-260,1992,12.3,0,0,0,11,6,0,15,6,13,0,0,0,47,25,16,61.0,Matches
481,Rodrygo,br BRA,"FW,MF",Real Madrid,24-123,2001,21.4,0,0,0,8,37,1,81,11,14,1,0,0,71,7,16,30.4,Matches
482,Leo Román,es ESP,GK,Mallorca,24-310,2000,6.0,0,0,0,0,1,0,0,0,0,0,0,0,7,0,0,,Matches
483,Carlos Romero,es ESP,DF,Espanyol,23-195,2001,24.4,7,0,0,27,14,1,69,23,37,0,2,0,106,12,22,35.3,Matches
484,Isaac Romero,es ESP,FW,Sevilla,24-359,2000,23.9,10,0,0,37,37,11,18,7,7,1,1,0,59,29,51,36.3,Matches
485,Luka Romero,ar ARG,"FW,MF",Alavés,20-175,2004,2.2,0,0,0,3,3,1,10,1,4,1,0,0,9,2,4,33.3,Matches
486,Oriol Romeu,es ESP,MF,Girona,33-230,1991,13.8,5,0,0,26,14,0,7,11,22,0,1,0,66,12,15,44.4,Matches
487,Vitor Roque,br BRA,FW,Betis,20-073,2005,13.7,4,0,0,30,30,5,6,7,6,2,0,0,35,15,29,34.1,Matches
488,Valentin Rosier,fr FRA,DF,Leganés,28-266,1996,27.1,8,0,0,43,17,8,38,50,51,0,0,0,119,24,16,60.0,Matches
489,Antonio Rüdiger,de GER,DF,Real Madrid,32-070,1993,25.5,3,0,0,15,15,2,4,9,13,2,1,0,102,35,24,59.3,Matches
490,Aitor Ruibal,es ESP,"DF,FW",Betis,29-051,1996,11.0,5,0,0,9,15,2,26,11,15,0,0,0,54,5,12,29.4,Matches
491,Abel Ruiz,es ESP,FW,Girona,25-104,2000,13.6,3,0,0,6,13,5,4,4,2,0,0,0,20,7,19,26.9,Matches
492,Ferrán Ruiz,es ESP,MF,Girona,22-016,2003,0.2,0,0,0,0,0,0,0,1,0,0,0,0,1,0,1,0.0,Matches
493,Youssouf Sabaly,sn SEN,DF,Betis,32-068,1993,17.3,1,0,0,18,11,1,30,13,25,0,0,0,85,9,13,40.9,Matches
494,Umar Sadiq,ng NGA,FW,Valencia,28-099,1997,7.5,4,0,0,27,12,9,0,1,5,0,0,0,13,22,18,55.0,Matches
495,Umar Sadiq,ng NGA,FW,Real Sociedad,28-099,1997,2.5,1,0,0,8,1,5,2,1,1,0,0,0,5,9,11,45.0,Matches
496,Jorge Sáenz,es ESP,DF,Leganés,28-176,1996,14.8,3,1,0,21,12,0,0,21,21,0,1,1,46,34,28,54.8,Matches
497,Jan Salas,es ESP,MF,Mallorca,19-275,2005,0.3,0,0,0,0,2,0,0,0,1,0,0,0,2,1,0,100.0,Matches
498,Kike Salas,es ESP,DF,Sevilla,23-019,2002,22.4,6,0,0,19,14,0,9,31,26,0,0,0,85,75,28,72.8,Matches
499,Albert Sambi Lokonga,be BEL,MF,Sevilla,25-202,1999,15.6,4,0,0,20,21,0,2,9,15,0,0,0,66,28,11,71.8,Matches
500,Chuky san jose,es ESP,MF,Valladolid,21-013,2004,7.8,1,0,0,3,10,4,23,0,2,0,0,0,19,1,10,9.1,Matches
Rk,Player,Nation,Pos,Squad,Age,Born,90s,CrdY,CrdR,2CrdY,Fls,Fld,Off,Crs,Int,TklW,PKwon,PKcon,OG,Recov,Won,Lost,Won%,Matches
501,Oihan Sancet,es ESP,MF,Athletic Club,25-017,2000,16.3,2,0,0,13,19,3,17,5,7,0,0,0,66,10,12,45.5,Matches
502,Antonio Sánchez,es ESP,"MF,DF",Mallorca,28-131,1997,13.8,2,0,0,23,11,3,26,17,16,0,0,0,66,6,13,31.6,Matches
503,Iván Sánchez,es ESP,"MF,FW",Valladolid,32-231,1992,14.3,4,0,0,15,43,3,96,13,19,0,0,0,56,10,11,47.6,Matches
504,Javi Sánchez,es ESP,DF,Valladolid,28-059,1997,22.5,6,0,0,19,3,0,0,22,16,0,2,0,57,34,31,52.3,Matches
505,Juanlu Sánchez,es ESP,"MF,DF",Sevilla,21-270,2003,16.5,5,1,1,16,9,1,33,12,27,0,0,0,56,18,18,50.0,Matches
506,Manu Sánchez,es ESP,DF,Alavés,24-261,2000,25.5,6,1,0,49,18,1,74,28,45,0,1,0,90,7,26,21.2,Matches
507,Maroan Sannadi,es ESP,FW,Athletic Club,24-100,2001,5.7,0,0,0,14,17,4,2,0,0,1,0,0,15,11,14,44.0,Matches
508,Jesús Santiago,es ESP,MF,Getafe,20-352,2004,3.6,5,0,0,14,6,0,2,1,8,0,0,0,20,1,4,20.0,Matches
509,Aleksandar Sedlar,rs SRB,DF,Alavés,33-150,1991,5.7,1,1,0,9,5,0,0,9,9,0,0,0,16,8,6,57.1,Matches
510,Sergi,es ESP,DF,Leganés,33-022,1992,31.4,2,1,0,29,9,7,1,39,28,1,1,1,79,60,58,50.8,Matches
511,Nicolás Serrano,es ESP,FW,Athletic Club,22-068,2003,1.2,0,0,0,2,2,0,13,1,1,0,0,0,3,0,2,0.0,Matches
512,Fábio Silva,pt POR,FW,Las Palmas,22-297,2002,20.7,7,0,0,39,43,20,21,4,7,0,0,0,48,51,52,49.5,Matches
513,Rui Silva,pt POR,GK,Betis,31-094,1994,15.0,1,0,0,1,2,0,0,0,0,0,1,0,25,2,0,100.0,Matches
514,Giuliano Simeone,ar ARG,MF,Atlético Madrid,22-145,2002,19.7,4,0,0,20,39,7,45,12,12,1,0,0,71,11,23,32.4,Matches
515,Unai Simón,es ESP,GK,Athletic Club,27-335,1997,17.0,0,0,0,0,3,0,0,1,0,0,0,0,24,5,0,100.0,Matches
516,Daley Sinkgraven,nl NED,DF,Las Palmas,29-312,1995,1.0,0,0,0,2,2,0,4,1,1,0,0,0,6,1,0,100.0,Matches
517,Jailson Siqueira,br BRA,"DF,MF",Celta Vigo,29-247,1995,6.8,2,0,0,4,4,0,1,9,11,0,0,1,32,18,17,51.4,Matches
518,Antonio Sivera,es ESP,GK,Alavés,28-274,1996,27.2,6,1,0,4,4,0,0,0,1,0,3,1,20,5,1,83.3,Matches
519,Justin Smith,ca CAN,MF,Espanyol,22-097,2003,2.3,0,0,0,5,2,0,1,4,3,0,0,0,8,3,0,100.0,Matches
520,Alex Sola,es ESP,"MF,FW",Getafe,25-337,1999,11.4,4,0,0,24,26,7,18,7,14,0,0,0,47,18,28,39.1,Matches
521,Arnau Solà,es ESP,MF,Villarreal,22-038,2003,0.1,0,0,0,1,0,0,0,0,0,0,0,0,0,0,0,,Matches
522,Jhon Solis,co COL,MF,Girona,20-221,2004,5.3,2,0,0,7,5,0,3,4,5,0,0,0,23,3,4,42.9,Matches
523,David Soria,es ESP,GK,Getafe,32-038,1993,35.0,2,0,0,0,0,0,0,1,4,0,0,0,27,6,0,100.0,Matches
524,Juan Soriano,es ESP,GK,Leganés,27-262,1997,6.0,1,1,0,0,3,0,0,0,1,0,0,1,5,0,0,,Matches
525,Hugo Sotelo,es ESP,MF,Celta Vigo,21-144,2003,13.9,4,0,0,18,9,1,50,5,17,0,0,0,70,2,10,16.7,Matches
Rk,Player,Nation,Pos,Squad,Age,Born,90s,CrdY,CrdR,2CrdY,Fls,Fld,Off,Crs,Int,TklW,PKwon,PKcon,OG,Recov,Won,Lost,Won%,Matches
526,Djibril Sow,ch SUI,MF,Sevilla,28-095,1997,20.7,5,0,0,21,37,0,9,22,12,0,0,0,103,22,22,50.0,Matches
527,Carl Starfelt,se SWE,DF,Celta Vigo,29-345,1995,25.2,5,0,0,21,11,0,0,31,20,0,0,0,77,60,51,54.1,Matches
528,Orri Steinn Óskarsson,is ISL,FW,Real Sociedad,20-256,2004,10.5,1,0,0,7,6,10,7,2,6,0,0,0,15,31,55,36.0,Matches
529,Stoichkov,es ESP,"MF,FW",Alavés,31-188,1993,7.8,1,0,0,9,16,5,13,1,9,0,0,0,44,5,15,25.0,Matches
530,Cristhian Stuani,uy URU,FW,Girona,38-212,1986,10.0,3,0,0,29,5,9,2,5,7,0,0,0,11,19,16,54.3,Matches
531,Álex Suárez,es ESP,DF,Las Palmas,32-055,1993,26.6,12,0,0,25,21,1,0,12,22,0,1,2,66,25,48,34.2,Matches
532,Denis Suárez,es ESP,MF,Villarreal,31-126,1994,5.9,0,0,0,1,6,0,23,1,7,0,0,0,19,1,6,14.3,Matches
533,Luka Sučić,hr CRO,MF,Real Sociedad,22-246,2002,18.5,3,0,0,11,15,3,18,13,17,0,0,0,99,24,24,50.0,Matches
534,Suso,es ESP,"FW,MF",Sevilla,31-174,1993,3.9,2,0,0,3,10,1,37,2,3,0,0,0,19,2,4,33.3,Matches
535,Williot Swedberg,se SWE,"FW,MF",Celta Vigo,21-100,2004,13.8,1,0,0,19,27,7,18,3,13,0,0,0,40,7,15,31.8,Matches
536,Mamadou Sylla,sn SEN,"FW,MF",Valladolid,31-053,1994,16.5,5,0,0,15,30,13,9,3,3,2,0,0,32,40,57,41.2,Matches
537,Wojciech Szczęsny,pl POL,GK,Barcelona,35-024,1990,13.0,0,0,0,0,1,0,0,0,1,0,0,0,44,0,0,,Matches
538,Alexander Sørloth,no NOR,FW,Atlético Madrid,29-158,1995,15.6,4,0,0,23,13,6,5,1,4,0,0,0,38,91,47,65.9,Matches
539,Renato Tapia,pe PER,"MF,DF",Leganés,29-288,1995,23.2,7,0,0,32,32,0,12,23,31,0,0,0,139,25,20,55.6,Matches
540,César Tárrega,es ESP,DF,Valencia,23-075,2002,30.6,6,0,0,50,14,0,1,21,36,0,2,2,91,83,58,58.9,Matches
541,Aurélien Tchouaméni,fr FRA,"DF,MF",Real Madrid,25-105,2000,27.3,4,0,0,25,22,0,10,43,20,0,1,0,131,69,24,74.2,Matches
542,Álvaro Tejero,es ESP,"MF,DF",Espanyol,28-296,1996,13.2,2,0,0,13,19,1,103,12,4,0,0,0,63,10,11,47.6,Matches
543,Martín Tejón,es ESP,"MF,DF",Valencia,21-030,2004,0.5,0,0,0,1,1,0,1,0,0,0,0,0,4,0,3,0.0,Matches
544,Nahuel Tenaglia,ar ARG,DF,Alavés,29-080,1996,29.3,11,0,0,33,42,2,75,37,52,1,0,0,106,40,46,46.5,Matches
545,Marc-André ter Stegen,de GER,GK,Barcelona,33-012,1992,6.5,0,0,0,0,2,0,0,0,0,0,0,0,8,1,0,100.0,Matches
546,Ramón Terrats,es ESP,"MF,FW",Villarreal,24-206,2000,1.5,1,0,0,2,2,0,5,2,3,0,0,0,11,3,2,60.0,Matches
547,Ramón Terrats,es ESP,"MF,FW",Getafe,24-206,2000,11.1,1,0,0,10,20,3,27,5,9,0,0,0,43,13,9,59.1,Matches
548,Raúl de Tomás,es ESP,"DF,FW",Rayo Vallecano,30-207,1994,0.2,0,0,0,1,2,0,0,0,2,0,0,0,2,0,0,,Matches
549,Pablo Torre,es ESP,"MF,FW",Barcelona,22-039,2003,3.4,0,0,0,4,8,1,13,3,4,0,0,0,15,1,6,14.3,Matches
550,David Torres,es ESP,DF,Valladolid,22-068,2003,15.4,5,0,0,13,3,0,3,10,8,0,0,1,27,20,21,48.8,Matches
Rk,Player,Nation,Pos,Squad,Age,Born,90s,CrdY,CrdR,2CrdY,Fls,Fld,Off,Crs,Int,TklW,PKwon,PKcon,OG,Recov,Won,Lost,Won%,Matches
551,Ferrán Torres,es ESP,"FW,MF",Barcelona,25-072,2000,11.3,1,1,0,5,13,6,17,4,4,0,0,0,26,5,8,38.5,Matches
552,Lucas Torró,es ESP,MF,Osasuna,30-297,1994,29.4,10,0,0,73,37,1,1,43,39,0,2,0,157,150,54,73.5,Matches
553,Hamari Traoré,ml MLI,DF,Real Sociedad,33-105,1992,6.4,1,0,0,11,3,0,6,8,11,0,0,0,24,8,9,47.1,Matches
554,Óscar Trejo,ar ARG,MF,Rayo Vallecano,37-016,1988,5.4,1,0,0,17,11,1,7,4,5,0,0,0,21,4,7,36.4,Matches
555,Viktor Tsyhankov,ua UKR,"FW,MF",Girona,27-178,1997,18.3,1,0,0,13,26,3,114,11,11,1,0,0,60,7,15,31.8,Matches
556,Beñat Turrientes,es ESP,MF,Real Sociedad,23-101,2002,9.4,4,0,0,12,22,0,18,5,6,0,0,0,37,10,18,35.7,Matches
557,Chrisantus Uche,ng NGA,"FW,MF",Getafe,21-358,2003,24.8,8,2,1,50,65,17,19,9,17,0,0,0,100,82,116,41.4,Matches
558,Naci Ünüvar,nl NED,"MF,DF",Espanyol,21-333,2003,0.3,0,0,0,0,1,1,2,0,2,0,0,0,3,0,0,,Matches
559,Óscar Valentín,es ESP,MF,Rayo Vallecano,30-265,1994,19.5,4,0,0,55,30,0,2,21,40,0,0,0,103,31,38,44.9,Matches
560,Germán Valera,es ESP,MF,Valencia,23-057,2002,1.6,0,0,0,2,4,0,6,4,1,0,0,0,4,1,2,33.3,Matches
561,Martin Valjent,sk SVK,DF,Mallorca,29-152,1995,28.7,4,0,0,15,11,0,9,17,19,0,0,0,94,47,38,55.3,Matches
562,Jesús Vallejo,es ESP,DF,Real Madrid,28-127,1997,0.1,0,0,0,0,0,0,0,0,0,0,0,0,1,0,1,0.0,Matches
563,Federico Valverde,uy URU,"MF,DF",Real Madrid,26-294,1998,29.7,3,0,0,9,14,1,24,51,26,0,0,0,150,25,13,65.8,Matches
564,Siebe Van Der Heyden,be BEL,"DF,MF",Mallorca,26-347,1998,1.1,0,0,0,2,0,0,2,2,1,0,0,0,5,2,1,66.7,Matches
565,Ruben Vargas,ch SUI,"FW,MF",Sevilla,26-280,1998,7.5,0,0,0,11,9,3,37,3,4,0,0,0,31,7,6,53.8,Matches
566,José Luis García Vayá,es ESP,MF,Valencia,26-274,1998,18.3,8,1,0,26,17,1,107,16,23,0,0,0,94,23,19,54.8,Matches
567,Jesus Vazquez,es ESP,DF,Valencia,22-130,2003,9.2,3,0,0,16,10,1,21,7,16,0,0,0,37,10,13,43.5,Matches
568,Lucas Vázquez,es ESP,DF,Real Madrid,33-315,1991,22.4,4,0,0,27,31,3,61,17,32,0,0,0,74,6,13,31.6,Matches
569,Alejo Véliz,ar ARG,FW,Espanyol,21-235,2003,11.2,3,0,0,17,27,5,0,4,1,0,0,0,20,46,51,47.4,Matches
570,Mikel Vesga,es ESP,MF,Athletic Club,31-356,1993,9.8,1,0,0,12,3,0,7,13,14,0,0,0,56,18,11,62.1,Matches
571,Carlos Vicente,es ESP,"FW,MF",Alavés,26-019,1999,30.4,2,0,0,31,51,8,235,13,26,0,0,0,112,31,53,36.9,Matches
572,Pau Victor Delgado,es ESP,FW,Barcelona,23-167,2001,3.3,2,0,0,7,3,0,2,2,1,0,0,0,14,3,1,75.0,Matches
573,Nacho Vidal,es ESP,DF,Osasuna,30-108,1995,1.4,0,0,0,2,1,0,2,0,0,0,0,0,5,3,1,75.0,Matches
574,Fran Vieites,es ESP,GK,Betis,26-005,1999,4.0,0,0,0,0,2,0,0,0,0,0,0,0,7,1,0,100.0,Matches
575,Asier Villalibre,es ESP,FW,Alavés,27-224,1997,3.5,2,0,0,11,7,1,2,1,1,0,0,0,7,19,10,65.5,Matches
Rk,Player,Nation,Pos,Squad,Age,Born,90s,CrdY,CrdR,2CrdY,Fls,Fld,Off,Crs,Int,TklW,PKwon,PKcon,OG,Recov,Won,Lost,Won%,Matches
576,Iván Villar,es ESP,GK,Celta Vigo,27-307,1997,4.0,0,0,0,0,0,0,0,0,0,0,0,0,10,1,1,50.0,Matches
577,Viti,es ESP,DF,Las Palmas,27-238,1997,20.5,5,0,0,27,29,0,45,26,45,0,0,0,79,18,19,48.6,Matches
578,Daniel Vivian,es ESP,DF,Athletic Club,25-301,1999,25.7,3,0,0,27,16,1,8,38,23,0,1,0,149,32,29,52.5,Matches
579,Iñaki Williams,gh GHA,FW,Athletic Club,30-331,1994,29.0,1,0,0,21,39,16,114,12,10,1,0,0,87,30,20,60.0,Matches
580,Nico Williams,es ESP,FW,Athletic Club,22-304,2002,21.3,1,0,0,16,35,10,107,6,17,0,0,0,88,11,17,39.3,Matches
581,Axel Witsel,be BEL,DF,Atlético Madrid,36-120,1989,8.5,1,0,0,4,3,1,0,9,12,0,0,0,30,23,14,62.2,Matches
582,Lamine Yamal,es ESP,FW,Barcelona,17-303,2007,27.7,3,0,0,26,54,12,90,13,26,2,0,0,105,1,1,50.0,Matches
583,Daniel Yáñez,es ESP,FW,Real Madrid,18-045,2007,0.0,0,0,0,0,1,0,0,0,0,0,0,0,0,0,0,,Matches
584,Bertuğ Yıldırım,tr TUR,FW,Getafe,22-304,2002,11.8,7,0,0,32,17,14,7,1,5,1,0,0,22,73,60,54.9,Matches
585,Arsen Zakharyan,ru RUS,"MF,FW",Real Sociedad,21-351,2003,0.8,0,0,0,1,0,0,1,1,1,0,0,0,2,0,0,,Matches
586,Bryan Zaragoza,es ESP,"FW,MF",Osasuna,24-017,2001,16.9,4,0,0,14,30,7,80,1,9,0,0,0,42,1,9,10.0,Matches
587,Igor Zubeldia,es ESP,DF,Real Sociedad,28-043,1997,23.2,6,1,0,36,10,0,1,25,22,0,1,0,73,60,79,43.2,Matches
588,Martín Zubimendi,es ESP,MF,Real Sociedad,26-099,1999,30.7,5,0,0,41,19,0,12,40,37,1,0,0,133,50,31,61.7,Matches
