Unnamed: 0_level_0,Unnamed: 1_level_0,Unnamed: 2_level_0,Unnamed: 3_level_0,Unnamed: 4_level_0,Unnamed: 5_level_0,Unnamed: 6_level_0,Unnamed: 7_level_0,Tackles,Tackles,Tackles,Tackles,Tackles,Challenges,Challenges,Challenges,Challenges,Blocks,Blocks,Blocks,Unnamed: 20_level_0,Unnamed: 21_level_0,Unnamed: 22_level_0,Unnamed: 23_level_0,Unnamed: 24_level_0
Rk,Player,Nation,Pos,Squad,Age,Born,90s,Tkl,TklW,Def 3rd,Mid 3rd,Att 3rd,Tkl,Att,Tkl%,Lost,Blocks,Sh,Pass,Int,Tkl+Int,Clr,Err,Matches
1,Max Aarons,eng ENG,"DF,MF",Valencia,25-127,2000,1.2,3,3,2,1,0,3,3,100.0,0,1,0,1,0,3,3,0,Matches
2,Rodrigo Abajas,es ESP,DF,Valencia,21-364,2003,0.7,3,2,2,1,0,3,3,100.0,0,1,0,1,1,4,0,0,Matches
3,Abel,es ESP,DF,Osasuna,24-263,2000,22.4,59,35,28,24,7,37,59,62.7,22,28,4,24,18,77,61,2,Matches
4,Nabil Aberdin,fr FRA,MF,Getafe,22-261,2002,2.9,6,4,3,3,0,1,1,100.0,0,3,0,3,0,6,5,0,Matches
5,Abdel Abqar,ma MAR,DF,Alavés,26-062,1999,27.4,36,23,24,11,1,20,34,58.8,14,28,18,10,39,75,146,1,Matches
6,Akor Adams,ng NGA,FW,Sevilla,25-102,2000,1.5,0,0,0,0,0,0,0,,0,1,0,1,0,0,1,0,Matches
7,Adrián,es ESP,GK,Betis,38-128,1987,15.0,0,0,0,0,0,0,2,0.0,2,0,0,0,0,0,9,2,Matches
8,Julen Agirrezabala,es ESP,GK,Athletic Club,24-136,2000,13.4,0,0,0,0,0,0,1,0.0,1,0,0,0,0,0,4,0,Matches
9,Lucien Agoume,fr FRA,MF,Sevilla,23-091,2002,20.5,59,25,18,32,9,21,31,67.7,10,25,9,16,35,94,35,0,Matches
10,Álvaro Aguado,es ESP,MF,Espanyol,29-010,1996,4.8,4,2,2,2,0,2,8,25.0,6,6,1,5,4,8,5,1,Matches
11,Lorenzo Aguado,es ESP,DF,Real Madrid,22-234,2002,0.1,0,0,0,0,0,0,0,,0,0,0,0,0,0,2,0,Matches
12,Nayef Aguerd,ma MAR,DF,Real Sociedad,29-042,1996,19.6,30,24,17,12,1,12,18,66.7,6,21,15,6,13,43,91,0,Matches
13,Joseph Aidoo,gh GHA,DF,Valladolid,29-224,1995,6.0,5,5,3,2,0,2,3,66.7,1,6,3,3,4,9,22,1,Matches
14,Joseph Aidoo,gh GHA,DF,Celta Vigo,29-224,1995,0.0,1,0,1,0,0,0,0,,0,0,0,0,0,1,0,0,Matches
15,Ilias Akhomach,ma MAR,"MF,FW",Villarreal,21-025,2004,6.5,12,7,4,4,4,6,12,50.0,6,8,0,8,3,15,13,0,Matches
16,David Alaba,at AUT,DF,Real Madrid,32-321,1992,3.5,1,0,1,0,0,0,0,,0,5,5,0,6,7,7,0,Matches
17,Raúl Albiol,es ESP,DF,Villarreal,39-249,1985,13.2,10,9,9,1,0,6,10,60.0,4,10,9,1,6,16,69,1,Matches
18,Omar Alderete,py PAR,DF,Getafe,28-136,1996,31.0,41,27,29,10,2,20,30,66.7,10,33,21,12,37,78,209,1,Matches
19,Carles Aleñá,es ESP,"MF,FW",Getafe,27-126,1998,5.0,6,3,2,3,1,4,13,30.8,9,9,1,8,0,6,7,0,Matches
20,Carles Aleñá,es ESP,"MF,FW",Alavés,27-126,1998,8.5,17,10,6,6,5,7,15,46.7,8,7,0,7,2,19,3,0,Matches
21,Alfon,es ESP,"FW,MF",Celta Vigo,26-007,1999,13.5,6,2,2,2,2,2,10,20.0,8,6,0,6,4,10,5,1,Matches
22,Tadeo Allende,ar ARG,FW,Celta Vigo,26-080,1999,0.0,0,0,0,0,0,0,0,,0,0,0,0,0,0,0,0,Matches
23,Domingos André Ribeiro Almeida,pt POR,"MF,FW",Valencia,24-346,2000,20.2,46,30,17,20,9,14,34,41.2,20,19,2,17,8,54,14,1,Matches
24,Iker Almena,es ESP,"FW,DF",Girona,21-007,2004,0.5,0,0,0,0,0,0,1,0.0,1,1,0,1,0,0,2,0,Matches
25,Marcos Alonso,es ESP,DF,Celta Vigo,34-134,1990,27.5,33,20,18,12,3,24,43,55.8,19,22,7,15,34,67,117,4,Matches
Rk,Player,Nation,Pos,Squad,Age,Born,90s,Tkl,TklW,Def 3rd,Mid 3rd,Att 3rd,Tkl,Att,Tkl%,Lost,Blocks,Sh,Pass,Int,Tkl+Int,Clr,Err,Matches
26,Adrià Altimira,es ESP,"DF,FW",Leganés,24-044,2001,14.1,32,16,21,9,2,17,31,54.8,14,11,6,5,14,46,43,2,Matches
27,Sergi Altimira,es ESP,MF,Betis,23-259,2001,19.5,54,32,15,33,6,32,55,58.2,23,27,1,26,20,74,40,2,Matches
28,Hugo Álvarez,es ESP,"MF,DF",Celta Vigo,21-313,2003,17.3,24,9,12,10,2,10,19,52.6,9,19,2,17,8,32,29,1,Matches
29,Julián Álvarez,ar ARG,FW,Atlético Madrid,25-100,2000,25.2,24,16,5,10,9,8,28,28.6,20,14,0,14,0,24,10,1,Matches
30,Yeray Álvarez,es ESP,DF,Athletic Club,30-107,1995,17.8,24,13,13,9,2,14,20,70.0,6,10,6,4,33,57,104,1,Matches
31,Selim Amallah,ma MAR,MF,Valladolid,28-177,1996,14.8,29,17,10,17,2,10,18,55.6,8,22,1,21,14,43,5,1,Matches
32,Amath,sn SEN,"FW,DF",Valladolid,28-299,1996,3.9,2,0,2,0,0,1,7,14.3,6,7,1,6,2,4,6,0,Matches
33,Marcos André,br BRA,FW,Valladolid,28-203,1996,13.2,10,6,3,5,2,5,13,38.5,8,18,2,16,3,13,10,0,Matches
34,Leandro Antonetti,pr PUR,FW,Sevilla,22-118,2003,0.1,0,0,0,0,0,0,0,,0,0,0,0,0,0,0,0,Matches
35,Antoniu,es ESP,"MF,FW",Espanyol,22-248,2002,9.8,20,9,8,8,4,9,18,50.0,9,13,2,11,7,27,10,1,Matches
36,Antony,br BRA,FW,Betis,25-076,2000,12.2,18,7,3,8,7,5,17,29.4,12,10,1,9,9,27,9,1,Matches
37,Anuar,ma MAR,"MF,FW",Valladolid,30-116,1995,16.8,35,24,20,10,5,13,26,50.0,13,22,7,15,15,50,19,1,Matches
38,Aritz Arambarri,es ESP,DF,Leganés,27-100,1998,2.0,1,1,1,0,0,1,1,100.0,0,2,2,0,3,4,8,0,Matches
39,Mauro Arambarri,uy URU,MF,Getafe,29-223,1995,26.9,45,26,9,31,5,21,44,47.7,23,33,6,27,13,58,41,0,Matches
40,Jon Aramburu,ve VEN,DF,Real Sociedad,22-292,2002,25.7,94,67,55,29,10,62,95,65.3,33,35,8,27,28,122,96,0,Matches
41,Ronald Araújo,uy URU,DF,Barcelona,26-065,1999,7.1,12,9,6,5,1,4,4,100.0,0,6,4,2,8,20,19,0,Matches
42,Adu Ares,es ESP,FW,Athletic Club,23-211,2001,0.2,0,0,0,0,0,0,1,0.0,1,0,0,0,0,0,0,0,Matches
43,Jesús Areso,es ESP,DF,Osasuna,25-313,1999,30.2,45,34,29,11,5,35,51,68.6,16,25,4,21,8,53,79,0,Matches
44,David Argüelles,es ESP,MF,Getafe,23-130,2002,0.1,0,0,0,0,0,0,0,,0,2,0,2,0,0,0,0,Matches
45,José Arnaiz,es ESP,"MF,FW",Osasuna,30-026,1995,1.4,6,4,3,2,1,4,7,57.1,3,2,0,2,3,9,1,0,Matches
46,Sergio Arribas,es ESP,DF,Betis,22-090,2003,1.0,7,4,4,3,0,6,7,85.7,1,2,2,0,3,10,4,0,Matches
47,Takuma Asano,jp JPN,"FW,MF",Mallorca,30-182,1994,11.7,13,9,5,7,1,6,11,54.5,5,7,0,7,6,19,9,0,Matches
48,Raúl Asencio,es ESP,DF,Real Madrid,22-087,2003,15.9,19,13,16,3,0,9,12,75.0,3,6,4,2,12,31,77,2,Matches
49,Iago Aspas,es ESP,"FW,MF",Celta Vigo,37-283,1987,18.2,13,8,4,5,4,8,19,42.1,11,16,1,15,7,20,5,0,Matches
50,Yaser Asprilla,co COL,"FW,MF",Girona,21-173,2003,12.8,16,10,5,7,4,6,16,37.5,10,10,0,10,5,21,4,1,Matches
Rk,Player,Nation,Pos,Squad,Age,Born,90s,Tkl,TklW,Def 3rd,Mid 3rd,Att 3rd,Tkl,Att,Tkl%,Lost,Blocks,Sh,Pass,Int,Tkl+Int,Clr,Err,Matches
51,Ezequiel Ávila,ar ARG,FW,Betis,31-094,1994,7.5,8,3,2,2,4,4,10,40.0,6,4,0,4,2,10,8,0,Matches
52,Adam Aznou,ma MAR,DF,Valladolid,18-343,2006,8.5,25,19,19,6,0,19,37,51.4,18,21,7,14,9,34,25,0,Matches
53,César Azpilicueta,es ESP,DF,Atlético Madrid,35-256,1989,8.2,23,12,11,8,4,16,22,72.7,6,6,2,4,3,26,27,0,Matches
54,Papa Ba,es ESP,MF,Girona,20-241,2004,0.5,1,1,1,0,0,0,0,,0,1,0,1,0,1,1,0,Matches
55,Loïc Bade,fr FRA,DF,Sevilla,25-030,2000,28.7,43,25,33,10,0,21,29,72.4,8,19,11,8,29,72,154,2,Matches
56,Alex Baena,es ESP,MF,Villarreal,23-295,2001,26.2,27,14,6,13,8,10,34,29.4,24,28,2,26,21,48,21,2,Matches
57,Juma Bah,sl SLE,DF,Valladolid,19-030,2006,9.6,10,7,7,3,0,3,5,60.0,2,15,8,7,12,22,60,0,Matches
58,Eric Bailly,ci CIV,DF,Villarreal,31-029,1994,6.9,12,4,6,6,0,3,4,75.0,1,12,6,6,6,18,29,0,Matches
59,Stefan Bajcetic,es ESP,"MF,DF",Las Palmas,20-201,2004,10.2,28,14,12,13,3,11,27,40.7,16,24,4,20,15,43,24,1,Matches
60,Cédric Bakambu,cd COD,FW,Betis,34-030,1991,6.9,6,4,0,5,1,3,7,42.9,4,11,2,9,0,6,5,0,Matches
61,Alejandro Balde,es ESP,DF,Barcelona,21-205,2003,23.1,16,10,9,4,3,9,14,64.3,5,23,4,19,5,21,25,0,Matches
62,Iván Balliu,al ALB,DF,Rayo Vallecano,33-130,1992,11.0,15,12,7,5,3,6,16,37.5,10,14,3,11,10,25,35,0,Matches
63,Jonathan Bamba,ci CIV,"FW,MF",Celta Vigo,29-046,1996,9.0,12,7,4,6,2,5,12,41.7,7,6,0,6,5,17,6,0,Matches
64,Adrian Baquerin,es ESP,FW,Valladolid,18-068,2007,0.1,0,0,0,0,0,0,0,,0,0,0,0,0,0,1,0,Matches
65,Valentín Barco,ar ARG,"DF,FW",Sevilla,20-292,2004,3.2,15,9,8,3,4,12,15,80.0,3,0,0,0,2,17,5,0,Matches
66,Borna Barišić,hr CRO,DF,Leganés,32-182,1992,0.1,0,0,0,0,0,0,0,,0,0,0,0,0,0,0,0,Matches
67,Kike Barja,es ESP,"FW,MF",Osasuna,28-040,1997,2.9,5,4,1,3,1,2,3,66.7,1,5,0,5,3,8,4,0,Matches
68,Enzo Barrenechea,ar ARG,MF,Valencia,23-354,2001,21.3,52,29,21,25,6,30,42,71.4,12,25,7,18,25,77,46,1,Matches
69,Ander Barrenetxea,es ESP,"MF,FW",Real Sociedad,23-135,2001,12.8,23,16,7,11,5,5,21,23.8,16,15,0,15,11,34,15,1,Matches
70,Pablo Barrios,es ESP,MF,Atlético Madrid,21-330,2003,25.2,44,25,21,20,3,22,46,47.8,24,17,5,12,34,78,33,7,Matches
71,Thierno Barry,fr FRA,FW,Villarreal,22-202,2002,24.3,11,8,2,5,4,4,10,40.0,6,15,2,13,0,11,18,0,Matches
72,Marc Bartra,es ESP,DF,Betis,34-116,1991,20.5,26,16,17,9,0,12,20,60.0,8,33,21,12,30,56,141,0,Matches
73,Aboubacar Bassinga,ci CIV,MF,Las Palmas,19-302,2005,0.0,0,0,0,0,0,0,0,,0,0,0,0,0,0,0,0,Matches
74,Augusto Batalla,ar ARG,GK,Rayo Vallecano,29-011,1996,29.0,4,2,4,0,0,4,6,66.7,2,0,0,0,0,4,12,4,Matches
75,Rafael Bauza,es ESP,MF,Espanyol,20-101,2005,2.0,5,3,3,1,1,4,7,57.1,3,3,1,2,0,5,5,0,Matches
Rk,Player,Nation,Pos,Squad,Age,Born,90s,Tkl,TklW,Def 3rd,Mid 3rd,Att 3rd,Tkl,Att,Tkl%,Lost,Blocks,Sh,Pass,Int,Tkl+Int,Clr,Err,Matches
76,Sheraldo Becker,sr SUR,"FW,MF",Real Sociedad,30-091,1995,11.1,3,2,0,3,0,0,2,0.0,2,4,0,4,1,4,10,0,Matches
77,Donny van de Beek,nl NED,MF,Girona,28-023,1997,15.8,29,18,17,7,5,13,26,50.0,13,19,3,16,10,39,12,0,Matches
78,Luken Beitia,es ESP,DF,Real Sociedad,20-315,2004,0.1,1,1,1,0,0,1,1,100.0,0,0,0,0,0,1,2,0,Matches
79,Ismael Bekhoucha,ma MAR,"MF,DF",Getafe,20-172,2004,0.3,0,0,0,0,0,0,0,,0,0,0,0,2,2,0,0,Matches
80,Héctor Bellerín,es ESP,DF,Betis,30-053,1995,6.4,13,7,7,4,2,10,17,58.8,7,5,3,2,6,19,21,0,Matches
81,Jude Bellingham,eng ENG,MF,Real Madrid,21-316,2003,24.6,55,31,16,25,14,26,39,66.7,13,32,2,30,25,80,19,1,Matches
82,Fran Beltrán,es ESP,MF,Celta Vigo,26-097,1999,23.9,42,30,19,18,5,19,49,38.8,30,23,5,18,24,66,32,4,Matches
83,Carlos Benavídez,uy URU,MF,Alavés,27-042,1998,4.4,12,9,6,4,2,4,8,50.0,4,4,2,2,8,20,11,1,Matches
84,Iker Benito,es ESP,"FW,MF",Osasuna,22-274,2002,0.4,0,0,0,0,0,0,1,0.0,1,0,0,0,1,1,2,0,Matches
85,Yuri Berchiche,es ESP,DF,Athletic Club,35-090,1990,18.7,32,20,18,11,3,19,30,63.3,11,20,3,17,20,52,47,2,Matches
86,Álex Berenguer,es ESP,"FW,MF",Athletic Club,29-311,1995,23.0,29,13,4,16,9,13,26,50.0,13,18,2,16,9,38,17,0,Matches
87,Marc Bernal,es ESP,MF,Barcelona,17-350,2007,2.7,8,6,2,5,1,7,8,87.5,1,5,1,4,1,9,4,0,Matches
88,Juan Bernat,es ESP,"DF,MF",Villarreal,32-071,1993,2.4,9,7,7,1,1,4,5,80.0,1,3,1,2,1,10,4,0,Matches
89,Juan Bernat,es ESP,"MF,DF",Getafe,32-071,1993,7.7,18,12,8,5,5,6,11,54.5,5,9,3,6,2,20,8,0,Matches
90,Juan Berrocal,es ESP,DF,Getafe,26-007,1999,11.0,14,7,10,4,0,10,13,76.9,3,4,2,2,13,27,52,0,Matches
91,Antonio Blanco,es ESP,MF,Alavés,24-292,2000,26.6,60,37,20,36,4,31,71,43.7,40,27,6,21,39,99,43,1,Matches
92,Daley Blind,nl NED,DF,Girona,35-063,1990,27.9,41,24,23,14,4,25,39,64.1,14,29,8,21,24,65,85,1,Matches
93,Adama Boiro,es ESP,DF,Athletic Club,22-323,2002,11.2,20,11,11,7,2,10,14,71.4,4,8,3,5,12,32,26,1,Matches
94,Enzo Boyomo,cm CMR,DF,Osasuna,23-216,2001,29.2,61,37,42,15,4,26,33,78.8,7,33,19,14,36,97,114,3,Matches
95,Enzo Boyomo,cm CMR,DF,Valladolid,23-216,2001,3.0,6,2,4,2,0,3,3,100.0,0,4,3,1,1,7,7,0,Matches
96,Darko Brašanac,rs SRB,MF,Leganés,33-088,1992,17.3,26,11,5,15,6,9,17,52.9,8,24,11,13,15,41,31,0,Matches
97,Tajon Buchanan,ca CAN,MF,Villarreal,26-092,1999,3.3,7,4,5,2,0,5,8,62.5,3,4,0,4,1,8,1,0,Matches
98,Ante Budimir,hr CRO,FW,Osasuna,33-293,1991,29.1,20,9,3,11,6,3,12,25.0,9,18,4,14,2,22,19,0,Matches
99,Manu Bueno,es ESP,"MF,FW",Sevilla,20-288,2004,1.3,4,3,0,1,3,1,2,50.0,1,0,0,0,0,4,2,0,Matches
100,Endika Buján,es ESP,FW,Athletic Club,22-115,2003,0.1,0,0,0,0,0,0,1,0.0,1,0,0,0,0,0,0,0,Matches
Rk,Player,Nation,Pos,Squad,Age,Born,90s,Tkl,TklW,Def 3rd,Mid 3rd,Att 3rd,Tkl,Att,Tkl%,Lost,Blocks,Sh,Pass,Int,Tkl+Int,Clr,Err,Matches
101,Pau Cabanes,es ESP,"MF,FW",Villarreal,20-083,2005,1.8,4,4,0,3,1,3,4,75.0,1,5,0,5,3,7,2,1,Matches
102,Pau Cabanes,es ESP,"MF,FW",Alavés,20-083,2005,2.0,7,2,4,2,1,5,11,45.5,6,1,0,1,0,7,1,0,Matches
103,Leandro Cabrera,uy URU,DF,Espanyol,33-328,1991,29.0,37,21,26,8,3,17,30,56.7,13,34,24,10,28,65,188,2,Matches
104,Fernando Calero,es ESP,"DF,MF",Espanyol,29-239,1995,5.3,12,6,9,3,0,5,6,83.3,1,11,6,5,13,25,31,0,Matches
105,Eduardo Camavinga,fr FRA,"MF,DF",Real Madrid,22-182,2002,12.2,42,26,23,16,3,19,33,57.6,14,24,8,16,18,60,23,0,Matches
106,Sergio Camello,es ESP,FW,Rayo Vallecano,24-090,2001,12.6,9,3,2,5,2,4,6,66.7,2,8,1,7,4,13,16,0,Matches
107,José Campaña,es ESP,MF,Las Palmas,31-345,1993,12.4,20,15,7,11,2,10,18,55.6,8,8,0,8,18,38,19,2,Matches
108,Peio Canales,es ESP,"MF,FW",Athletic Club,20-114,2005,2.1,2,2,0,0,2,1,1,100.0,0,1,0,1,2,4,1,0,Matches
109,Antonio Candela,it ITA,DF,Valladolid,25-014,2000,8.6,9,6,6,2,1,4,9,44.4,5,10,6,4,6,15,26,0,Matches
110,Sergi Canós,es ESP,"MF,FW",Valencia,28-098,1997,4.0,11,7,3,4,4,4,10,40.0,6,5,1,4,5,16,4,0,Matches
111,Cárdenas,es ESP,GK,Rayo Vallecano,28-044,1997,6.0,0,0,0,0,0,0,0,,0,0,0,0,0,0,3,0,Matches
112,Irvin Cardona,fr FRA,"FW,MF",Espanyol,27-276,1997,6.7,8,5,2,4,2,6,16,37.5,10,5,1,4,4,12,10,0,Matches
113,Marc Cardona,es ESP,"FW,DF",Las Palmas,29-307,1995,1.2,2,1,1,1,0,0,1,0.0,1,0,0,0,0,2,0,0,Matches
114,Sergi Cardona,es ESP,DF,Villarreal,25-307,1999,31.5,67,45,41,19,7,46,74,62.2,28,50,7,43,35,102,116,1,Matches
115,Johnny Cardoso,us USA,MF,Betis,23-233,2001,21.7,51,28,12,31,8,20,50,40.0,30,26,12,14,46,97,58,1,Matches
116,Carmona,es ESP,DF,Sevilla,23-102,2002,30.0,77,55,48,21,8,37,70,52.9,33,32,10,22,63,140,88,3,Matches
117,Sergio Carreira,es ESP,"MF,DF",Celta Vigo,24-210,2000,16.4,27,16,15,6,6,14,24,58.3,10,18,2,16,17,44,35,0,Matches
118,Dani Carvajal,es ESP,DF,Real Madrid,33-120,1992,6.8,12,8,7,3,2,9,12,75.0,3,8,3,5,10,22,19,1,Matches
119,William Carvalho,pt POR,MF,Betis,33-034,1992,4.3,5,3,1,4,0,3,5,60.0,2,5,1,4,3,8,4,0,Matches
120,Marc Casado,es ESP,MF,Barcelona,21-239,2003,17.9,44,25,7,30,7,20,41,48.8,21,20,5,15,22,66,22,1,Matches
121,Catena,es ESP,DF,Osasuna,30-195,1994,30.2,43,25,32,9,2,25,41,61.0,16,35,21,14,31,74,193,1,Matches
122,Maximiliano Caufriez,be BEL,DF,Valencia,28-084,1997,1.0,1,1,1,0,0,1,1,100.0,0,2,1,1,1,2,4,0,Matches
123,Dani Ceballos,es ESP,MF,Real Madrid,28-277,1996,10.8,35,19,15,15,5,16,27,59.3,11,15,3,12,13,48,9,1,Matches
124,Franco Cervi,ar ARG,"FW,MF",Celta Vigo,30-350,1994,3.0,8,3,2,6,0,3,8,37.5,5,4,0,4,8,16,7,0,Matches
125,Raúl Chasco,es ESP,DF,Valladolid,21-240,2003,1.4,4,1,3,1,0,2,4,50.0,2,1,0,1,2,6,2,0,Matches
Rk,Player,Nation,Pos,Squad,Age,Born,90s,Tkl,TklW,Def 3rd,Mid 3rd,Att 3rd,Tkl,Att,Tkl%,Lost,Blocks,Sh,Pass,Int,Tkl+Int,Clr,Err,Matches
126,Pep Chavarría,es ESP,"DF,FW",Rayo Vallecano,27-031,1998,26.4,42,32,28,13,1,26,42,61.9,16,31,8,23,26,68,103,1,Matches
127,Walid Cheddira,ma MAR,FW,Espanyol,27-109,1998,6.8,5,0,1,1,3,0,1,0.0,1,4,0,4,1,6,6,0,Matches
128,Chema,es ESP,MF,Real Madrid,20-016,2005,0.1,0,0,0,0,0,0,0,,0,0,0,0,0,0,1,0,Matches
129,Julián Chicco,ar ARG,"MF,DF",Leganés,27-118,1998,3.3,11,7,3,6,2,5,8,62.5,3,2,0,2,3,14,9,0,Matches
130,Chiquinho,pt POR,"MF,FW",Mallorca,25-095,2000,1.6,1,0,0,1,0,0,7,0.0,7,3,0,3,2,3,0,0,Matches
131,Andreas Christensen,dk DEN,DF,Barcelona,29-031,1996,1.3,1,1,0,1,0,1,1,100.0,0,0,0,0,0,1,3,0,Matches
132,Jasper Cillessen,nl NED,GK,Las Palmas,36-019,1989,25.9,1,0,1,0,0,1,4,25.0,3,0,0,0,0,1,11,2,Matches
133,Pathé Ciss,sn SEN,"MF,DF",Rayo Vallecano,31-056,1994,21.0,45,22,23,21,1,20,40,50.0,20,28,7,21,34,79,57,3,Matches
134,Seydouba Cissé,gn GUI,MF,Leganés,24-090,2001,23.2,47,30,17,22,8,19,39,48.7,20,23,1,22,11,58,40,1,Matches
135,Silvi Clúa,es ESP,MF,Girona,20-102,2005,1.8,8,7,4,3,1,4,6,66.7,2,1,0,1,2,10,6,0,Matches
136,Eray Cömert,ch SUI,"DF,MF",Valladolid,27-096,1998,17.8,21,12,13,8,0,11,18,61.1,7,27,15,12,21,42,64,1,Matches
137,Santi Comesaña,es ESP,MF,Villarreal,28-218,1996,27.1,84,48,43,32,9,41,71,57.7,30,50,18,32,19,103,50,1,Matches
138,Diego Conde,es ESP,GK,Villarreal,26-195,1998,20.8,2,2,2,0,0,2,4,50.0,2,0,0,0,1,3,9,2,Matches
139,Tomás Conechny,ar ARG,"FW,MF",Alavés,27-042,1998,8.8,12,9,4,6,2,8,24,33.3,16,13,2,11,6,18,8,0,Matches
140,Copete,es ESP,DF,Mallorca,25-213,1999,16.0,27,15,16,10,1,10,11,90.9,1,23,15,8,17,44,116,2,Matches
141,Iker Córdoba,es ESP,DF,Valencia,19-181,2005,0.2,0,0,0,0,0,0,0,,0,0,0,0,0,0,1,0,Matches
142,Ángel Correa,ar ARG,"FW,MF",Atlético Madrid,30-063,1995,8.3,8,2,4,1,3,4,14,28.6,10,9,0,9,4,12,7,0,Matches
143,Thierry Correia,pt POR,DF,Valencia,26-063,1999,8.5,27,18,19,5,3,13,23,56.5,10,10,1,9,4,31,18,0,Matches
144,Coba da Costa,es ESP,"MF,FW",Getafe,22-289,2002,10.2,29,13,9,16,4,13,25,52.0,12,22,0,22,7,36,7,0,Matches
145,Logan Costa,cv CPV,DF,Villarreal,24-040,2001,25.7,35,19,22,12,1,22,25,88.0,3,20,11,9,17,52,102,1,Matches
146,Samu Costa,pt POR,MF,Mallorca,24-165,2000,26.6,79,38,39,38,2,29,70,41.4,41,41,13,28,30,109,77,1,Matches
147,Thibaut Courtois,be BEL,GK,Real Madrid,33-000,1992,28.0,0,0,0,0,0,0,0,,0,0,0,0,1,1,13,1,Matches
148,Juan Cruz Armada,es ESP,DF,Osasuna,32-287,1992,13.0,20,10,9,10,1,11,19,57.9,8,14,4,10,8,28,44,0,Matches
149,Juan Cruz,es ESP,"FW,MF",Leganés,25-016,2000,23.1,30,19,13,15,2,16,32,50.0,16,14,2,12,11,41,27,0,Matches
150,Pau Cubarsí,es ESP,DF,Barcelona,18-109,2007,26.0,28,18,18,7,3,16,25,64.0,9,10,8,2,13,41,75,1,Matches
Rk,Player,Nation,Pos,Squad,Age,Born,90s,Tkl,TklW,Def 3rd,Mid 3rd,Att 3rd,Tkl,Att,Tkl%,Lost,Blocks,Sh,Pass,Int,Tkl+Int,Clr,Err,Matches
151,Cucho,co COL,FW,Betis,26-021,1999,9.7,12,8,1,5,6,5,9,55.6,4,13,1,12,6,18,3,0,Matches
152,Arnaut Danjuma,nl NED,FW,Villarreal,28-100,1997,2.2,2,1,0,1,1,0,1,0.0,1,1,0,1,0,2,0,0,Matches
153,Arnaut Danjuma,nl NED,"FW,MF",Girona,28-100,1997,14.6,8,6,3,3,2,2,7,28.6,5,5,1,4,2,10,4,0,Matches
154,Sergi Darder,es ESP,"MF,FW",Mallorca,31-140,1993,27.6,38,24,15,15,8,16,41,39.0,25,18,1,17,14,52,20,1,Matches
155,Rodrigo De Paul,ar ARG,MF,Atlético Madrid,30-352,1994,20.8,28,23,11,13,4,13,31,41.9,18,22,2,20,5,33,14,3,Matches
156,Mouctar Diakhaby,gn GUI,DF,Valencia,28-143,1996,4.4,5,1,5,0,0,3,5,60.0,2,6,5,1,3,8,41,0,Matches
157,Assane Diao,sn SEN,FW,Betis,19-246,2005,3.1,5,3,1,3,1,4,9,44.4,5,3,0,3,0,5,3,0,Matches
158,Moussa Diarra,ml MLI,DF,Alavés,24-182,2000,19.7,38,23,19,16,3,17,28,60.7,11,14,5,9,21,59,40,1,Matches
159,Brahim Díaz,ma MAR,"FW,MF",Real Madrid,25-281,1999,14.3,24,18,9,12,3,7,18,38.9,11,16,1,15,4,28,1,1,Matches
160,Daniel Díaz,es ESP,MF,Real Sociedad,18-323,2006,0.1,1,1,1,0,0,0,0,,0,1,0,1,0,1,0,0,Matches
161,Pedro Díaz,es ESP,MF,Rayo Vallecano,26-340,1998,11.9,21,13,6,13,2,12,35,34.3,23,13,0,13,6,27,7,1,Matches
162,Diego,es ESP,"FW,MF",Leganés,25-023,2000,10.3,0,0,0,0,0,0,4,0.0,4,3,1,2,2,2,10,0,Matches
163,Stole Dimitrievski,mk MKD,GK,Valencia,31-137,1993,4.0,0,0,0,0,0,0,0,,0,0,0,0,0,0,3,1,Matches
164,Yan Diomandé,ci CIV,"FW,MF",Leganés,18-178,2006,2.6,2,1,1,0,1,1,7,14.3,6,6,0,6,3,5,2,0,Matches
165,Álvaro djaló,es ESP,FW,Athletic Club,25-268,1999,6.7,7,5,3,2,2,1,3,33.3,2,3,0,3,1,8,4,0,Matches
166,Djené,tg TOG,"DF,MF",Getafe,33-131,1991,27.3,25,13,12,11,2,12,31,38.7,19,18,8,10,21,46,104,3,Matches
167,Marko Dmitrović,rs SRB,GK,Leganés,33-107,1992,28.0,1,1,1,0,0,1,2,50.0,1,0,0,0,0,1,25,3,Matches
168,Marc Domenech,es ESP,"FW,MF",Mallorca,19-130,2006,2.3,3,3,1,1,1,2,4,50.0,2,2,0,2,0,3,0,0,Matches
169,Carlos Dominguez,es ESP,DF,Celta Vigo,24-089,2001,11.0,21,11,13,8,0,15,21,71.4,6,10,7,3,9,30,65,1,Matches
170,Israel Domínguez,es ESP,FW,Sevilla,22-004,2003,0.2,0,0,0,0,0,0,0,,0,0,0,0,0,0,0,0,Matches
171,Sergi Dominguez,es ESP,DF,Barcelona,20-040,2005,1.9,1,1,1,0,0,0,0,,0,0,0,0,3,4,7,0,Matches
172,Anastasios Douvikas,gr GRE,FW,Celta Vigo,25-282,1999,7.8,9,4,2,6,1,3,6,50.0,3,5,2,3,3,12,6,0,Matches
173,Domingos Duarte,pt POR,DF,Getafe,30-062,1995,18.0,23,11,18,4,1,13,17,76.5,4,25,15,10,13,36,129,1,Matches
174,Duk,cv CPV,"MF,FW",Leganés,25-084,2000,1.6,6,3,1,3,2,2,4,50.0,2,3,0,3,0,6,2,0,Matches
175,Pablo Durán,es ESP,"FW,MF",Celta Vigo,23-351,2001,14.1,14,9,4,7,3,3,12,25.0,9,11,3,8,8,22,14,0,Matches
Rk,Player,Nation,Pos,Squad,Age,Born,90s,Tkl,TklW,Def 3rd,Mid 3rd,Att 3rd,Tkl,Att,Tkl%,Lost,Blocks,Sh,Pass,Int,Tkl+Int,Clr,Err,Matches
176,Hugo Duro,es ESP,FW,Valencia,25-182,1999,22.8,12,7,4,7,1,4,12,33.3,8,11,2,9,10,22,11,0,Matches
177,Chidera Ejuke,ng NGA,FW,Sevilla,27-129,1998,10.7,19,13,8,9,2,9,20,45.0,11,12,0,12,5,24,8,0,Matches
178,Aritz Elustondo,es ESP,DF,Real Sociedad,31-044,1994,14.2,18,10,13,3,2,9,17,52.9,8,16,12,4,9,27,88,0,Matches
179,Adri Embarba,es ESP,"FW,MF",Rayo Vallecano,33-004,1992,17.2,38,18,15,16,7,17,43,39.5,26,17,1,16,13,51,13,1,Matches
180,Endrick,br BRA,FW,Real Madrid,18-294,2006,2.5,1,1,1,0,0,1,3,33.3,2,0,0,0,3,4,1,0,Matches
181,Alfonso Espino,uy URU,DF,Rayo Vallecano,33-126,1992,8.3,37,20,29,6,2,23,42,54.8,19,14,6,8,11,48,30,1,Matches
182,Dario Essugo,pt POR,MF,Las Palmas,20-058,2005,19.5,57,44,27,25,5,27,45,60.0,18,27,10,17,42,99,44,7,Matches
183,Etienne Eto'o,cm CMR,FW,Rayo Vallecano,22-266,2002,0.4,0,0,0,0,0,0,1,0.0,1,0,0,0,0,0,1,0,Matches
184,Karl Etta,cm CMR,"FW,MF",Villarreal,21-209,2003,0.1,0,0,0,0,0,0,0,,0,0,0,0,0,0,0,0,Matches
185,Edu Expósito,es ESP,MF,Espanyol,28-283,1996,8.0,16,9,5,11,0,6,18,33.3,12,3,0,3,10,26,16,2,Matches
186,Abde Ezzalzouli,ma MAR,"FW,MF",Betis,23-145,2001,19.6,35,25,17,15,3,14,25,56.0,11,20,3,17,6,41,15,0,Matches
187,Ansu Fati,es ESP,FW,Barcelona,22-192,2002,2.6,4,1,0,2,2,1,2,50.0,1,1,0,1,1,5,0,1,Matches
188,Nabil Fekir,fr FRA,MF,Betis,31-297,1993,2.0,3,2,1,1,1,1,2,50.0,1,2,0,2,0,3,0,0,Matches
189,Kiko Femenía,es ESP,DF,Villarreal,34-098,1991,24.7,50,34,34,14,2,33,57,57.9,24,21,10,11,40,90,62,3,Matches
190,Aitor Fernández,es ESP,GK,Osasuna,34-008,1991,1.0,0,0,0,0,0,0,0,,0,0,0,0,0,0,2,0,Matches
191,Álvaro Fernández,es ESP,GK,Sevilla,27-028,1998,7.3,0,0,0,0,0,0,1,0.0,1,0,0,0,0,0,7,0,Matches
192,Pelayo Fernandez,es ESP,DF,Rayo Vallecano,22-012,2003,1.1,0,0,0,0,0,0,0,,0,0,0,0,2,2,9,0,Matches
193,Roberto Férnandez,es ESP,FW,Espanyol,22-312,2002,13.1,4,4,2,1,1,0,3,0.0,3,7,1,6,3,7,21,0,Matches
194,Valery Fernández,es ESP,"MF,FW",Mallorca,25-169,1999,3.3,8,7,3,2,3,5,7,71.4,2,3,1,2,0,8,1,0,Matches
195,André Ferreira,pt POR,GK,Valladolid,28-347,1996,6.0,0,0,0,0,0,0,0,,0,0,0,0,0,0,4,2,Matches
196,Mateo Flores,es ESP,MF,Betis,21-034,2004,1.7,3,1,3,0,0,1,1,100.0,0,1,0,1,2,5,3,0,Matches
197,Pablo Fornals,es ESP,"MF,FW",Betis,29-078,1996,17.1,16,10,9,6,1,6,24,25.0,18,19,1,18,20,36,13,1,Matches
198,Héctor Fort,es ESP,DF,Barcelona,18-282,2006,6.0,13,8,6,4,3,10,15,66.7,5,11,0,11,6,19,15,0,Matches
199,Dimitri Foulquier,fr FRA,DF,Valencia,32-049,1993,25.5,48,31,29,13,6,24,36,66.7,12,21,5,16,16,64,86,1,Matches
200,Juan Foyth,ar ARG,DF,Villarreal,27-119,1998,14.9,24,15,15,5,4,10,15,66.7,5,22,13,9,17,41,102,3,Matches
Rk,Player,Nation,Pos,Squad,Age,Born,90s,Tkl,TklW,Def 3rd,Mid 3rd,Att 3rd,Tkl,Att,Tkl%,Lost,Blocks,Sh,Pass,Int,Tkl+Int,Clr,Err,Matches
201,Fran,es ESP,GK,Real Madrid,19-321,2005,1.0,0,0,0,0,0,0,0,,0,0,0,0,0,0,2,0,Matches
202,Alejandro Francés,es ESP,DF,Girona,22-283,2002,10.8,30,22,16,13,1,23,32,71.9,9,12,5,7,15,45,37,0,Matches
203,Enric Franquesa,es ESP,"DF,FW",Leganés,28-074,1997,6.8,17,9,9,6,2,9,13,69.2,4,7,1,6,5,22,12,0,Matches
204,Jorge de Frutos,es ESP,"FW,MF",Rayo Vallecano,28-080,1997,25.0,37,21,16,13,8,14,43,32.6,29,20,0,20,17,54,23,1,Matches
205,Darío Fuentes,es ESP,DF,Sevilla,22-119,2003,0.1,0,0,0,0,0,0,0,,0,0,0,0,0,0,0,0,Matches
206,Manuel Fuster,es ESP,"FW,MF",Las Palmas,27-201,1997,8.9,16,8,3,8,5,14,26,53.8,12,13,3,10,4,20,14,0,Matches
207,Javi Galán,es ESP,DF,Atlético Madrid,30-173,1994,18.3,50,30,30,15,5,24,48,50.0,24,13,3,10,11,61,44,0,Matches
208,Iñigo Ruiz de Galarreta,es ESP,MF,Athletic Club,31-278,1993,13.9,34,21,11,17,6,19,29,65.5,10,8,3,5,12,46,9,2,Matches
209,Conor Gallagher,eng ENG,MF,Atlético Madrid,25-094,2000,17.4,42,30,16,16,10,20,46,43.5,26,23,5,18,19,61,23,0,Matches
210,Facundo Garcés,ar ARG,DF,Alavés,25-248,1999,3.5,2,0,2,0,0,1,2,50.0,1,6,5,1,2,4,28,0,Matches
211,Álvaro García,es ESP,"FW,MF",Rayo Vallecano,32-196,1992,26.1,31,22,19,8,4,12,29,41.4,17,30,0,30,30,61,40,1,Matches
212,Eric García,es ESP,"MF,DF",Barcelona,24-122,2001,13.7,28,16,7,19,2,14,20,70.0,6,20,7,13,10,38,36,0,Matches
213,Fran Garcia,es ESP,DF,Real Madrid,25-270,1999,20.3,38,26,22,12,4,19,33,57.6,14,22,4,18,23,61,62,1,Matches
214,Joan García,es ESP,GK,Espanyol,24-007,2001,34.0,0,0,0,0,0,0,1,0.0,1,1,0,1,0,0,18,4,Matches
215,Pablo Garcia,es ESP,FW,Betis,18-269,2006,0.3,0,0,0,0,0,0,0,,0,1,0,1,0,0,0,0,Matches
216,Rubén García,es ESP,"FW,MF",Osasuna,31-301,1993,24.5,46,29,17,19,10,23,51,45.1,28,32,2,30,14,60,30,1,Matches
217,Unai García,es ESP,DF,Osasuna,33-097,1992,0.7,0,0,0,0,0,0,0,,0,1,0,1,0,0,1,0,Matches
218,Yarek Gasiorowski,es ESP,DF,Valencia,20-119,2005,10.5,19,16,16,3,0,9,13,69.2,4,17,6,11,26,45,60,0,Matches
219,Gavi,es ESP,"MF,FW",Barcelona,20-279,2004,9.9,19,15,4,11,4,10,18,55.6,8,13,1,12,10,29,5,0,Matches
220,Paulo Gazzaniga,ar ARG,GK,Girona,33-129,1992,34.5,1,1,1,0,0,1,1,100.0,0,1,0,1,0,1,15,3,Matches
221,Bryan Gil,es ESP,"FW,MF",Girona,24-089,2001,19.1,34,20,10,15,9,14,30,46.7,16,24,0,24,10,44,9,4,Matches
222,Dani Gómez,es ESP,FW,Valencia,26-285,1998,5.9,3,2,0,0,3,0,0,,0,1,0,1,2,5,4,0,Matches
223,Moi Gómez,es ESP,"MF,FW",Osasuna,30-322,1994,8.8,13,9,4,7,2,4,8,50.0,4,5,2,3,5,18,7,1,Matches
224,Sergi Gómez,es ESP,DF,Espanyol,33-044,1992,7.2,8,5,7,1,0,2,3,66.7,1,12,8,4,7,15,36,0,Matches
225,Sergio Gómez,es ESP,"MF,DF",Real Sociedad,24-249,2000,28.6,70,39,29,29,12,30,55,54.5,25,42,2,40,18,88,28,2,Matches
Rk,Player,Nation,Pos,Squad,Age,Born,90s,Tkl,TklW,Def 3rd,Mid 3rd,Att 3rd,Tkl,Att,Tkl%,Lost,Blocks,Sh,Pass,Int,Tkl+Int,Clr,Err,Matches
226,Unai Gómez,es ESP,"MF,FW",Athletic Club,21-351,2003,12.3,10,6,3,6,1,4,6,66.7,2,12,1,11,2,12,12,0,Matches
227,Fabio González,es ESP,MF,Las Palmas,28-088,1997,0.6,0,0,0,0,0,0,1,0.0,1,0,0,0,0,0,0,0,Matches
228,Peter González,do DOM,"MF,FW",Getafe,22-290,2002,5.2,11,6,2,5,4,6,9,66.7,3,8,0,8,2,13,5,0,Matches
229,Urko González,es ESP,MF,Espanyol,24-052,2001,11.5,36,20,21,14,1,22,31,71.0,9,22,10,12,7,43,29,0,Matches
230,Urko González,es ESP,MF,Real Sociedad,24-052,2001,0.5,0,0,0,0,0,0,0,,0,1,1,0,0,0,0,0,Matches
231,Andoni Gorosabel,es ESP,DF,Athletic Club,28-280,1996,15.6,43,25,27,9,7,27,41,65.9,14,17,2,15,17,60,54,0,Matches
232,José Gragera,es ESP,MF,Espanyol,24-162,2000,6.3,25,16,11,14,0,9,17,52.9,8,9,1,8,5,30,13,0,Matches
233,Dominik Greif,sk SVK,GK,Mallorca,28-035,1997,29.0,0,0,0,0,0,0,0,,0,0,0,0,0,0,10,1,Matches
234,Antoine Griezmann,fr FRA,"FW,MF",Atlético Madrid,34-051,1991,26.2,30,17,13,13,4,7,29,24.1,22,16,1,15,6,36,23,1,Matches
235,Florian Grillitsch,at AUT,MF,Valladolid,29-277,1995,5.7,8,6,5,3,0,5,13,38.5,8,10,1,9,4,12,5,1,Matches
236,Vicente Guaita,es ESP,GK,Celta Vigo,38-121,1987,31.0,0,0,0,0,0,0,0,,0,0,0,0,0,0,20,2,Matches
237,Sergi Guardiola,es ESP,FW,Rayo Vallecano,33-347,1991,4.0,5,3,0,5,0,2,3,66.7,1,1,0,1,1,6,2,0,Matches
238,Nemanja Gudelj,rs SRB,"DF,MF",Sevilla,33-176,1991,25.3,39,21,13,22,4,20,32,62.5,12,26,10,16,25,64,85,1,Matches
239,Javier Guerra,es ESP,MF,Valencia,22-130,2003,26.9,46,24,16,19,11,23,50,46.0,27,14,2,12,19,65,47,2,Matches
240,Ander Guevara,es ESP,MF,Alavés,27-308,1997,18.6,43,26,18,24,1,18,42,42.9,24,19,5,14,11,54,40,1,Matches
241,Pape Gueye,sn SEN,MF,Villarreal,26-107,1999,22.5,53,26,22,23,8,20,27,74.1,7,29,11,18,24,77,50,1,Matches
242,Hugo Guillamón,es ESP,MF,Valencia,25-100,2000,4.0,11,8,1,9,1,9,10,90.0,1,4,1,3,5,16,9,1,Matches
243,Carlos Guirao,es ESP,MF,Betis,22-014,2003,1.2,5,3,1,4,0,4,6,66.7,2,1,1,0,3,8,2,0,Matches
244,Arda Güler,tr TUR,"MF,FW",Real Madrid,20-075,2005,10.5,22,11,8,6,8,7,18,38.9,11,14,0,14,5,27,8,0,Matches
245,Gerard Gumbau,es ESP,MF,Rayo Vallecano,30-144,1994,8.7,16,12,8,6,2,7,15,46.7,8,10,4,6,5,21,12,0,Matches
246,Jon Guridi,es ESP,"MF,FW",Alavés,30-072,1995,20.0,33,17,6,21,6,15,39,38.5,24,19,1,18,12,45,11,0,Matches
247,Gorka Guruzeta,es ESP,FW,Athletic Club,28-241,1996,18.1,15,8,1,12,2,7,28,25.0,21,27,4,23,8,23,19,0,Matches
248,Miguel Gutiérrez,es ESP,"DF,MF",Girona,23-288,2001,27.3,37,24,18,16,3,17,37,45.9,20,17,7,10,16,53,34,3,Matches
249,Munir El Haddadi,ma MAR,"FW,MF",Leganés,29-252,1995,7.4,11,8,5,4,2,3,10,30.0,7,6,1,5,1,12,1,1,Matches
250,Sébastien Haller,ci CIV,FW,Leganés,30-323,1994,4.5,2,0,1,0,1,1,2,50.0,1,1,0,1,0,2,7,0,Matches
Rk,Player,Nation,Pos,Squad,Age,Born,90s,Tkl,TklW,Def 3rd,Mid 3rd,Att 3rd,Tkl,Att,Tkl%,Lost,Blocks,Sh,Pass,Int,Tkl+Int,Clr,Err,Matches
251,Henrique,br BRA,DF,Valladolid,31-016,1994,2.2,3,2,2,1,0,0,3,0.0,3,5,0,5,2,5,5,0,Matches
252,Javi Hernández,es ESP,DF,Leganés,27-009,1998,23.5,25,15,16,6,3,16,42,38.1,26,22,3,19,22,47,89,0,Matches
253,Aridane Hernández,es ESP,DF,Rayo Vallecano,36-049,1989,9.4,11,9,7,4,0,4,6,66.7,2,7,5,2,4,15,90,2,Matches
254,Jorge Herrando,es ESP,DF,Osasuna,24-072,2001,15.2,17,11,9,5,3,9,15,60.0,6,20,14,6,12,29,65,2,Matches
255,Ander Herrera,es ESP,MF,Athletic Club,35-270,1989,3.0,8,4,1,7,0,3,6,50.0,3,1,0,1,2,10,10,0,Matches
256,Sergio Herrera,es ESP,GK,Osasuna,31-340,1993,33.0,2,1,2,0,0,2,5,40.0,3,1,0,1,0,2,27,1,Matches
257,Yangel Herrera,ve VEN,MF,Girona,27-117,1998,23.3,60,37,27,26,7,29,55,52.7,26,20,4,16,29,89,45,1,Matches
258,Juan Herzog,es ESP,DF,Las Palmas,21-363,2003,11.7,11,11,11,0,0,9,14,64.3,5,14,8,6,15,26,61,0,Matches
259,Omar El Hilali,ma MAR,DF,Espanyol,21-241,2003,32.1,106,76,77,24,5,60,90,66.7,30,48,12,36,43,149,140,2,Matches
260,Roger Hinojo,es ESP,DF,Espanyol,20-079,2005,0.1,0,0,0,0,0,0,0,,0,0,0,0,0,0,1,0,Matches
261,Dinko Horkaš,hr CRO,GK,Las Palmas,26-062,1999,9.1,0,0,0,0,0,0,0,,0,0,0,0,0,0,6,1,Matches
262,Pablo Ibáñez,es ESP,MF,Osasuna,26-233,1998,11.4,18,9,6,11,1,9,37,24.3,28,18,6,12,14,32,19,0,Matches
263,Stanis Idumbo,be BEL,"FW,MF",Sevilla,19-316,2005,3.2,9,5,3,4,2,3,5,60.0,2,3,1,2,4,13,2,0,Matches
264,Iglesias,es ESP,DF,Getafe,26-312,1998,29.2,75,46,39,30,6,43,82,52.4,39,43,7,36,42,117,124,1,Matches
265,Borja Iglesias,es ESP,FW,Celta Vigo,32-114,1993,20.0,10,9,2,5,3,4,14,28.6,10,8,2,6,6,16,7,0,Matches
266,Kelechi Iheanacho,ng NGA,FW,Sevilla,28-220,1996,4.4,1,0,0,1,0,1,3,33.3,2,0,0,0,0,1,1,0,Matches
267,Isco,es ESP,MF,Betis,33-020,1992,14.6,16,9,1,11,4,7,26,26.9,19,9,0,9,8,24,6,0,Matches
268,Diego Iturralde,es ESP,FW,Sevilla,22-025,2003,0.4,0,0,0,0,0,0,0,,0,0,0,0,1,1,1,0,Matches
269,Ivan Jaime Pajuelo,es ESP,MF,Valencia,24-227,2000,2.4,4,2,1,1,2,2,3,66.7,1,1,0,1,2,6,0,0,Matches
270,Karl Jakob Hein,ee EST,GK,Valladolid,23-028,2002,28.0,0,0,0,0,0,0,2,0.0,2,0,0,0,0,0,17,1,Matches
271,Adnan Januzaj,be BEL,"MF,FW",Las Palmas,30-095,1995,5.3,10,6,1,6,3,5,7,71.4,2,5,0,5,0,10,2,0,Matches
272,Mikel Jauregizar,es ESP,MF,Athletic Club,21-180,2003,21.8,76,43,23,40,13,39,74,52.7,35,22,3,19,26,102,28,2,Matches
273,John Joe,ie IRL,"MF,FW",Getafe,21-199,2003,0.5,0,0,0,0,0,0,0,,0,1,1,0,0,0,1,0,Matches
274,Jofre,es ESP,"MF,FW",Espanyol,23-328,2001,22.4,21,15,13,5,3,12,21,57.1,9,13,0,13,15,36,28,0,Matches
275,Frenkie de Jong,nl NED,MF,Barcelona,27-364,1997,10.1,15,9,4,5,6,7,14,50.0,7,6,0,6,5,20,6,1,Matches
Rk,Player,Nation,Pos,Squad,Age,Born,90s,Tkl,TklW,Def 3rd,Mid 3rd,Att 3rd,Tkl,Att,Tkl%,Lost,Blocks,Sh,Pass,Int,Tkl+Int,Clr,Err,Matches
276,Joan Jordán,es ESP,MF,Alavés,30-309,1994,15.1,31,17,11,16,4,16,29,55.2,13,12,0,12,8,39,20,0,Matches
277,Juanmi,es ESP,"FW,MF",Getafe,31-356,1993,7.4,14,11,4,7,3,6,16,37.5,10,6,0,6,2,16,3,0,Matches
278,Juanmi,es ESP,"FW,MF",Betis,31-356,1993,2.7,7,4,3,3,1,4,6,66.7,2,4,0,4,1,8,4,0,Matches
279,Juanpe,es ESP,DF,Girona,34-011,1991,6.8,8,5,5,3,0,6,8,75.0,2,14,9,5,8,16,46,1,Matches
280,Luiz Lúcio Reis Júnior,br BRA,GK,Villarreal,24-117,2001,14.2,0,0,0,0,0,0,0,,0,0,0,0,0,0,14,1,Matches
281,Vinicius Júnior,br BRA,FW,Real Madrid,24-303,2000,23.7,20,10,7,4,9,4,17,23.5,13,6,0,6,3,23,1,2,Matches
282,Stanko Jurić,hr CRO,MF,Valladolid,28-268,1996,19.2,48,24,26,19,3,19,48,39.6,29,35,11,24,24,72,52,0,Matches
283,Willy Kambwala,fr FRA,DF,Villarreal,20-259,2004,10.6,14,9,11,2,1,7,8,87.5,1,7,5,2,8,22,46,1,Matches
284,Abdoulaye Keita,es ESP,"FW,MF",Getafe,22-252,2002,1.1,2,2,0,1,1,2,4,50.0,2,1,0,1,0,2,3,0,Matches
285,Kenedy,br BRA,"MF,FW",Valladolid,29-092,1996,0.1,0,0,0,0,0,0,0,,0,1,0,1,0,0,0,0,Matches
286,Kiké,es ESP,FW,Alavés,35-167,1989,25.6,17,12,1,11,5,5,11,45.5,6,9,2,7,1,18,22,0,Matches
287,Koke,es ESP,MF,Atlético Madrid,33-123,1992,18.9,43,22,17,20,6,20,40,50.0,20,22,2,20,18,61,25,2,Matches
288,Jules Koundé,fr FRA,DF,Barcelona,26-180,1998,28.9,63,43,29,23,11,44,66,66.7,22,35,5,30,20,83,68,2,Matches
289,Alex Král,cz CZE,MF,Espanyol,26-357,1998,29.2,54,36,28,23,3,16,29,55.2,13,33,14,19,27,81,49,2,Matches
290,Ladislav Krejčí,cz CZE,DF,Girona,26-021,1999,25.1,21,15,17,4,0,12,24,50.0,12,24,19,5,32,53,86,4,Matches
291,Takefusa Kubo,jp JPN,"MF,FW",Real Sociedad,23-341,2001,23.4,30,19,10,11,9,16,37,43.2,21,33,1,32,13,43,13,1,Matches
292,Marash Kumbulla,al ALB,DF,Espanyol,25-092,2000,30.0,49,24,34,13,2,24,39,61.5,15,44,33,11,31,80,207,2,Matches
293,Luca de la Torre,us USA,MF,Celta Vigo,26-353,1998,0.0,0,0,0,0,0,0,0,,0,0,0,0,0,0,0,0,Matches
294,Yoel Lago,es ESP,DF,Celta Vigo,21-047,2004,5.3,11,7,7,3,1,6,7,85.7,1,3,2,1,4,15,24,0,Matches
295,Cyle Larin,ca CAN,FW,Mallorca,30-024,1995,18.3,11,5,1,5,5,2,7,28.6,5,12,3,9,1,12,16,0,Matches
296,Juanmi Latasa,es ESP,FW,Valladolid,24-049,2001,13.0,4,2,1,1,2,2,5,40.0,3,4,1,3,0,4,10,1,Matches
297,Toni Lato,es ESP,DF,Mallorca,27-171,1997,5.2,16,10,6,4,6,6,9,66.7,3,6,2,4,4,20,27,0,Matches
298,Robin Le Normand,es ESP,DF,Atlético Madrid,28-181,1996,21.9,26,17,22,4,0,11,18,61.1,7,18,8,10,9,35,109,1,Matches
299,Florian Lejeune,fr FRA,DF,Rayo Vallecano,33-356,1991,33.9,43,26,28,13,2,21,39,53.8,18,36,30,6,32,75,170,1,Matches
300,Iñigo Lekue,es ESP,DF,Athletic Club,32-007,1993,7.6,15,12,12,3,0,9,17,52.9,8,7,2,5,7,22,26,2,Matches
Rk,Player,Nation,Pos,Squad,Age,Born,90s,Tkl,TklW,Def 3rd,Mid 3rd,Att 3rd,Tkl,Att,Tkl%,Lost,Blocks,Sh,Pass,Int,Tkl+Int,Clr,Err,Matches
301,Thomas Lemar,fr FRA,MF,Atlético Madrid,29-180,1995,0.9,2,1,1,1,0,2,4,50.0,2,0,0,0,0,2,1,0,Matches
302,Clément Lenglet,fr FRA,DF,Atlético Madrid,29-328,1995,19.9,22,14,16,6,0,8,11,72.7,3,24,18,6,20,42,96,1,Matches
303,Robert Lewandowski,pl POL,FW,Barcelona,36-263,1988,27.1,9,4,1,5,3,4,10,40.0,6,14,2,12,3,12,24,0,Matches
304,Samuel Lino,br BRA,"MF,DF",Atlético Madrid,25-139,1999,15.1,26,14,20,4,2,18,45,40.0,27,21,4,17,7,33,12,0,Matches
305,Javier Llabrés,es ESP,FW,Mallorca,22-242,2002,0.6,0,0,0,0,0,0,0,,0,1,0,1,0,0,0,0,Matches
306,Diego Llorente,es ESP,DF,Betis,31-268,1993,28.0,36,20,23,12,1,25,38,65.8,13,29,20,9,43,79,154,1,Matches
307,Marcos Llorente,es ESP,"DF,MF",Atlético Madrid,30-101,1995,24.9,65,48,36,25,4,34,50,68.0,16,28,7,21,24,89,48,1,Matches
308,Giovani Lo Celso,ar ARG,"MF,FW",Betis,29-032,1996,14.5,33,22,8,16,9,16,24,66.7,8,14,2,12,5,38,3,1,Matches
309,Enzo Loiodice,fr FRA,MF,Las Palmas,24-165,2000,5.6,11,4,6,5,0,3,9,33.3,6,4,1,3,5,16,7,2,Matches
310,David López,es ESP,DF,Mallorca,22-097,2003,0.9,1,1,1,0,0,1,1,100.0,0,0,0,0,1,2,3,0,Matches
311,David López,es ESP,DF,Girona,35-214,1989,26.0,31,23,21,7,3,18,31,58.1,13,22,12,10,14,45,105,1,Matches
312,Diego López,es ESP,"MF,FW",Valencia,22-363,2002,28.3,28,17,9,15,4,16,46,34.8,30,25,0,25,13,41,14,0,Matches
313,Fer López,,"FW,MF",Celta Vigo,,,5.9,7,3,1,4,2,0,6,0.0,6,8,0,8,2,9,7,0,Matches
314,Fermin López,es ESP,"MF,FW",Barcelona,22-000,2003,11.5,18,14,3,8,7,7,25,28.0,18,8,0,8,4,22,3,0,Matches
315,Javi López,es ESP,DF,Real Sociedad,23-047,2002,20.5,39,23,22,12,5,22,36,61.1,14,21,7,14,8,47,57,1,Matches
316,Pau López,es ESP,GK,Girona,30-149,1994,0.5,0,0,0,0,0,0,0,,0,0,0,0,0,0,1,0,Matches
317,Roberto López,es ESP,MF,Leganés,25-017,2000,4.4,8,6,4,4,0,5,15,33.3,10,5,0,5,1,9,7,2,Matches
318,Unai López,es ESP,MF,Rayo Vallecano,29-193,1995,17.4,27,19,13,9,5,14,32,43.8,18,14,3,11,20,47,19,0,Matches
319,Iker Losada,es ESP,"FW,MF",Celta Vigo,23-283,2001,3.8,3,3,0,1,2,1,5,20.0,4,3,0,3,1,4,8,0,Matches
320,Iker Losada,es ESP,"MF,FW",Betis,23-283,2001,3.7,10,7,2,4,4,5,10,50.0,5,2,0,2,3,13,2,0,Matches
321,Pol Lozano,es ESP,MF,Espanyol,25-217,1999,19.8,50,33,20,25,5,24,54,44.4,30,28,5,23,21,71,29,0,Matches
322,José Luis Gayà,es ESP,DF,Valencia,29-351,1995,18.1,55,38,38,14,3,40,57,70.2,17,14,2,12,21,76,54,0,Matches
323,Dodi Lukebakio,be BEL,FW,Sevilla,27-229,1997,32.4,21,13,8,8,5,14,26,53.8,12,16,0,16,7,28,16,2,Matches
324,Daniel Luna,co COL,MF,Mallorca,22-004,2003,0.2,0,0,0,0,0,0,0,,0,1,0,1,0,0,0,0,Matches
325,Andriy Lunin,ua UKR,GK,Real Madrid,26-089,1999,5.0,0,0,0,0,0,0,0,,0,0,0,0,0,0,2,0,Matches
Rk,Player,Nation,Pos,Squad,Age,Born,90s,Tkl,TklW,Def 3rd,Mid 3rd,Att 3rd,Tkl,Att,Tkl%,Lost,Blocks,Sh,Pass,Int,Tkl+Int,Clr,Err,Matches
326,Darwin Machís,ve VEN,"MF,FW",Valladolid,32-093,1993,7.1,5,4,3,2,0,3,9,33.3,6,3,0,3,5,10,13,0,Matches
327,Pablo Maffeo,es ESP,DF,Mallorca,27-303,1997,25.5,58,39,41,14,3,34,46,73.9,12,31,11,20,25,83,95,1,Matches
328,Jon Magunazelaia,es ESP,MF,Real Sociedad,24-302,2000,0.1,1,1,1,0,0,0,0,,0,0,0,0,0,1,0,0,Matches
329,Giorgi Mamardashvili,ge GEO,GK,Valencia,24-224,2000,31.0,2,2,2,0,0,2,3,66.7,1,0,0,0,1,3,13,3,Matches
330,Reinildo Mandava,mz MOZ,DF,Atlético Madrid,31-110,1994,10.5,18,11,10,7,1,10,18,55.6,8,11,5,6,16,34,35,0,Matches
331,Javier Manquillo,es ESP,DF,Celta Vigo,31-006,1994,5.7,7,5,4,3,0,2,10,20.0,8,5,3,2,7,14,14,0,Matches
332,Marcão,br BRA,DF,Sevilla,28-340,1996,5.1,9,6,6,3,0,2,3,66.7,1,9,6,3,6,15,27,1,Matches
333,Óscar de Marcos,es ESP,DF,Athletic Club,36-027,1989,15.3,28,13,13,11,4,19,34,55.9,15,15,1,14,14,42,30,0,Matches
334,Alberto Marí,es ESP,FW,Valencia,23-304,2001,0.1,0,0,0,0,0,0,0,,0,0,0,0,0,0,0,0,Matches
335,José María Giménez,uy URU,DF,Atlético Madrid,30-111,1995,21.2,25,15,17,8,0,16,27,59.3,11,28,18,10,26,51,110,2,Matches
336,Arkaitz Mariezkurrena,es ESP,"MF,FW",Real Sociedad,20-036,2005,1.7,1,0,1,0,0,0,4,0.0,4,1,0,1,1,2,3,0,Matches
337,Pablo Marín,es ESP,MF,Real Sociedad,21-312,2003,11.6,21,14,5,11,5,7,15,46.7,8,12,3,9,4,25,13,0,Matches
338,Mika Mármol,es ESP,DF,Las Palmas,23-314,2001,24.7,57,26,32,23,2,33,49,67.3,16,42,14,28,37,94,111,2,Matches
339,Mario Maroto,es ESP,MF,Valladolid,21-164,2003,0.2,0,0,0,0,0,0,1,0.0,1,0,0,0,2,2,1,0,Matches
340,Unai Marrero,es ESP,GK,Real Sociedad,23-214,2001,1.0,0,0,0,0,0,0,0,,0,0,0,0,0,0,1,0,Matches
341,Carlos Martín,es ESP,"FW,MF",Alavés,23-019,2002,14.5,39,20,15,16,8,13,49,26.5,36,30,1,29,5,44,18,0,Matches
342,Gerard Martín,es ESP,DF,Barcelona,23-130,2002,9.8,20,9,8,7,5,10,15,66.7,5,15,2,13,8,28,25,0,Matches
343,Iván Martín,es ESP,MF,Girona,26-086,1999,21.4,29,17,14,12,3,13,32,40.6,19,17,4,13,11,40,15,1,Matches
344,Jon Martin,es ESP,DF,Real Sociedad,19-130,2006,9.0,10,8,6,3,1,6,9,66.7,3,12,8,4,7,17,68,1,Matches
345,Mario Martín,es ESP,MF,Valladolid,21-067,2004,17.9,59,30,29,27,3,20,45,44.4,25,28,6,22,19,78,39,7,Matches
346,Arnau Martinez,es ESP,"DF,MF",Girona,22-016,2003,26.7,44,23,27,11,6,28,56,50.0,28,16,6,10,28,72,68,2,Matches
347,Iñigo Martínez,es ESP,DF,Barcelona,33-359,1991,25.7,23,13,18,5,0,15,21,71.4,6,18,7,11,18,41,104,1,Matches
348,Javi Martínez,es ESP,MF,Osasuna,25-140,1999,0.1,0,0,0,0,0,0,0,,0,0,0,0,0,0,0,0,Matches
349,Ramón Martínez,es ESP,DF,Sevilla,22-201,2002,2.1,5,3,4,1,0,2,3,66.7,1,2,1,1,2,7,17,0,Matches
350,Toni Martínez,es ESP,"FW,MF",Alavés,27-315,1997,10.1,11,6,4,4,3,3,4,75.0,1,7,2,5,0,11,11,0,Matches
Rk,Player,Nation,Pos,Squad,Age,Born,90s,Tkl,TklW,Def 3rd,Mid 3rd,Att 3rd,Tkl,Att,Tkl%,Lost,Blocks,Sh,Pass,Int,Tkl+Int,Clr,Err,Matches
351,Javi Martón,es ESP,"FW,MF",Athletic Club,26-005,1999,0.6,0,0,0,0,0,0,0,,0,0,0,0,0,0,0,0,Matches
352,Marvin,es ESP,"DF,FW",Las Palmas,24-312,2000,9.4,21,10,10,7,4,9,23,39.1,14,15,5,10,10,31,25,0,Matches
353,Omar Mascarell,gq EQG,MF,Mallorca,32-098,1993,20.1,24,13,11,12,1,12,30,40.0,18,28,19,9,48,72,54,3,Matches
354,Jaime Mata,es ESP,FW,Las Palmas,36-199,1988,6.1,8,2,2,6,0,3,9,33.3,6,5,1,4,3,11,9,0,Matches
355,Borja Mayoral,es ESP,FW,Getafe,28-036,1997,10.3,4,3,1,2,1,2,7,28.6,5,3,0,3,1,5,6,0,Matches
356,Kylian Mbappé,fr FRA,FW,Real Madrid,26-142,1998,28.3,8,5,1,3,4,1,5,20.0,4,3,0,3,1,9,1,0,Matches
357,Oliver McBurnie,sct SCO,FW,Las Palmas,28-341,1996,18.4,13,7,5,6,2,5,11,45.5,6,15,5,10,6,19,21,0,Matches
358,Scott McKenna,sct SCO,DF,Las Palmas,28-180,1996,25.4,18,12,13,5,0,9,12,75.0,3,34,26,8,9,27,146,2,Matches
359,Mateo Mejía,es ESP,FW,Sevilla,22-041,2003,0.1,0,0,0,0,0,0,0,,0,0,0,0,0,0,0,0,Matches
360,Arthur Melo,br BRA,MF,Girona,28-272,1996,8.3,23,10,8,12,3,13,24,54.2,11,4,1,3,7,30,9,1,Matches
361,Brais Méndez,es ESP,MF,Real Sociedad,28-124,1997,15.5,21,13,6,11,4,8,22,36.4,14,13,1,12,7,28,16,1,Matches
362,Ferland Mendy,fr FRA,DF,Real Madrid,29-337,1995,11.2,17,14,7,6,4,9,12,75.0,3,11,4,7,9,26,8,1,Matches
363,Víctor Meseguer,es ESP,MF,Valladolid,25-336,1999,4.6,10,6,4,4,2,2,10,20.0,8,3,0,3,2,12,4,1,Matches
364,Miguel,es ESP,FW,Leganés,25-250,1999,18.6,16,7,6,4,6,4,14,28.6,10,14,4,10,4,20,23,1,Matches
365,Éder Militão,br BRA,DF,Real Madrid,27-113,1998,10.4,19,17,14,5,0,7,12,58.3,5,13,8,5,12,31,35,0,Matches
366,Luis Milla,es ESP,MF,Getafe,30-216,1994,29.9,55,35,28,22,5,31,65,47.7,34,23,0,23,22,77,27,3,Matches
367,Pere Milla,es ESP,"MF,FW",Espanyol,32-230,1992,3.5,4,1,3,0,1,0,14,0.0,14,9,2,7,2,6,4,0,Matches
368,Óscar Mingueza,es ESP,"MF,DF",Celta Vigo,25-363,1999,27.4,35,21,18,12,5,24,63,38.1,39,30,5,25,21,56,42,6,Matches
369,Kim Minsu,kr KOR,"MF,FW",Girona,19-112,2006,0.2,1,0,0,1,0,0,0,,0,0,0,0,0,1,0,0,Matches
370,Bojan Miovski,mk MKD,FW,Girona,25-321,1999,9.7,7,5,2,2,3,2,7,28.6,5,4,0,4,2,9,7,0,Matches
371,Rafa Mir,es ESP,"FW,MF",Valencia,27-327,1997,7.0,10,6,6,4,0,2,8,25.0,6,4,0,4,4,14,9,0,Matches
372,Luka Modrić,hr CRO,MF,Real Madrid,39-244,1985,16.8,28,18,16,11,1,14,31,45.2,17,14,5,9,23,51,16,0,Matches
373,Johan Mojica,co COL,DF,Mallorca,32-263,1992,29.3,34,23,26,5,3,19,40,47.5,21,11,5,6,25,59,79,3,Matches
374,Alberto Moleiro,es ESP,"FW,MF",Las Palmas,21-223,2003,28.4,26,12,11,14,1,18,48,37.5,30,24,0,24,18,44,8,0,Matches
375,Nahuel Molina,ar ARG,DF,Atlético Madrid,27-035,1998,16.4,40,17,19,20,1,29,53,54.7,24,16,3,13,12,52,49,0,Matches
Rk,Player,Nation,Pos,Squad,Age,Born,90s,Tkl,TklW,Def 3rd,Mid 3rd,Att 3rd,Tkl,Att,Tkl%,Lost,Blocks,Sh,Pass,Int,Tkl+Int,Clr,Err,Matches
376,Jon Moncayola,es ESP,MF,Osasuna,26-363,1998,22.9,68,40,28,32,8,30,59,50.8,29,34,3,31,11,79,19,0,Matches
377,Gonzalo Montiel,ar ARG,"DF,MF",Sevilla,28-130,1997,1.3,4,2,3,1,0,3,4,75.0,1,0,0,0,2,6,11,0,Matches
378,Gerard Moreno,es ESP,FW,Villarreal,33-034,1992,7.5,7,4,3,2,2,3,11,27.3,8,0,0,0,2,9,7,0,Matches
379,Mateu Morey,es ESP,DF,Mallorca,25-070,2000,5.6,14,13,8,4,2,10,17,58.8,7,8,0,8,9,23,15,1,Matches
380,Ilaix Moriba,gn GUI,MF,Celta Vigo,22-112,2003,20.7,59,37,20,26,13,27,47,57.4,20,23,4,19,13,72,29,1,Matches
381,Manu Morlanes,es ESP,MF,Mallorca,26-119,1999,14.4,43,27,18,20,5,18,30,60.0,12,18,7,11,24,67,16,0,Matches
382,Raúl Moro,es ESP,"MF,FW",Valladolid,22-157,2002,23.0,21,13,15,3,3,12,29,41.4,17,6,0,6,10,31,17,1,Matches
383,Cristhian Mosquera,es ESP,DF,Valencia,20-318,2004,33.9,48,30,36,11,1,27,36,75.0,9,32,22,10,34,82,120,4,Matches
384,Santiago Mouriño,uy URU,DF,Alavés,23-087,2002,17.5,34,24,26,8,0,18,32,56.3,14,25,11,14,25,59,102,0,Matches
385,Abdul Mumin,gh GHA,DF,Rayo Vallecano,26-339,1998,22.4,37,25,30,7,0,17,27,63.0,10,40,29,11,23,60,125,0,Matches
386,Aihen Muñoz,es ESP,DF,Real Sociedad,27-268,1997,10.3,23,12,13,8,2,13,27,48.1,14,10,6,4,13,36,45,0,Matches
387,Álex Muñoz,es ESP,DF,Las Palmas,30-285,1994,15.2,38,29,22,15,1,20,37,54.1,17,28,11,17,16,54,68,0,Matches
388,Iker Muñoz,es ESP,MF,Osasuna,22-187,2002,5.6,5,2,3,2,0,3,8,37.5,5,7,1,6,4,9,10,1,Matches
389,Javier Muñoz,es ESP,"MF,DF",Las Palmas,30-072,1995,28.5,43,34,18,15,10,15,45,33.3,30,27,4,23,31,74,39,3,Matches
390,Vedat Muriqi,xk KVX,FW,Mallorca,31-017,1994,20.3,6,4,3,2,1,3,6,50.0,3,6,1,5,7,13,34,0,Matches
391,Juan Musso,ar ARG,GK,Atlético Madrid,31-005,1994,1.0,0,0,0,0,0,0,0,,0,0,0,0,0,0,0,0,Matches
392,Matija Nastasić,rs SRB,DF,Leganés,32-044,1993,22.6,24,11,21,3,0,16,24,66.7,8,39,30,9,19,43,155,0,Matches
393,Natan,br BRA,DF,Betis,24-094,2001,20.2,32,21,21,9,2,23,27,85.2,4,22,13,9,23,55,104,1,Matches
394,Pau Navarro,es ESP,DF,Villarreal,20-016,2005,8.0,19,14,11,6,2,16,28,57.1,12,13,6,7,3,22,33,0,Matches
395,Roberto Navarro,es ESP,"MF,FW",Mallorca,23-029,2002,14.2,29,22,14,11,4,9,19,47.4,10,18,0,18,19,48,12,0,Matches
396,Jesús Navas,es ESP,"FW,MF",Sevilla,39-171,1985,4.7,5,2,3,0,2,0,3,0.0,3,1,0,1,4,9,6,0,Matches
397,Yvan Neyou,cm CMR,MF,Leganés,28-128,1997,24.1,53,33,21,26,6,22,45,48.9,23,33,5,28,25,78,37,1,Matches
398,Tanguy Nianzou,fr FRA,DF,Sevilla,22-338,2002,5.8,7,5,6,0,1,5,6,83.3,1,1,0,1,8,15,27,0,Matches
399,Saúl Ñíguez,es ESP,MF,Sevilla,30-171,1994,17.1,47,32,16,24,7,12,30,40.0,18,25,2,23,22,69,33,0,Matches
400,Tamás Nikitscher,hu HUN,MF,Valladolid,25-189,1999,7.3,16,7,8,8,0,7,11,63.6,4,11,2,9,9,25,10,0,Matches
Rk,Player,Nation,Pos,Squad,Age,Born,90s,Tkl,TklW,Def 3rd,Mid 3rd,Att 3rd,Tkl,Att,Tkl%,Lost,Blocks,Sh,Pass,Int,Tkl+Int,Clr,Err,Matches
401,Adrian Niño,es ESP,FW,Atlético Madrid,20-326,2004,0.1,0,0,0,0,0,0,0,,0,0,0,0,0,0,0,0,Matches
402,Hugo Novoa,es ESP,"DF,MF",Alavés,22-130,2003,2.6,8,5,4,3,1,5,5,100.0,0,2,1,1,0,8,6,0,Matches
403,Randy Nteka,ao ANG,FW,Rayo Vallecano,27-156,1997,12.5,16,5,3,9,4,5,12,41.7,7,13,2,11,4,20,20,0,Matches
404,Unai Núñez,es ESP,DF,Athletic Club,28-101,1997,6.5,9,4,6,3,0,3,6,50.0,3,4,4,0,17,26,42,1,Matches
405,Ørjan Nyland,no NOR,GK,Sevilla,34-243,1990,27.7,3,2,3,0,0,3,5,60.0,2,0,0,0,0,3,11,4,Matches
406,Allan Nyom,cm CMR,"DF,MF",Getafe,37-001,1988,7.8,13,7,5,7,1,10,12,83.3,2,4,2,2,2,15,18,0,Matches
407,Jan Oblak,si SVN,GK,Atlético Madrid,32-124,1993,34.0,0,0,0,0,0,0,0,,0,0,0,0,0,0,16,2,Matches
408,Lucas Ocampos,ar ARG,FW,Sevilla,30-304,1994,1.9,3,2,2,0,1,1,2,50.0,1,2,0,2,0,3,2,0,Matches
409,Álvaro Odriozola,es ESP,DF,Real Sociedad,29-148,1995,0.5,1,1,1,0,0,0,0,,0,0,0,0,0,1,1,0,Matches
410,Thiago Ojeda,ar ARG,MF,Villarreal,22-119,2003,0.1,0,0,0,0,0,0,0,,0,0,0,0,0,0,1,0,Matches
411,Olasagasti,es ESP,MF,Real Sociedad,24-268,2000,9.0,19,9,5,9,5,7,17,41.2,10,8,2,6,14,33,10,0,Matches
412,Brian Oliván,es ESP,DF,Espanyol,31-040,1994,11.3,13,10,7,6,0,4,13,30.8,9,6,2,4,10,23,23,0,Matches
413,Lucas Oliveira Rosa,br BRA,DF,Valladolid,25-038,2000,21.0,53,33,40,11,2,35,51,68.6,16,24,9,15,28,81,69,2,Matches
414,Dani Olmo,es ESP,"MF,FW",Barcelona,27-004,1998,11.4,14,9,8,4,2,3,11,27.3,8,6,3,3,3,17,10,1,Matches
415,Aimar Oroz,es ESP,"MF,FW",Osasuna,23-165,2001,29.0,32,18,15,11,6,14,44,31.8,30,27,2,25,18,50,7,0,Matches
416,Ángel Ortíz,es ESP,DF,Betis,20-290,2004,3.8,10,7,7,3,0,6,15,40.0,9,6,0,6,5,15,7,0,Matches
417,Gabriel Osei Misehouy,nl NED,"FW,MF",Girona,19-297,2005,2.9,1,1,0,1,0,0,1,0.0,1,0,0,0,0,1,0,0,Matches
418,David Otorbi,es ESP,MF,Valencia,17-207,2007,0.2,0,0,0,0,0,0,0,,0,1,0,1,0,0,0,0,Matches
419,Jesús Owono,gq EQG,GK,Alavés,24-071,2001,5.4,1,1,1,0,0,1,1,100.0,0,0,0,0,0,1,2,0,Matches
420,Mikel Oyarzabal,es ESP,"FW,MF",Real Sociedad,28-020,1997,22.8,21,13,7,9,5,9,18,50.0,9,15,1,14,4,25,14,0,Matches
421,Cenk Özkacar,tr TUR,DF,Valladolid,24-217,2000,5.9,7,3,6,1,0,2,7,28.6,5,6,4,2,12,19,54,1,Matches
422,Jon Pacheco,es ESP,DF,Real Sociedad,24-123,2001,8.5,13,9,10,3,0,8,10,80.0,2,8,6,2,8,21,45,2,Matches
423,Alex Padilla,es ESP,GK,Athletic Club,21-252,2003,3.6,0,0,0,0,0,0,0,,0,0,0,0,0,0,2,1,Matches
424,Isaac Palazón Camacho,es ESP,"MF,FW",Rayo Vallecano,30-135,1994,21.0,22,17,10,6,6,8,31,25.8,23,19,1,18,8,30,12,1,Matches
425,Aitor Paredes,es ESP,DF,Athletic Club,25-012,2000,18.1,11,9,8,3,0,5,12,41.7,7,22,12,10,22,33,107,4,Matches
Rk,Player,Nation,Pos,Squad,Age,Born,90s,Tkl,TklW,Def 3rd,Mid 3rd,Att 3rd,Tkl,Att,Tkl%,Lost,Blocks,Sh,Pass,Int,Tkl+Int,Clr,Err,Matches
426,Daniel Parejo,es ESP,MF,Villarreal,36-025,1989,23.7,49,38,25,19,5,27,49,55.1,22,22,6,16,24,73,35,1,Matches
427,Álvaro Pascual,es ESP,FW,Sevilla,23-130,2002,2.5,1,0,0,0,1,1,2,50.0,1,0,0,0,2,3,0,0,Matches
428,Alfonso Pedraza,es ESP,"DF,MF",Villarreal,29-032,1996,3.3,3,2,2,0,1,2,4,50.0,2,2,1,1,4,7,11,0,Matches
429,Pedri,es ESP,MF,Barcelona,22-167,2002,28.6,55,30,13,33,9,22,62,35.5,40,40,3,37,26,81,21,1,Matches
430,Adrià Pedrosa,es ESP,DF,Sevilla,26-363,1998,24.1,55,32,33,16,6,30,53,56.6,23,40,9,31,21,76,81,0,Matches
431,Pejiño,es ESP,FW,Las Palmas,28-286,1996,0.2,1,1,0,1,0,1,1,100.0,0,0,0,0,0,1,0,0,Matches
432,Andy Pelmard,fr FRA,DF,Las Palmas,25-060,2000,2.3,5,0,3,2,0,4,5,80.0,1,3,1,2,2,7,20,0,Matches
433,Iñaki Peña,es ESP,GK,Barcelona,26-070,1999,14.5,0,0,0,0,0,0,2,0.0,2,0,0,0,0,0,20,1,Matches
434,Rubén Peña,es ESP,"FW,DF",Osasuna,33-297,1991,7.6,9,3,3,2,4,3,18,16.7,15,10,0,10,5,14,11,0,Matches
435,Nicolas Pépé,ci CIV,"FW,MF",Villarreal,29-347,1995,14.6,19,8,9,6,4,5,12,41.7,7,10,1,9,5,24,10,0,Matches
436,Peque,es ESP,"MF,FW",Sevilla,22-219,2002,12.1,16,5,4,10,2,7,16,43.8,9,16,0,16,8,24,5,0,Matches
437,Ayoze Pérez,es ESP,FW,Villarreal,31-286,1993,20.5,24,12,5,15,4,6,22,27.3,16,17,0,17,7,31,14,0,Matches
438,Carles Pérez,es ESP,"MF,FW",Getafe,27-084,1998,15.9,33,23,11,14,8,21,48,43.8,27,19,2,17,6,39,22,0,Matches
439,Francisco Perez,es ESP,"FW,MF",Valencia,22-244,2002,5.5,16,12,7,7,2,10,16,62.5,6,8,1,7,3,19,6,0,Matches
440,Kike Pérez,es ESP,MF,Valladolid,28-086,1997,13.2,37,26,15,19,3,15,26,57.7,11,16,4,12,7,44,18,0,Matches
441,Luis Pérez,es ESP,DF,Valladolid,30-096,1995,27.9,38,27,23,10,5,24,40,60.0,16,26,9,17,28,66,85,0,Matches
442,Romain Perraud,fr FRA,DF,Betis,27-231,1997,20.1,35,21,15,15,5,20,45,44.4,25,15,3,12,21,56,66,1,Matches
443,Valentín Pezzolesi,es ESP,DF,Las Palmas,18-025,2007,0.1,0,0,0,0,0,0,0,,0,0,0,0,0,0,1,1,Matches
444,Pica,es ESP,DF,Alavés,23-130,2002,5.4,9,7,7,2,0,4,9,44.4,5,7,6,1,8,17,23,0,Matches
445,Yeremi Pino,es ESP,MF,Villarreal,22-203,2002,19.2,52,27,16,28,8,27,54,50.0,27,35,3,32,8,60,17,0,Matches
446,Portu,es ESP,"FW,MF",Girona,32-355,1992,7.0,11,5,5,3,3,6,9,66.7,3,7,0,7,0,11,2,0,Matches
447,Beñat Prados,es ESP,MF,Athletic Club,24-092,2001,17.9,51,33,19,24,8,23,51,45.1,28,21,2,19,28,79,25,0,Matches
448,Abdón Prats,es ESP,"FW,MF",Mallorca,32-155,1992,5.1,2,1,1,1,0,1,2,50.0,1,2,1,1,1,3,5,0,Matches
449,Javi Puado,es ESP,"FW,MF",Espanyol,26-351,1998,29.5,19,15,11,4,4,8,15,53.3,7,14,2,12,5,24,19,0,Matches
450,Dani Raba,es ESP,"FW,MF",Leganés,29-194,1995,18.1,34,21,16,14,4,15,37,40.5,22,25,2,23,14,48,14,1,Matches
Rk,Player,Nation,Pos,Squad,Age,Born,90s,Tkl,TklW,Def 3rd,Mid 3rd,Att 3rd,Tkl,Att,Tkl%,Lost,Blocks,Sh,Pass,Int,Tkl+Int,Clr,Err,Matches
451,Arnau Rafús,es ESP,GK,Valladolid,22-014,2003,1.0,0,0,0,0,0,0,0,,0,0,0,0,0,0,0,1,Matches
452,Antonio Raillo,es ESP,DF,Mallorca,33-215,1991,32.6,29,17,16,10,3,14,18,77.8,4,39,31,8,27,56,197,1,Matches
453,Benito Ramírez,es ESP,"DF,MF",Las Palmas,29-304,1995,4.3,10,5,4,6,0,9,16,56.3,7,6,3,3,1,11,14,1,Matches
454,Sandro Ramírez,es ESP,"FW,MF",Las Palmas,29-306,1995,21.6,26,15,9,13,4,13,30,43.3,17,18,0,18,16,42,21,2,Matches
455,Jacobo Ramón,es ESP,DF,Real Madrid,20-125,2005,0.3,2,1,2,0,0,1,1,100.0,0,0,0,0,0,2,0,0,Matches
456,Raphinha,br BRA,"FW,MF",Barcelona,28-148,1996,27.8,35,21,6,18,11,19,35,54.3,16,26,2,24,8,43,24,0,Matches
457,Andrei Ratiu,ro ROU,DF,Rayo Vallecano,26-325,1998,31.1,65,37,40,17,8,39,64,60.9,25,36,3,33,26,91,68,2,Matches
458,Raúl,es ESP,"FW,MF",Osasuna,24-189,2000,7.7,11,6,3,5,3,4,9,44.4,5,4,0,4,0,11,5,0,Matches
459,Abderrahman Rebbach,dz ALG,"FW,MF",Alavés,26-273,1998,4.3,3,2,3,0,0,0,6,0.0,6,4,0,4,0,3,6,0,Matches
460,Álex Remiro,es ESP,GK,Real Sociedad,30-048,1995,34.0,1,0,1,0,0,1,2,50.0,1,0,0,0,0,1,17,4,Matches
461,Diego Rico,es ESP,DF,Getafe,32-077,1993,28.3,76,46,44,27,5,44,79,55.7,35,37,3,34,32,108,91,2,Matches
462,Luis Rioja,es ESP,FW,Alavés,31-207,1993,0.3,2,1,0,1,1,1,2,50.0,1,2,0,2,0,2,0,0,Matches
463,Luis Rioja,es ESP,"MF,FW",Valencia,31-207,1993,29.2,31,20,13,12,6,13,40,32.5,27,29,1,28,22,53,41,0,Matches
464,Rodrigo Riquelme,es ESP,"MF,DF",Atlético Madrid,25-039,2000,5.7,11,5,4,6,1,6,11,54.5,5,3,0,3,2,13,3,0,Matches
465,Alberto Risco,es ESP,"MF,FW",Getafe,19-254,2005,0.8,4,4,2,0,2,1,6,16.7,5,2,0,2,0,4,0,0,Matches
466,Mihailo Ristić,rs SRB,"MF,DF",Celta Vigo,29-192,1995,3.0,3,3,2,1,0,1,3,33.3,2,0,0,0,1,4,7,0,Matches
467,Gorka Rivera Alonso,es ESP,"DF,MF",Getafe,20-283,2004,0.2,2,0,0,2,0,2,2,100.0,0,0,0,0,0,2,0,0,Matches
468,Marc Roca,es ESP,MF,Betis,28-166,1996,10.1,20,14,10,9,1,9,17,52.9,8,17,5,12,14,34,14,2,Matches
469,Rodri,es ESP,FW,Betis,24-360,2000,1.3,2,1,1,1,0,1,2,50.0,1,2,1,1,1,3,1,1,Matches
470,Adrian Rodriguez,es ESP,GK,Alavés,24-150,2000,1.4,0,0,0,0,0,0,1,0.0,1,0,0,0,0,0,3,1,Matches
471,Álvaro Rodríguez,uy URU,FW,Getafe,20-301,2004,8.6,9,6,0,6,3,4,9,44.4,5,22,0,22,3,12,12,0,Matches
472,Óscar Rodríguez Arnaiz,es ESP,"MF,FW",Leganés,26-317,1998,13.9,31,16,10,15,6,13,29,44.8,16,9,1,8,18,49,18,0,Matches
473,Damián Rodríguez,es ESP,MF,Celta Vigo,22-055,2003,10.3,14,9,3,10,1,6,16,37.5,10,6,1,5,7,21,13,0,Matches
474,Dani Rodríguez,es ESP,"MF,FW",Mallorca,36-339,1988,22.7,44,27,14,20,10,13,26,50.0,13,21,2,19,12,56,23,0,Matches
475,Daniel Rodriguez,es ESP,FW,Barcelona,19-275,2005,0.4,0,0,0,0,0,0,0,,0,1,0,1,0,0,0,0,Matches
Rk,Player,Nation,Pos,Squad,Age,Born,90s,Tkl,TklW,Def 3rd,Mid 3rd,Att 3rd,Tkl,Att,Tkl%,Lost,Blocks,Sh,Pass,Int,Tkl+Int,Clr,Err,Matches
476,James Rodríguez,co COL,"MF,FW",Rayo Vallecano,33-303,1991,1.6,3,2,1,2,0,0,2,0.0,2,2,0,2,1,4,0,0,Matches
477,Javi Rodríguez,es ESP,DF,Celta Vigo,21-319,2003,24.9,50,35,33,17,0,31,45,68.9,14,28,9,19,31,81,90,1,Matches
478,Jesus Rodríguez,es ESP,FW,Betis,19-171,2005,10.8,16,14,6,6,4,5,12,41.7,7,13,0,13,6,22,2,0,Matches
479,Kirian Rodríguez,es ESP,MF,Las Palmas,29-067,1996,19.5,33,17,12,18,3,22,43,51.2,21,22,4,18,10,43,21,0,Matches
480,Ricardo Rodríguez,ch SUI,DF,Betis,32-259,1992,12.3,25,13,13,5,7,16,25,64.0,9,8,1,7,6,31,45,0,Matches
481,Rodrygo,br BRA,"FW,MF",Real Madrid,24-122,2001,21.4,21,14,14,5,2,7,23,30.4,16,18,1,17,11,32,9,0,Matches
482,Leo Román,es ESP,GK,Mallorca,24-309,2000,6.0,0,0,0,0,0,0,0,,0,0,0,0,0,0,4,0,Matches
483,Carlos Romero,es ESP,DF,Espanyol,23-194,2001,24.4,59,37,43,13,3,36,68,52.9,32,43,14,29,23,82,91,1,Matches
484,Isaac Romero,es ESP,FW,Sevilla,24-358,2000,23.9,13,7,4,4,5,3,16,18.8,13,18,1,17,7,20,27,0,Matches
485,Luka Romero,ar ARG,"FW,MF",Alavés,20-174,2004,2.2,4,4,1,1,2,2,3,66.7,1,2,0,2,1,5,0,0,Matches
486,Oriol Romeu,es ESP,MF,Girona,33-229,1991,13.8,32,22,13,16,3,12,22,54.5,10,20,7,13,11,43,18,3,Matches
487,Vitor Roque,br BRA,FW,Betis,20-072,2005,13.7,11,6,1,6,4,1,5,20.0,4,5,0,5,7,18,4,0,Matches
488,Valentin Rosier,fr FRA,DF,Leganés,28-265,1996,27.1,69,51,48,15,6,41,66,62.1,25,39,14,25,50,119,143,2,Matches
489,Antonio Rüdiger,de GER,DF,Real Madrid,32-069,1993,25.5,20,13,14,6,0,11,15,73.3,4,22,14,8,9,29,96,1,Matches
490,Aitor Ruibal,es ESP,"DF,FW",Betis,29-050,1996,11.0,21,15,15,3,3,16,27,59.3,11,15,4,11,11,32,27,0,Matches
491,Abel Ruiz,es ESP,FW,Girona,25-103,2000,13.6,6,2,2,2,2,2,5,40.0,3,7,2,5,4,10,7,0,Matches
492,Ferrán Ruiz,es ESP,MF,Girona,22-015,2003,0.2,0,0,0,0,0,0,0,,0,2,1,1,1,1,0,0,Matches
493,Youssouf Sabaly,sn SEN,DF,Betis,32-067,1993,17.3,39,25,20,15,4,24,32,75.0,8,20,3,17,13,52,39,0,Matches
494,Umar Sadiq,ng NGA,FW,Valencia,28-098,1997,7.5,9,5,2,5,2,4,6,66.7,2,5,0,5,1,10,6,0,Matches
495,Umar Sadiq,ng NGA,FW,Real Sociedad,28-098,1997,2.5,2,1,1,1,0,1,2,50.0,1,3,1,2,1,3,2,0,Matches
496,Jorge Sáenz,es ESP,DF,Leganés,28-175,1996,14.8,30,21,15,14,1,8,14,57.1,6,22,14,8,21,51,138,0,Matches
497,Jan Salas,es ESP,MF,Mallorca,19-274,2005,0.3,2,1,1,1,0,1,1,100.0,0,0,0,0,0,2,0,0,Matches
498,Kike Salas,es ESP,DF,Sevilla,23-018,2002,22.4,44,26,23,15,6,24,40,60.0,16,23,12,11,31,75,133,0,Matches
499,Albert Sambi Lokonga,be BEL,MF,Sevilla,25-201,1999,15.6,21,15,10,9,2,10,13,76.9,3,12,1,11,9,30,24,3,Matches
500,Chuky san jose,es ESP,MF,Valladolid,21-012,2004,7.8,8,2,3,3,2,2,9,22.2,7,4,1,3,0,8,4,0,Matches
Rk,Player,Nation,Pos,Squad,Age,Born,90s,Tkl,TklW,Def 3rd,Mid 3rd,Att 3rd,Tkl,Att,Tkl%,Lost,Blocks,Sh,Pass,Int,Tkl+Int,Clr,Err,Matches
501,Oihan Sancet,es ESP,MF,Athletic Club,25-016,2000,16.3,12,7,6,5,1,4,12,33.3,8,9,0,9,5,17,5,0,Matches
502,Antonio Sánchez,es ESP,"MF,DF",Mallorca,28-130,1997,13.8,27,16,15,8,4,14,29,48.3,15,12,2,10,17,44,30,1,Matches
503,Iván Sánchez,es ESP,"MF,FW",Valladolid,32-230,1992,14.3,35,19,17,9,9,12,27,44.4,15,18,3,15,13,48,10,0,Matches
504,Javi Sánchez,es ESP,DF,Valladolid,28-058,1997,22.5,26,16,19,6,1,17,26,65.4,9,39,28,11,22,48,111,3,Matches
505,Juanlu Sánchez,es ESP,"MF,DF",Sevilla,21-269,2003,16.5,38,27,22,13,3,27,45,60.0,18,19,0,19,12,50,15,0,Matches
506,Manu Sánchez,es ESP,DF,Alavés,24-260,2000,25.5,69,45,34,25,10,35,57,61.4,22,46,9,37,28,97,61,1,Matches
507,Maroan Sannadi,es ESP,FW,Athletic Club,24-099,2001,5.7,1,0,1,0,0,1,4,25.0,3,1,0,1,0,1,1,0,Matches
508,Jesús Santiago,es ESP,MF,Getafe,20-351,2004,3.6,14,8,6,8,0,5,9,55.6,4,5,2,3,1,15,3,0,Matches
509,Aleksandar Sedlar,rs SRB,DF,Alavés,33-149,1991,5.7,17,9,7,10,0,8,10,80.0,2,2,1,1,9,26,18,1,Matches
510,Sergi,es ESP,DF,Leganés,33-021,1992,31.4,38,28,22,15,1,17,31,54.8,14,35,28,7,39,77,182,2,Matches
511,Nicolás Serrano,es ESP,FW,Athletic Club,22-067,2003,1.2,1,1,0,1,0,1,3,33.3,2,4,0,4,1,2,1,0,Matches
512,Fábio Silva,pt POR,FW,Las Palmas,22-296,2002,20.7,12,7,4,5,3,4,14,28.6,10,12,0,12,4,16,27,0,Matches
513,Rui Silva,pt POR,GK,Betis,31-093,1994,15.0,0,0,0,0,0,0,1,0.0,1,1,0,1,0,0,7,0,Matches
514,Giuliano Simeone,ar ARG,MF,Atlético Madrid,22-144,2002,19.7,24,12,6,8,10,14,29,48.3,15,19,2,17,12,36,20,1,Matches
515,Unai Simón,es ESP,GK,Athletic Club,27-334,1997,17.0,0,0,0,0,0,0,0,,0,1,0,1,1,1,10,4,Matches
516,Daley Sinkgraven,nl NED,DF,Las Palmas,29-311,1995,1.0,5,1,3,2,0,1,3,33.3,2,1,0,1,1,6,2,0,Matches
517,Jailson Siqueira,br BRA,"DF,MF",Celta Vigo,29-246,1995,6.8,13,11,9,3,1,9,11,81.8,2,6,4,2,9,22,28,1,Matches
518,Antonio Sivera,es ESP,GK,Alavés,28-273,1996,27.2,2,1,2,0,0,2,2,100.0,0,1,0,1,0,2,17,0,Matches
519,Justin Smith,ca CAN,MF,Espanyol,22-096,2003,2.3,9,3,3,6,0,4,6,66.7,2,5,1,4,4,13,3,0,Matches
520,Alex Sola,es ESP,"MF,FW",Getafe,25-336,1999,11.4,21,14,9,12,0,9,25,36.0,16,8,0,8,7,28,11,1,Matches
521,Arnau Solà,es ESP,MF,Villarreal,22-037,2003,0.1,0,0,0,0,0,0,2,0.0,2,1,1,0,0,0,0,0,Matches
522,Jhon Solis,co COL,MF,Girona,20-220,2004,5.3,10,5,3,6,1,5,13,38.5,8,12,1,11,4,14,6,1,Matches
523,David Soria,es ESP,GK,Getafe,32-037,1993,35.0,4,4,4,0,0,4,5,80.0,1,0,0,0,1,5,18,3,Matches
524,Juan Soriano,es ESP,GK,Leganés,27-261,1997,6.0,1,1,1,0,0,1,1,100.0,0,0,0,0,0,1,2,0,Matches
525,Hugo Sotelo,es ESP,MF,Celta Vigo,21-143,2003,13.9,28,17,8,10,10,13,30,43.3,17,9,1,8,5,33,9,1,Matches
Rk,Player,Nation,Pos,Squad,Age,Born,90s,Tkl,TklW,Def 3rd,Mid 3rd,Att 3rd,Tkl,Att,Tkl%,Lost,Blocks,Sh,Pass,Int,Tkl+Int,Clr,Err,Matches
526,Djibril Sow,ch SUI,MF,Sevilla,28-094,1997,20.7,21,12,11,9,1,7,16,43.8,9,15,2,13,22,43,25,1,Matches
527,Carl Starfelt,se SWE,DF,Celta Vigo,29-344,1995,25.2,40,20,25,14,1,18,27,66.7,9,29,21,8,31,71,129,3,Matches
528,Orri Steinn Óskarsson,is ISL,FW,Real Sociedad,20-255,2004,10.5,6,6,2,1,3,2,8,25.0,6,10,1,9,2,8,11,0,Matches
529,Stoichkov,es ESP,"MF,FW",Alavés,31-187,1993,7.8,14,9,6,7,1,6,11,54.5,5,2,0,2,1,15,7,0,Matches
530,Cristhian Stuani,uy URU,FW,Girona,38-211,1986,10.0,8,7,1,6,1,4,7,57.1,3,4,1,3,5,13,9,0,Matches
531,Álex Suárez,es ESP,DF,Las Palmas,32-054,1993,26.6,39,22,29,9,1,20,27,74.1,7,38,24,14,12,51,103,1,Matches
532,Denis Suárez,es ESP,MF,Villarreal,31-125,1994,5.9,9,7,7,1,1,4,9,44.4,5,4,1,3,1,10,3,0,Matches
533,Luka Sučić,hr CRO,MF,Real Sociedad,22-245,2002,18.5,24,17,7,12,5,9,24,37.5,15,29,2,27,13,37,15,1,Matches
534,Suso,es ESP,"FW,MF",Sevilla,31-173,1993,3.9,5,3,2,3,0,2,6,33.3,4,3,0,3,2,7,0,0,Matches
535,Williot Swedberg,se SWE,"FW,MF",Celta Vigo,21-099,2004,13.8,19,13,6,9,4,11,17,64.7,6,12,1,11,3,22,10,1,Matches
536,Mamadou Sylla,sn SEN,"FW,MF",Valladolid,31-052,1994,16.5,6,3,2,2,2,2,8,25.0,6,6,0,6,3,9,12,1,Matches
537,Wojciech Szczęsny,pl POL,GK,Barcelona,35-023,1990,13.0,1,1,1,0,0,0,0,,0,0,0,0,0,1,14,1,Matches
538,Alexander Sørloth,no NOR,FW,Atlético Madrid,29-157,1995,15.6,8,4,2,4,2,3,5,60.0,2,6,1,5,1,9,24,0,Matches
539,Renato Tapia,pe PER,"MF,DF",Leganés,29-287,1995,23.2,54,31,26,24,4,20,43,46.5,23,53,20,33,23,77,73,2,Matches
540,César Tárrega,es ESP,DF,Valencia,23-074,2002,30.6,47,36,31,13,3,18,29,62.1,11,38,19,19,21,68,208,2,Matches
541,Aurélien Tchouaméni,fr FRA,"DF,MF",Real Madrid,25-104,2000,27.3,41,20,21,18,2,19,38,50.0,19,31,22,9,43,84,80,1,Matches
542,Álvaro Tejero,es ESP,"MF,DF",Espanyol,28-295,1996,13.2,12,4,5,6,1,5,20,25.0,15,9,1,8,12,24,34,1,Matches
543,Martín Tejón,es ESP,"MF,DF",Valencia,21-029,2004,0.5,2,0,0,2,0,1,2,50.0,1,0,0,0,0,2,0,0,Matches
544,Nahuel Tenaglia,ar ARG,DF,Alavés,29-079,1996,29.3,87,52,54,28,5,46,75,61.3,29,29,7,22,37,124,115,2,Matches
545,Marc-André ter Stegen,de GER,GK,Barcelona,33-011,1992,6.5,0,0,0,0,0,0,1,0.0,1,0,0,0,0,0,2,2,Matches
546,Ramón Terrats,es ESP,"MF,FW",Villarreal,24-205,2000,1.5,3,3,1,2,0,2,4,50.0,2,3,1,2,2,5,3,0,Matches
547,Ramón Terrats,es ESP,"MF,FW",Getafe,24-205,2000,11.1,18,9,7,6,5,8,25,32.0,17,7,1,6,5,23,14,0,Matches
548,Raúl de Tomás,es ESP,"DF,FW",Rayo Vallecano,30-206,1994,0.2,2,2,1,0,1,0,0,,0,0,0,0,0,2,0,0,Matches
549,Pablo Torre,es ESP,"MF,FW",Barcelona,22-038,2003,3.4,5,4,1,3,1,2,4,50.0,2,0,0,0,3,8,5,1,Matches
550,David Torres,es ESP,DF,Valladolid,22-067,2003,15.4,13,8,12,1,0,7,11,63.6,4,19,17,2,10,23,74,0,Matches
Rk,Player,Nation,Pos,Squad,Age,Born,90s,Tkl,TklW,Def 3rd,Mid 3rd,Att 3rd,Tkl,Att,Tkl%,Lost,Blocks,Sh,Pass,Int,Tkl+Int,Clr,Err,Matches
551,Ferrán Torres,es ESP,"FW,MF",Barcelona,25-071,2000,11.3,7,4,2,2,3,3,8,37.5,5,7,1,6,4,11,5,0,Matches
552,Lucas Torró,es ESP,MF,Osasuna,30-296,1994,29.4,69,39,30,35,4,35,62,56.5,27,33,9,24,43,112,55,3,Matches
553,Hamari Traoré,ml MLI,DF,Real Sociedad,33-104,1992,6.4,18,11,9,7,2,14,19,73.7,5,4,1,3,8,26,18,0,Matches
554,Óscar Trejo,ar ARG,MF,Rayo Vallecano,37-015,1988,5.4,7,5,1,4,2,3,9,33.3,6,8,0,8,4,11,5,0,Matches
555,Viktor Tsyhankov,ua UKR,"FW,MF",Girona,27-177,1997,18.3,17,11,3,6,8,7,16,43.8,9,5,0,5,11,28,11,1,Matches
556,Beñat Turrientes,es ESP,MF,Real Sociedad,23-100,2002,9.4,14,6,4,9,1,4,14,28.6,10,14,2,12,5,19,12,0,Matches
557,Chrisantus Uche,ng NGA,"FW,MF",Getafe,21-357,2003,24.8,28,17,6,16,6,6,15,40.0,9,18,2,16,9,37,17,0,Matches
558,Naci Ünüvar,nl NED,"MF,DF",Espanyol,21-332,2003,0.3,2,2,1,1,0,1,2,50.0,1,0,0,0,0,2,0,0,Matches
559,Óscar Valentín,es ESP,MF,Rayo Vallecano,30-264,1994,19.5,53,40,21,19,13,32,70,45.7,38,35,7,28,21,74,50,2,Matches
560,Germán Valera,es ESP,MF,Valencia,23-056,2002,1.6,1,1,1,0,0,0,1,0.0,1,2,0,2,4,5,2,1,Matches
561,Martin Valjent,sk SVK,DF,Mallorca,29-151,1995,28.7,28,19,20,7,1,14,19,73.7,5,28,18,10,17,45,180,1,Matches
562,Jesús Vallejo,es ESP,DF,Real Madrid,28-126,1997,0.1,0,0,0,0,0,0,0,,0,0,0,0,0,0,2,0,Matches
563,Federico Valverde,uy URU,"MF,DF",Real Madrid,26-293,1998,29.7,42,26,17,20,5,24,35,68.6,11,35,6,29,51,93,48,1,Matches
564,Siebe Van Der Heyden,be BEL,"DF,MF",Mallorca,26-346,1998,1.1,1,1,0,1,0,0,0,,0,1,0,1,2,3,3,0,Matches
565,Ruben Vargas,ch SUI,"FW,MF",Sevilla,26-279,1998,7.5,7,4,1,5,1,3,8,37.5,5,9,0,9,3,10,10,0,Matches
566,José Luis García Vayá,es ESP,MF,Valencia,26-273,1998,18.3,41,23,22,13,6,18,31,58.1,13,20,6,14,16,57,40,0,Matches
567,Jesus Vazquez,es ESP,DF,Valencia,22-129,2003,9.2,20,16,11,7,2,8,17,47.1,9,15,5,10,7,27,28,0,Matches
568,Lucas Vázquez,es ESP,DF,Real Madrid,33-314,1991,22.4,51,32,30,14,7,25,46,54.3,21,22,5,17,17,68,31,0,Matches
569,Alejo Véliz,ar ARG,FW,Espanyol,21-234,2003,11.2,1,1,0,1,0,1,6,16.7,5,11,2,9,4,5,21,1,Matches
570,Mikel Vesga,es ESP,MF,Athletic Club,31-355,1993,9.8,20,14,7,12,1,10,26,38.5,16,10,1,9,13,33,20,0,Matches
571,Carlos Vicente,es ESP,"FW,MF",Alavés,26-018,1999,30.4,41,26,23,10,8,23,57,40.4,34,28,2,26,13,54,37,0,Matches
572,Pau Victor Delgado,es ESP,FW,Barcelona,23-166,2001,3.3,2,1,0,1,1,0,3,0.0,3,6,1,5,2,4,5,0,Matches
573,Nacho Vidal,es ESP,DF,Osasuna,30-107,1995,1.4,2,0,0,1,1,1,4,25.0,3,1,0,1,0,2,6,0,Matches
574,Fran Vieites,es ESP,GK,Betis,26-004,1999,4.0,0,0,0,0,0,0,0,,0,0,0,0,0,0,1,0,Matches
575,Asier Villalibre,es ESP,FW,Alavés,27-223,1997,3.5,1,1,0,0,1,1,2,50.0,1,1,0,1,1,2,7,0,Matches
Rk,Player,Nation,Pos,Squad,Age,Born,90s,Tkl,TklW,Def 3rd,Mid 3rd,Att 3rd,Tkl,Att,Tkl%,Lost,Blocks,Sh,Pass,Int,Tkl+Int,Clr,Err,Matches
576,Iván Villar,es ESP,GK,Celta Vigo,27-306,1997,4.0,0,0,0,0,0,0,0,,0,0,0,0,0,0,3,0,Matches
577,Viti,es ESP,DF,Las Palmas,27-237,1997,20.5,69,45,42,20,7,31,45,68.9,14,27,6,21,26,95,55,0,Matches
578,Daniel Vivian,es ESP,DF,Athletic Club,25-300,1999,25.7,37,23,21,13,3,19,30,63.3,11,24,9,15,38,75,120,2,Matches
579,Iñaki Williams,gh GHA,FW,Athletic Club,30-330,1994,29.0,17,10,4,8,5,12,23,52.2,11,34,5,29,12,29,32,0,Matches
580,Nico Williams,es ESP,FW,Athletic Club,22-303,2002,21.3,27,17,10,11,6,10,31,32.3,21,19,1,18,6,33,9,0,Matches
581,Axel Witsel,be BEL,DF,Atlético Madrid,36-119,1989,8.5,13,12,4,8,1,10,12,83.3,2,15,8,7,9,22,32,1,Matches
582,Lamine Yamal,es ESP,FW,Barcelona,17-302,2007,27.7,39,26,5,17,17,15,34,44.1,19,12,0,12,13,52,3,0,Matches
583,Daniel Yáñez,es ESP,FW,Real Madrid,18-044,2007,0.0,0,0,0,0,0,0,0,,0,0,0,0,0,0,0,0,Matches
584,Bertuğ Yıldırım,tr TUR,FW,Getafe,22-303,2002,11.8,10,5,0,7,3,2,7,28.6,5,13,2,11,1,11,16,0,Matches
585,Arsen Zakharyan,ru RUS,"MF,FW",Real Sociedad,21-350,2003,0.8,1,1,1,0,0,1,1,100.0,0,1,1,0,1,2,0,0,Matches
586,Bryan Zaragoza,es ESP,"FW,MF",Osasuna,24-016,2001,16.9,13,9,8,4,1,6,20,30.0,14,9,0,9,1,14,8,0,Matches
587,Igor Zubeldia,es ESP,DF,Real Sociedad,28-042,1997,23.2,33,22,21,9,3,14,26,53.8,12,31,18,13,25,58,91,2,Matches
588,Martín Zubimendi,es ESP,MF,Real Sociedad,26-098,1999,30.7,72,37,31,29,12,28,44,63.6,16,40,16,24,40,112,76,3,Matches
