Unnamed: 0_level_0,Unnamed: 1_level_0,Unnamed: 2_level_0,Unnamed: 3_level_0,Unnamed: 4_level_0,Unnamed: 5_level_0,Unnamed: 6_level_0,Unnamed: 7_level_0,Total,Total,Total,Total,Total,Short,Short,Short,Medium,Medium,Medium,Long,Long,Long,Unnamed: 22_level_0,Unnamed: 23_level_0,Expected,Expected,Unnamed: 26_level_0,Unnamed: 27_level_0,Unnamed: 28_level_0,Unnamed: 29_level_0,Unnamed: 30_level_0,Unnamed: 31_level_0
Rk,Player,Nation,Pos,Squad,Age,Born,90s,Cmp,Att,Cmp%,TotDist,PrgDist,Cmp,Att,Cmp%,Cmp,Att,Cmp%,Cmp,Att,Cmp%,Ast,xAG,xA,A-xAG,KP,1/3,PPA,CrsPA,PrgP,Matches
1,Max Aarons,eng ENG,"DF,MF",Valencia,25-127,2000,1.2,29,42,69.0,414,130,16,22,72.7,11,16,68.8,1,2,50.0,0,0.0,0.0,0.0,1,1,0,0,4,Matches
2,Rodrigo Abajas,es ESP,DF,Valencia,21-364,2003,0.7,17,29,58.6,268,110,11,14,78.6,4,7,57.1,2,7,28.6,0,0.0,0.0,0.0,0,0,0,0,2,Matches
3,Abel,es ESP,DF,Osasuna,24-263,2000,22.4,749,1035,72.4,12498,4920,371,421,88.1,304,386,78.8,57,157,36.3,0,1.0,1.4,-1.0,15,55,16,12,71,Matches
4,Nabil Aberdin,fr FRA,MF,Getafe,22-261,2002,2.9,36,61,59.0,680,267,12,20,60.0,12,19,63.2,8,13,61.5,0,0.0,0.1,0.0,1,7,2,0,6,Matches
5,Abdel Abqar,ma MAR,DF,Alavés,26-062,1999,27.4,719,939,76.6,16039,5771,180,194,92.8,421,460,91.5,114,258,44.2,1,0.3,0.4,+0.7,8,67,10,2,79,Matches
6,Akor Adams,ng NGA,FW,Sevilla,25-102,2000,1.5,20,27,74.1,334,48,9,12,75.0,7,9,77.8,3,5,60.0,0,0.0,0.0,0.0,0,3,1,0,5,Matches
7,Adrián,es ESP,GK,Betis,38-128,1987,15.0,360,478,75.3,9194,6292,53,54,98.1,205,208,98.6,101,211,47.9,0,0.0,0.0,0.0,0,4,0,0,0,Matches
8,Julen Agirrezabala,es ESP,GK,Athletic Club,24-136,2000,13.4,281,411,68.4,7681,5777,46,46,100.0,165,165,100.0,70,196,35.7,0,0.0,0.0,0.0,0,1,0,0,0,Matches
9,Lucien Agoume,fr FRA,MF,Sevilla,23-091,2002,20.5,876,1079,81.2,13887,4670,474,523,90.6,310,372,83.3,69,122,56.6,1,2.0,1.3,-1.0,19,111,12,3,113,Matches
10,Álvaro Aguado,es ESP,MF,Espanyol,29-010,1996,4.8,188,242,77.7,3689,1170,60,77,77.9,97,114,85.1,28,40,70.0,1,0.6,0.4,+0.4,4,31,8,3,36,Matches
11,Lorenzo Aguado,es ESP,DF,Real Madrid,22-234,2002,0.1,1,1,100.0,34,0,0,0,,0,0,,1,1,100.0,0,0.0,0.0,0.0,0,0,0,0,0,Matches
12,Nayef Aguerd,ma MAR,DF,Real Sociedad,29-042,1996,19.6,1213,1389,87.3,23636,8366,438,462,94.8,618,662,93.4,144,229,62.9,0,0.1,0.3,-0.1,5,87,3,1,75,Matches
13,Joseph Aidoo,gh GHA,DF,Valladolid,29-224,1995,6.0,323,360,89.7,6776,2399,77,82,93.9,204,214,95.3,41,62,66.1,0,0.0,0.1,0.0,0,9,2,0,12,Matches
14,Joseph Aidoo,gh GHA,DF,Celta Vigo,29-224,1995,0.0,6,7,85.7,126,81,1,1,100.0,5,5,100.0,0,0,,0,0.0,0.0,0.0,0,0,0,0,1,Matches
15,Ilias Akhomach,ma MAR,"MF,FW",Villarreal,21-025,2004,6.5,136,185,73.5,2161,534,76,88,86.4,46,63,73.0,8,14,57.1,0,1.0,1.7,-1.0,9,5,8,2,12,Matches
16,David Alaba,at AUT,DF,Real Madrid,32-321,1992,3.5,206,228,90.4,3522,1456,90,90,100.0,96,98,98.0,15,32,46.9,0,0.1,0.1,-0.1,1,11,1,0,7,Matches
17,Raúl Albiol,es ESP,DF,Villarreal,39-249,1985,13.2,727,813,89.4,14582,6006,213,225,94.7,433,463,93.5,76,115,66.1,0,0.0,0.1,0.0,0,26,1,0,34,Matches
18,Omar Alderete,py PAR,DF,Getafe,28-136,1996,31.0,705,1068,66.0,16594,7696,184,224,82.1,358,452,79.2,160,351,45.6,0,0.9,0.9,-0.9,11,129,15,2,109,Matches
19,Carles Aleñá,es ESP,"MF,FW",Getafe,27-126,1998,5.0,93,117,79.5,1504,299,45,55,81.8,38,44,86.4,6,11,54.5,0,0.1,0.1,-0.1,3,9,3,1,12,Matches
20,Carles Aleñá,es ESP,"MF,FW",Alavés,27-126,1998,8.5,272,359,75.8,4070,1061,152,170,89.4,90,118,76.3,19,36,52.8,2,0.7,0.8,+1.3,11,28,7,2,46,Matches
21,Alfon,es ESP,"FW,MF",Celta Vigo,26-007,1999,13.5,244,341,71.6,3568,491,138,157,87.9,84,114,73.7,11,24,45.8,2,2.3,2.0,-0.3,21,7,5,1,20,Matches
22,Tadeo Allende,ar ARG,FW,Celta Vigo,26-080,1999,0.0,1,3,33.3,7,1,1,2,50.0,0,0,,0,0,,0,0.0,0.0,0.0,0,0,0,0,0,Matches
23,Domingos André Ribeiro Almeida,pt POR,"MF,FW",Valencia,24-346,2000,20.2,721,850,84.8,11851,3380,372,396,93.9,251,287,87.5,71,112,63.4,3,2.8,4.6,+0.2,39,93,21,5,132,Matches
24,Iker Almena,es ESP,"FW,DF",Girona,21-007,2004,0.5,23,32,71.9,328,34,13,14,92.9,10,14,71.4,0,1,0.0,1,0.7,0.4,+0.3,2,0,0,0,2,Matches
25,Marcos Alonso,es ESP,DF,Celta Vigo,34-134,1990,27.5,1997,2243,89.0,36187,13120,797,846,94.2,1004,1061,94.6,167,270,61.9,0,1.0,1.9,-1.0,16,211,18,5,201,Matches
Rk,Player,Nation,Pos,Squad,Age,Born,90s,Cmp,Att,Cmp%,TotDist,PrgDist,Cmp,Att,Cmp%,Cmp,Att,Cmp%,Cmp,Att,Cmp%,Ast,xAG,xA,A-xAG,KP,1/3,PPA,CrsPA,PrgP,Matches
26,Adrià Altimira,es ESP,"DF,FW",Leganés,24-044,2001,14.1,361,461,78.3,5729,1662,197,228,86.4,132,168,78.6,26,46,56.5,0,0.2,0.5,-0.2,5,29,8,1,38,Matches
27,Sergi Altimira,es ESP,MF,Betis,23-259,2001,19.5,980,1104,88.8,15628,3679,487,528,92.2,392,425,92.2,66,85,77.6,1,1.6,1.0,-0.6,20,83,13,0,92,Matches
28,Hugo Álvarez,es ESP,"MF,DF",Celta Vigo,21-313,2003,17.3,787,1000,78.7,11992,3230,423,486,87.0,314,380,82.6,31,56,55.4,3,1.1,2.0,+1.9,17,34,14,3,58,Matches
29,Julián Álvarez,ar ARG,FW,Atlético Madrid,25-100,2000,25.2,643,858,74.9,9499,2256,362,433,83.6,196,240,81.7,45,99,45.5,2,3.5,3.8,-1.5,33,39,29,5,77,Matches
30,Yeray Álvarez,es ESP,DF,Athletic Club,30-107,1995,17.8,881,1047,84.1,17820,6199,263,294,89.5,526,565,93.1,91,169,53.8,0,0.2,0.4,-0.2,4,75,3,2,103,Matches
31,Selim Amallah,ma MAR,MF,Valladolid,28-177,1996,14.8,309,394,78.4,5410,1593,158,174,90.8,96,113,85.0,44,74,59.5,1,1.0,1.1,0.0,12,42,10,0,54,Matches
32,Amath,sn SEN,"FW,DF",Valladolid,28-299,1996,3.9,75,98,76.5,1131,259,43,47,91.5,23,28,82.1,6,12,50.0,1,0.2,0.1,+0.8,4,4,3,1,12,Matches
33,Marcos André,br BRA,FW,Valladolid,28-203,1996,13.2,138,210,65.7,2358,395,79,103,76.7,42,65,64.6,14,18,77.8,2,0.8,0.3,+1.2,9,13,3,0,16,Matches
34,Leandro Antonetti,pr PUR,FW,Sevilla,22-118,2003,0.1,1,1,100.0,10,6,1,1,100.0,0,0,,0,0,,0,0.0,0.0,0.0,1,0,0,0,0,Matches
35,Antoniu,es ESP,"MF,FW",Espanyol,22-248,2002,9.8,136,198,68.7,1916,580,79,94,84.0,45,64,70.3,4,14,28.6,1,1.1,1.0,-0.1,7,10,6,3,26,Matches
36,Antony,br BRA,FW,Betis,25-076,2000,12.2,517,639,80.9,6940,1786,334,380,87.9,126,162,77.8,25,43,58.1,2,3.1,2.5,-1.1,31,29,34,7,50,Matches
37,Anuar,ma MAR,"MF,FW",Valladolid,30-116,1995,16.8,336,419,80.2,5030,813,174,203,85.7,136,164,82.9,13,26,50.0,0,0.5,0.5,-0.5,6,10,3,2,23,Matches
38,Aritz Arambarri,es ESP,DF,Leganés,27-100,1998,2.0,49,67,73.1,1025,258,11,13,84.6,34,41,82.9,4,12,33.3,0,0.0,0.0,0.0,0,1,0,0,2,Matches
39,Mauro Arambarri,uy URU,MF,Getafe,29-223,1995,26.9,552,747,73.9,9481,2246,256,319,80.3,226,282,80.1,55,106,51.9,0,0.6,0.6,-0.6,15,71,3,1,70,Matches
40,Jon Aramburu,ve VEN,DF,Real Sociedad,22-292,2002,25.7,1118,1427,78.3,16656,6847,600,670,89.6,432,556,77.7,47,118,39.8,1,1.1,1.3,-0.1,13,80,11,6,96,Matches
41,Ronald Araújo,uy URU,DF,Barcelona,26-065,1999,7.1,532,586,90.8,10188,2976,154,169,91.1,323,339,95.3,45,63,71.4,1,0.4,0.2,+0.6,4,45,3,0,43,Matches
42,Adu Ares,es ESP,FW,Athletic Club,23-211,2001,0.2,5,9,55.6,64,15,3,5,60.0,2,3,66.7,0,0,,0,0.0,0.0,0.0,0,0,1,0,3,Matches
43,Jesús Areso,es ESP,DF,Osasuna,25-313,1999,30.2,1000,1392,71.8,16693,7092,492,557,88.3,402,555,72.4,84,190,44.2,3,2.9,2.1,+0.1,24,87,44,25,95,Matches
44,David Argüelles,es ESP,MF,Getafe,23-130,2002,0.1,3,5,60.0,25,2,3,4,75.0,0,0,,0,1,0.0,0,0.0,0.0,0.0,0,0,0,0,0,Matches
45,José Arnaiz,es ESP,"MF,FW",Osasuna,30-026,1995,1.4,39,61,63.9,522,149,23,27,85.2,7,13,53.8,4,13,30.8,0,0.1,0.3,-0.1,2,2,3,2,3,Matches
46,Sergio Arribas,es ESP,DF,Betis,22-090,2003,1.0,37,54,68.5,533,210,22,23,95.7,12,20,60.0,2,5,40.0,0,0.0,0.0,0.0,0,1,0,0,1,Matches
47,Takuma Asano,jp JPN,"FW,MF",Mallorca,30-182,1994,11.7,148,219,67.6,2071,485,93,110,84.5,48,67,71.6,4,17,23.5,1,0.7,0.6,+0.3,6,8,3,2,20,Matches
48,Raúl Asencio,es ESP,DF,Real Madrid,22-087,2003,15.9,851,908,93.7,14654,4842,375,390,96.2,412,428,96.3,52,74,70.3,1,0.5,0.4,+0.5,5,44,3,0,25,Matches
49,Iago Aspas,es ESP,"FW,MF",Celta Vigo,37-283,1987,18.2,614,817,75.2,9898,2875,322,398,80.9,187,234,79.9,67,99,67.7,4,3.8,3.6,+0.2,34,73,33,3,123,Matches
50,Yaser Asprilla,co COL,"FW,MF",Girona,21-173,2003,12.8,405,559,72.5,7417,2018,190,218,87.2,154,199,77.4,55,103,53.4,0,2.1,2.9,-2.1,21,31,36,9,70,Matches
Rk,Player,Nation,Pos,Squad,Age,Born,90s,Cmp,Att,Cmp%,TotDist,PrgDist,Cmp,Att,Cmp%,Cmp,Att,Cmp%,Cmp,Att,Cmp%,Ast,xAG,xA,A-xAG,KP,1/3,PPA,CrsPA,PrgP,Matches
51,Ezequiel Ávila,ar ARG,FW,Betis,31-094,1994,7.5,166,238,69.7,2762,614,89,110,80.9,56,78,71.8,16,30,53.3,0,1.0,1.0,-1.0,15,1,11,6,18,Matches
52,Adam Aznou,ma MAR,DF,Valladolid,18-343,2006,8.5,207,289,71.6,3094,1057,115,134,85.8,71,102,69.6,14,31,45.2,0,0.1,0.1,-0.1,4,15,1,0,22,Matches
53,César Azpilicueta,es ESP,DF,Atlético Madrid,35-256,1989,8.2,498,579,86.0,7818,3049,251,269,93.3,210,236,89.0,26,58,44.8,0,0.0,0.4,0.0,2,38,4,1,55,Matches
54,Papa Ba,es ESP,MF,Girona,20-241,2004,0.5,5,13,38.5,79,7,3,8,37.5,1,2,50.0,1,2,50.0,0,0.0,0.0,0.0,0,1,0,0,0,Matches
55,Loïc Bade,fr FRA,DF,Sevilla,25-030,2000,28.7,1526,1778,85.8,30374,11537,527,561,93.9,836,889,94.0,157,296,53.0,1,0.7,0.2,+0.3,4,87,3,0,59,Matches
56,Alex Baena,es ESP,MF,Villarreal,23-295,2001,26.2,793,1191,66.6,16179,6106,287,360,79.7,371,504,73.6,125,255,49.0,8,11.0,11.8,-3.0,88,90,66,16,175,Matches
57,Juma Bah,sl SLE,DF,Valladolid,19-030,2006,9.6,330,407,81.1,6294,2123,118,131,90.1,177,191,92.7,31,73,42.5,0,0.0,0.0,0.0,1,15,0,0,13,Matches
58,Eric Bailly,ci CIV,DF,Villarreal,31-029,1994,6.9,280,320,87.5,5019,1914,103,109,94.5,150,165,90.9,23,41,56.1,0,0.0,0.0,0.0,0,18,0,0,18,Matches
59,Stefan Bajcetic,es ESP,"MF,DF",Las Palmas,20-201,2004,10.2,285,398,71.6,5648,1575,112,140,80.0,122,151,80.8,47,86,54.7,0,0.2,0.3,-0.2,6,28,8,0,39,Matches
60,Cédric Bakambu,cd COD,FW,Betis,34-030,1991,6.9,68,105,64.8,787,175,48,64,75.0,14,25,56.0,1,3,33.3,2,0.6,0.8,+1.4,8,9,5,0,12,Matches
61,Alejandro Balde,es ESP,DF,Barcelona,21-205,2003,23.1,1157,1321,87.6,17172,3626,638,686,93.0,451,497,90.7,39,65,60.0,4,3.4,2.7,+0.6,26,47,37,11,86,Matches
62,Iván Balliu,al ALB,DF,Rayo Vallecano,33-130,1992,11.0,415,547,75.9,6787,2871,210,232,90.5,171,218,78.4,27,69,39.1,0,0.5,0.3,-0.5,6,35,5,3,41,Matches
63,Jonathan Bamba,ci CIV,"FW,MF",Celta Vigo,29-046,1996,9.0,287,364,78.8,4015,1041,170,197,86.3,85,102,83.3,14,24,58.3,1,1.8,1.6,-0.8,12,20,13,6,30,Matches
64,Adrian Baquerin,es ESP,FW,Valladolid,18-068,2007,0.1,3,3,100.0,37,10,2,2,100.0,1,1,100.0,0,0,,0,0.0,0.0,0.0,0,0,1,0,1,Matches
65,Valentín Barco,ar ARG,"DF,FW",Sevilla,20-292,2004,3.2,139,191,72.8,2139,895,77,88,87.5,38,53,71.7,13,30,43.3,0,0.6,0.3,-0.6,6,12,3,0,13,Matches
66,Borna Barišić,hr CRO,DF,Leganés,32-182,1992,0.1,3,4,75.0,48,2,1,1,100.0,2,2,100.0,0,0,,0,0.0,0.0,0.0,0,0,0,0,0,Matches
67,Kike Barja,es ESP,"FW,MF",Osasuna,28-040,1997,2.9,65,101,64.4,1200,382,29,36,80.6,23,33,69.7,10,18,55.6,0,0.8,1.0,-0.8,8,3,7,6,3,Matches
68,Enzo Barrenechea,ar ARG,MF,Valencia,23-354,2001,21.3,1003,1170,85.7,17345,4839,469,518,90.5,428,474,90.3,90,133,67.7,2,0.9,1.0,+1.1,14,130,7,0,115,Matches
69,Ander Barrenetxea,es ESP,"MF,FW",Real Sociedad,23-135,2001,12.8,340,478,71.1,5658,1271,187,224,83.5,100,140,71.4,41,64,64.1,3,1.8,2.2,+1.2,15,22,19,3,44,Matches
70,Pablo Barrios,es ESP,MF,Atlético Madrid,21-330,2003,25.2,1271,1476,86.1,20418,5564,666,727,91.6,489,539,90.7,86,135,63.7,4,1.8,1.7,+2.2,25,145,22,4,140,Matches
71,Thierno Barry,fr FRA,FW,Villarreal,22-202,2002,24.3,198,317,62.5,2821,504,108,158,68.4,69,113,61.1,9,17,52.9,3,2.7,1.5,+0.3,21,14,12,1,27,Matches
72,Marc Bartra,es ESP,DF,Betis,34-116,1991,20.5,845,1043,81.0,17004,5787,286,304,94.1,437,485,90.1,110,224,49.1,1,0.1,0.2,+0.9,3,52,5,1,58,Matches
73,Aboubacar Bassinga,ci CIV,MF,Las Palmas,19-302,2005,0.0,2,4,50.0,53,0,1,1,100.0,0,0,,1,3,33.3,0,0.0,0.0,0.0,0,0,0,0,0,Matches
74,Augusto Batalla,ar ARG,GK,Rayo Vallecano,29-011,1996,29.0,723,1073,67.4,21312,15825,108,109,99.1,370,375,98.7,244,583,41.9,0,0.0,0.1,0.0,1,23,1,0,2,Matches
75,Rafael Bauza,es ESP,MF,Espanyol,20-101,2005,2.0,46,54,85.2,779,192,24,25,96.0,17,20,85.0,4,7,57.1,0,0.0,0.0,0.0,0,3,1,0,7,Matches
Rk,Player,Nation,Pos,Squad,Age,Born,90s,Cmp,Att,Cmp%,TotDist,PrgDist,Cmp,Att,Cmp%,Cmp,Att,Cmp%,Cmp,Att,Cmp%,Ast,xAG,xA,A-xAG,KP,1/3,PPA,CrsPA,PrgP,Matches
76,Sheraldo Becker,sr SUR,"FW,MF",Real Sociedad,30-091,1995,11.1,200,313,63.9,3391,742,105,132,79.5,77,121,63.6,15,33,45.5,1,2.0,1.7,-1.0,8,6,17,5,23,Matches
77,Donny van de Beek,nl NED,MF,Girona,28-023,1997,15.8,365,447,81.7,5265,1056,216,242,89.3,120,147,81.6,16,24,66.7,2,3.2,3.6,-1.2,18,21,11,0,45,Matches
78,Luken Beitia,es ESP,DF,Real Sociedad,20-315,2004,0.1,5,5,100.0,108,22,1,1,100.0,2,2,100.0,2,2,100.0,0,0.0,0.0,0.0,0,0,0,0,0,Matches
79,Ismael Bekhoucha,ma MAR,"MF,DF",Getafe,20-172,2004,0.3,6,10,60.0,71,23,5,6,83.3,1,2,50.0,0,1,0.0,0,0.0,0.0,0.0,0,1,0,0,1,Matches
80,Héctor Bellerín,es ESP,DF,Betis,30-053,1995,6.4,270,328,82.3,4167,1594,140,153,91.5,117,144,81.3,10,21,47.6,2,2.0,2.1,0.0,8,16,4,2,24,Matches
81,Jude Bellingham,eng ENG,MF,Real Madrid,21-316,2003,24.6,1192,1379,86.4,19084,4131,646,711,90.9,418,471,88.7,99,126,78.6,8,3.7,4.1,+4.3,36,117,28,0,180,Matches
82,Fran Beltrán,es ESP,MF,Celta Vigo,26-097,1999,23.9,1190,1341,88.7,21110,5975,492,532,92.5,571,616,92.7,104,137,75.9,1,1.8,1.6,-0.8,15,127,13,1,141,Matches
83,Carlos Benavídez,uy URU,MF,Alavés,27-042,1998,4.4,127,180,70.6,2424,734,54,66,81.8,52,66,78.8,18,38,47.4,1,0.6,0.3,+0.4,3,19,3,0,22,Matches
84,Iker Benito,es ESP,"FW,MF",Osasuna,22-274,2002,0.4,9,13,69.2,128,7,4,6,66.7,3,4,75.0,1,2,50.0,0,0.0,0.0,0.0,1,0,0,0,0,Matches
85,Yuri Berchiche,es ESP,DF,Athletic Club,35-090,1990,18.7,973,1158,84.0,17377,6285,442,491,90.0,438,510,85.9,86,128,67.2,2,2.1,1.9,-0.1,17,109,14,7,130,Matches
86,Álex Berenguer,es ESP,"FW,MF",Athletic Club,29-311,1995,23.0,570,856,66.6,9247,2310,305,356,85.7,196,265,74.0,53,171,31.0,7,4.6,4.1,+2.4,41,46,27,10,73,Matches
87,Marc Bernal,es ESP,MF,Barcelona,17-350,2007,2.7,148,160,92.5,2634,623,66,71,93.0,72,77,93.5,10,11,90.9,0,0.0,0.1,0.0,1,12,0,0,8,Matches
88,Juan Bernat,es ESP,"DF,MF",Villarreal,32-071,1993,2.4,101,130,77.7,1479,244,54,61,88.5,45,53,84.9,1,6,16.7,1,0.4,0.4,+0.6,4,4,1,1,8,Matches
89,Juan Bernat,es ESP,"MF,DF",Getafe,32-071,1993,7.7,142,198,71.7,1831,507,93,111,83.8,35,48,72.9,4,9,44.4,1,0.7,0.4,+0.3,7,10,7,3,14,Matches
90,Juan Berrocal,es ESP,DF,Getafe,26-007,1999,11.0,264,351,75.2,5417,2112,74,82,90.2,157,189,83.1,29,71,40.8,0,0.0,0.1,0.0,1,19,1,0,23,Matches
91,Antonio Blanco,es ESP,MF,Alavés,24-292,2000,26.6,896,1127,79.5,16640,6006,370,440,84.1,407,469,86.8,102,164,62.2,1,1.5,1.8,-0.5,13,127,19,9,130,Matches
92,Daley Blind,nl NED,DF,Girona,35-063,1990,27.9,2154,2427,88.8,39585,13906,927,989,93.7,988,1071,92.3,225,310,72.6,2,1.6,2.3,+0.4,18,287,23,7,252,Matches
93,Adama Boiro,es ESP,DF,Athletic Club,22-323,2002,11.2,382,477,80.1,5980,1907,203,223,91.0,166,212,78.3,11,28,39.3,0,0.3,0.5,-0.3,4,44,8,4,46,Matches
94,Enzo Boyomo,cm CMR,DF,Osasuna,23-216,2001,29.2,1085,1247,87.0,20791,7866,368,400,92.0,605,653,92.6,103,169,60.9,0,0.8,0.6,-0.8,3,77,5,0,97,Matches
95,Enzo Boyomo,cm CMR,DF,Valladolid,23-216,2001,3.0,174,190,91.6,3007,1118,75,77,97.4,87,93,93.5,11,19,57.9,0,0.0,0.0,0.0,0,2,0,0,7,Matches
96,Darko Brašanac,rs SRB,MF,Leganés,33-088,1992,17.3,351,472,74.4,4923,1224,202,234,86.3,116,159,73.0,14,32,43.8,2,0.4,0.5,+1.6,8,24,2,0,42,Matches
97,Tajon Buchanan,ca CAN,MF,Villarreal,26-092,1999,3.3,74,110,67.3,997,271,53,68,77.9,11,19,57.9,6,11,54.5,1,0.5,0.5,+0.5,3,2,4,1,4,Matches
98,Ante Budimir,hr CRO,FW,Osasuna,33-293,1991,29.1,218,392,55.6,2740,440,150,229,65.5,54,108,50.0,3,9,33.3,4,1.7,1.1,+2.3,16,8,7,0,21,Matches
99,Manu Bueno,es ESP,"MF,FW",Sevilla,20-288,2004,1.3,51,57,89.5,846,94,24,26,92.3,20,22,90.9,4,5,80.0,0,0.0,0.0,0.0,0,4,1,0,3,Matches
100,Endika Buján,es ESP,FW,Athletic Club,22-115,2003,0.1,4,5,80.0,41,12,4,4,100.0,0,0,,0,1,0.0,0,0.0,0.0,0.0,0,0,0,0,0,Matches
Rk,Player,Nation,Pos,Squad,Age,Born,90s,Cmp,Att,Cmp%,TotDist,PrgDist,Cmp,Att,Cmp%,Cmp,Att,Cmp%,Cmp,Att,Cmp%,Ast,xAG,xA,A-xAG,KP,1/3,PPA,CrsPA,PrgP,Matches
101,Pau Cabanes,es ESP,"MF,FW",Villarreal,20-083,2005,1.8,60,84,71.4,897,192,37,45,82.2,21,29,72.4,1,3,33.3,0,0.4,0.2,-0.4,4,1,3,0,11,Matches
102,Pau Cabanes,es ESP,"MF,FW",Alavés,20-083,2005,2.0,57,81,70.4,705,87,34,41,82.9,19,28,67.9,0,4,0.0,0,0.0,0.1,0.0,1,2,1,0,4,Matches
103,Leandro Cabrera,uy URU,DF,Espanyol,33-328,1991,29.0,1004,1331,75.4,20675,9424,335,386,86.8,521,600,86.8,138,306,45.1,2,0.9,0.7,+1.1,9,82,14,2,64,Matches
104,Fernando Calero,es ESP,"DF,MF",Espanyol,29-239,1995,5.3,177,211,83.9,3605,1370,57,60,95.0,88,99,88.9,29,43,67.4,0,0.0,0.0,0.0,2,8,0,0,8,Matches
105,Eduardo Camavinga,fr FRA,"MF,DF",Real Madrid,22-182,2002,12.2,700,793,88.3,11361,3012,344,367,93.7,296,319,92.8,43,66,65.2,2,0.8,0.7,+1.2,11,61,5,0,61,Matches
106,Sergio Camello,es ESP,FW,Rayo Vallecano,24-090,2001,12.6,207,263,78.7,2869,452,127,151,84.1,61,73,83.6,7,9,77.8,2,2.0,1.1,0.0,19,12,7,0,27,Matches
107,José Campaña,es ESP,MF,Las Palmas,31-345,1993,12.4,660,784,84.2,11600,4051,297,325,91.4,267,305,87.5,74,115,64.3,3,0.9,1.0,+2.1,13,68,12,4,79,Matches
108,Peio Canales,es ESP,"MF,FW",Athletic Club,20-114,2005,2.1,65,80,81.3,1044,131,33,37,89.2,25,29,86.2,4,11,36.4,0,0.1,0.1,-0.1,2,5,2,0,5,Matches
109,Antonio Candela,it ITA,DF,Valladolid,25-014,2000,8.6,304,394,77.2,5179,1695,150,163,92.0,121,159,76.1,25,56,44.6,0,0.5,0.5,-0.5,4,17,5,5,19,Matches
110,Sergi Canós,es ESP,"MF,FW",Valencia,28-098,1997,4.0,89,155,57.4,1455,409,50,62,80.6,31,51,60.8,6,23,26.1,1,0.2,0.2,+0.8,4,9,3,3,9,Matches
111,Cárdenas,es ESP,GK,Rayo Vallecano,28-044,1997,6.0,94,179,52.5,3014,2377,11,11,100.0,51,52,98.1,32,115,27.8,0,0.0,0.0,0.0,0,2,0,0,0,Matches
112,Irvin Cardona,fr FRA,"FW,MF",Espanyol,27-276,1997,6.7,100,161,62.1,1428,432,56,73,76.7,31,49,63.3,6,21,28.6,1,0.6,1.2,+0.4,9,9,11,4,15,Matches
113,Marc Cardona,es ESP,"FW,DF",Las Palmas,29-307,1995,1.2,35,43,81.4,506,79,18,21,85.7,12,14,85.7,2,3,66.7,0,0.0,0.1,0.0,0,4,0,0,3,Matches
114,Sergi Cardona,es ESP,DF,Villarreal,25-307,1999,31.5,1092,1415,77.2,18141,6385,531,612,86.8,476,581,81.9,70,152,46.1,7,5.8,4.3,+1.2,45,60,45,25,75,Matches
115,Johnny Cardoso,us USA,MF,Betis,23-233,2001,21.7,843,991,85.1,12816,3227,463,514,90.1,311,351,88.6,41,64,64.1,1,0.9,0.8,+0.1,8,52,4,0,64,Matches
116,Carmona,es ESP,DF,Sevilla,23-102,2002,30.0,1359,1684,80.7,22106,8279,670,761,88.0,590,700,84.3,68,141,48.2,0,1.5,0.7,-1.5,16,91,13,5,102,Matches
117,Sergio Carreira,es ESP,"MF,DF",Celta Vigo,24-210,2000,16.4,597,787,75.9,9937,3209,289,337,85.8,266,334,79.6,38,77,49.4,4,3.1,2.3,+0.9,15,31,23,8,49,Matches
118,Dani Carvajal,es ESP,DF,Real Madrid,33-120,1992,6.8,399,463,86.2,6523,1419,197,212,92.9,170,195,87.2,26,35,74.3,0,0.2,0.3,-0.2,5,20,5,0,27,Matches
119,William Carvalho,pt POR,MF,Betis,33-034,1992,4.3,261,301,86.7,3897,1249,141,151,93.4,91,101,90.1,15,26,57.7,0,0.1,0.3,-0.1,4,31,2,0,33,Matches
120,Marc Casado,es ESP,MF,Barcelona,21-239,2003,17.9,1221,1367,89.3,18725,4279,654,706,92.6,472,500,94.4,62,94,66.0,3,1.4,1.8,+1.6,9,138,6,0,107,Matches
121,Catena,es ESP,DF,Osasuna,30-195,1994,30.2,1136,1360,83.5,24716,9912,252,276,91.3,719,767,93.7,160,293,54.6,2,1.4,1.6,+0.6,5,61,3,0,81,Matches
122,Maximiliano Caufriez,be BEL,DF,Valencia,28-084,1997,1.0,11,14,78.6,219,77,3,3,100.0,6,7,85.7,2,4,50.0,0,0.0,0.0,0.0,0,0,0,0,1,Matches
123,Dani Ceballos,es ESP,MF,Real Madrid,28-277,1996,10.8,1034,1093,94.6,16981,4792,506,517,97.9,436,453,96.2,67,85,78.8,0,1.4,1.8,-1.4,16,129,9,0,119,Matches
124,Franco Cervi,ar ARG,"FW,MF",Celta Vigo,30-350,1994,3.0,91,132,68.9,1667,587,37,47,78.7,44,52,84.6,8,22,36.4,0,0.3,0.3,-0.3,5,12,2,0,14,Matches
125,Raúl Chasco,es ESP,DF,Valladolid,21-240,2003,1.4,35,58,60.3,730,329,15,19,78.9,13,20,65.0,7,16,43.8,0,0.0,0.1,0.0,1,5,1,0,3,Matches
Rk,Player,Nation,Pos,Squad,Age,Born,90s,Cmp,Att,Cmp%,TotDist,PrgDist,Cmp,Att,Cmp%,Cmp,Att,Cmp%,Cmp,Att,Cmp%,Ast,xAG,xA,A-xAG,KP,1/3,PPA,CrsPA,PrgP,Matches
126,Pep Chavarría,es ESP,"DF,FW",Rayo Vallecano,27-031,1998,26.4,1148,1443,79.6,18270,6379,612,689,88.8,439,536,81.9,77,147,52.4,1,1.6,1.8,-0.6,22,71,24,10,102,Matches
127,Walid Cheddira,ma MAR,FW,Espanyol,27-109,1998,6.8,68,95,71.6,956,232,37,48,77.1,24,30,80.0,2,5,40.0,1,1.2,0.4,-0.2,6,3,1,0,11,Matches
128,Chema,es ESP,MF,Real Madrid,20-016,2005,0.1,1,1,100.0,16,0,0,0,,1,1,100.0,0,0,,0,0.0,0.0,0.0,0,0,0,0,0,Matches
129,Julián Chicco,ar ARG,"MF,DF",Leganés,27-118,1998,3.3,110,139,79.1,1844,630,48,55,87.3,50,57,87.7,8,17,47.1,1,0.2,0.3,+0.8,2,10,2,0,16,Matches
130,Chiquinho,pt POR,"MF,FW",Mallorca,25-095,2000,1.6,22,34,64.7,299,87,13,15,86.7,5,9,55.6,2,7,28.6,0,0.0,0.1,0.0,2,0,0,0,1,Matches
131,Andreas Christensen,dk DEN,DF,Barcelona,29-031,1996,1.3,102,110,92.7,1541,626,50,53,94.3,48,51,94.1,2,3,66.7,0,0.0,0.0,0.0,0,10,0,0,7,Matches
132,Jasper Cillessen,nl NED,GK,Las Palmas,36-019,1989,25.9,683,1002,68.2,18003,13417,147,149,98.7,340,347,98.0,194,501,38.7,0,0.0,0.0,0.0,0,15,0,0,0,Matches
133,Pathé Ciss,sn SEN,"MF,DF",Rayo Vallecano,31-056,1994,21.0,905,1068,84.7,15761,5131,401,448,89.5,410,456,89.9,77,113,68.1,1,1.1,0.8,-0.1,16,93,7,0,113,Matches
134,Seydouba Cissé,gn GUI,MF,Leganés,24-090,2001,23.2,822,976,84.2,13618,2807,385,428,90.0,338,384,88.0,69,107,64.5,0,0.3,0.6,-0.3,10,67,12,0,91,Matches
135,Silvi Clúa,es ESP,MF,Girona,20-102,2005,1.8,75,95,78.9,1302,271,31,37,83.8,36,42,85.7,5,8,62.5,0,0.0,0.0,0.0,1,3,0,0,3,Matches
136,Eray Cömert,ch SUI,"DF,MF",Valladolid,27-096,1998,17.8,699,802,87.2,14326,4675,199,226,88.1,415,438,94.7,78,121,64.5,0,0.0,0.1,0.0,0,45,1,0,42,Matches
137,Santi Comesaña,es ESP,MF,Villarreal,28-218,1996,27.1,1128,1335,84.5,19051,6170,525,587,89.4,490,547,89.6,87,134,64.9,2,2.0,2.5,0.0,27,140,30,3,152,Matches
138,Diego Conde,es ESP,GK,Villarreal,26-195,1998,20.8,486,606,80.2,11767,7703,114,115,99.1,266,272,97.8,103,215,47.9,1,0.2,0.0,+0.8,2,7,1,0,0,Matches
139,Tomás Conechny,ar ARG,"FW,MF",Alavés,27-042,1998,8.8,198,308,64.3,3102,985,108,150,72.0,75,108,69.4,10,28,35.7,0,0.3,0.8,-0.3,7,12,11,8,19,Matches
140,Copete,es ESP,DF,Mallorca,25-213,1999,16.0,617,740,83.4,11727,4520,230,253,90.9,312,346,90.2,69,119,58.0,0,0.0,0.1,0.0,0,35,4,0,47,Matches
141,Iker Córdoba,es ESP,DF,Valencia,19-181,2005,0.2,9,11,81.8,169,91,3,5,60.0,5,5,100.0,1,1,100.0,0,0.1,0.0,-0.1,1,1,1,1,1,Matches
142,Ángel Correa,ar ARG,"FW,MF",Atlético Madrid,30-063,1995,8.3,186,254,73.2,2456,671,117,143,81.8,47,63,74.6,8,18,44.4,1,1.3,1.8,-0.3,9,18,9,1,22,Matches
143,Thierry Correia,pt POR,DF,Valencia,26-063,1999,8.5,330,441,74.8,5750,2179,160,183,87.4,137,172,79.7,31,67,46.3,0,0.3,0.8,-0.3,5,23,12,3,44,Matches
144,Coba da Costa,es ESP,"MF,FW",Getafe,22-289,2002,10.2,176,274,64.2,2658,607,96,133,72.2,53,79,67.1,15,30,50.0,1,1.4,1.4,-0.4,9,11,9,6,14,Matches
145,Logan Costa,cv CPV,DF,Villarreal,24-040,2001,25.7,1231,1409,87.4,23927,8780,445,471,94.5,621,667,93.1,149,246,60.6,0,0.4,0.5,-0.4,3,100,6,0,109,Matches
146,Samu Costa,pt POR,MF,Mallorca,24-165,2000,26.6,1056,1305,80.9,18799,5307,475,545,87.2,455,533,85.4,110,160,68.8,2,1.2,1.8,+0.8,14,108,13,5,107,Matches
147,Thibaut Courtois,be BEL,GK,Real Madrid,33-000,1992,28.0,815,976,83.5,19213,12293,156,157,99.4,506,509,99.4,152,308,49.4,0,0.1,0.0,-0.1,1,4,0,0,0,Matches
148,Juan Cruz Armada,es ESP,DF,Osasuna,32-287,1992,13.0,392,511,76.7,6205,2802,197,223,88.3,166,217,76.5,19,49,38.8,0,0.0,0.2,0.0,2,43,1,0,40,Matches
149,Juan Cruz,es ESP,"FW,MF",Leganés,25-016,2000,23.1,453,669,67.7,7141,2755,246,302,81.5,158,223,70.9,36,96,37.5,3,3.3,3.2,-0.3,21,29,29,13,59,Matches
150,Pau Cubarsí,es ESP,DF,Barcelona,18-109,2007,26.0,2283,2442,93.5,42926,14908,765,802,95.4,1314,1363,96.4,180,234,76.9,3,1.6,0.9,+1.4,9,199,4,1,186,Matches
Rk,Player,Nation,Pos,Squad,Age,Born,90s,Cmp,Att,Cmp%,TotDist,PrgDist,Cmp,Att,Cmp%,Cmp,Att,Cmp%,Cmp,Att,Cmp%,Ast,xAG,xA,A-xAG,KP,1/3,PPA,CrsPA,PrgP,Matches
151,Cucho,co COL,FW,Betis,26-021,1999,9.7,175,245,71.4,2662,735,92,121,76.0,42,59,71.2,20,26,76.9,1,1.4,0.5,-0.4,11,16,7,1,27,Matches
152,Arnaut Danjuma,nl NED,FW,Villarreal,28-100,1997,2.2,23,30,76.7,359,40,11,15,73.3,10,12,83.3,1,2,50.0,0,0.0,0.0,0.0,1,1,0,0,1,Matches
153,Arnaut Danjuma,nl NED,"FW,MF",Girona,28-100,1997,14.6,310,429,72.3,5308,1453,156,181,86.2,115,152,75.7,31,60,51.7,0,1.6,2.3,-1.6,21,17,24,8,41,Matches
154,Sergi Darder,es ESP,"MF,FW",Mallorca,31-140,1993,27.6,881,1161,75.9,16855,5084,394,442,89.1,324,407,79.6,141,253,55.7,5,3.4,4.8,+1.6,48,108,32,14,124,Matches
155,Rodrigo De Paul,ar ARG,MF,Atlético Madrid,30-352,1994,20.8,1280,1567,81.7,21724,6698,639,702,91.0,458,545,84.0,147,240,61.3,4,4.2,5.0,-0.2,36,159,52,13,203,Matches
156,Mouctar Diakhaby,gn GUI,DF,Valencia,28-143,1996,4.4,128,155,82.6,2430,1033,48,53,90.6,68,73,93.2,11,24,45.8,0,0.0,0.0,0.0,1,6,2,0,12,Matches
157,Assane Diao,sn SEN,FW,Betis,19-246,2005,3.1,49,66,74.2,626,139,36,43,83.7,6,8,75.0,2,2,100.0,2,1.5,0.6,+0.5,8,2,1,1,1,Matches
158,Moussa Diarra,ml MLI,DF,Alavés,24-182,2000,19.7,641,800,80.1,11607,5087,264,294,89.8,321,373,86.1,49,101,48.5,0,0.1,0.4,-0.1,3,43,8,3,69,Matches
159,Brahim Díaz,ma MAR,"FW,MF",Real Madrid,25-281,1999,14.3,527,608,86.7,6720,1705,361,397,90.9,134,154,87.0,11,17,64.7,2,2.8,2.0,-0.8,20,51,16,0,66,Matches
160,Daniel Díaz,es ESP,MF,Real Sociedad,18-323,2006,0.1,1,3,33.3,20,0,0,0,,1,3,33.3,0,0,,0,0.0,0.0,0.0,0,0,0,0,0,Matches
161,Pedro Díaz,es ESP,MF,Rayo Vallecano,26-340,1998,11.9,397,503,78.9,5941,1669,229,260,88.1,120,137,87.6,30,73,41.1,0,1.6,1.8,-1.6,21,37,15,2,53,Matches
162,Diego,es ESP,"FW,MF",Leganés,25-023,2000,10.3,101,149,67.8,1497,293,50,64,78.1,38,60,63.3,6,9,66.7,0,0.2,0.2,-0.2,5,7,3,1,14,Matches
163,Stole Dimitrievski,mk MKD,GK,Valencia,31-137,1993,4.0,68,133,51.1,2105,1516,6,6,100.0,35,37,94.6,27,90,30.0,0,0.0,0.0,0.0,0,3,0,0,0,Matches
164,Yan Diomandé,ci CIV,"FW,MF",Leganés,18-178,2006,2.6,49,64,76.6,685,207,22,27,81.5,23,26,88.5,0,4,0.0,0,0.2,0.2,-0.2,3,2,1,0,7,Matches
165,Álvaro djaló,es ESP,FW,Athletic Club,25-268,1999,6.7,69,107,64.5,1071,276,40,52,76.9,22,38,57.9,6,10,60.0,0,0.9,0.6,-0.9,4,5,5,4,10,Matches
166,Djené,tg TOG,"DF,MF",Getafe,33-131,1991,27.3,671,889,75.5,12233,4949,283,346,81.8,306,377,81.2,74,138,53.6,0,0.6,0.8,-0.6,9,75,13,6,73,Matches
167,Marko Dmitrović,rs SRB,GK,Leganés,33-107,1992,28.0,400,937,42.7,15036,12692,49,49,100.0,145,147,98.6,206,734,28.1,0,0.2,0.1,-0.2,1,24,0,0,1,Matches
168,Marc Domenech,es ESP,"FW,MF",Mallorca,19-130,2006,2.3,25,38,65.8,354,101,17,22,77.3,5,9,55.6,2,3,66.7,0,0.2,0.2,-0.2,5,0,3,2,3,Matches
169,Carlos Dominguez,es ESP,DF,Celta Vigo,24-089,2001,11.0,737,838,87.9,13572,4567,222,236,94.1,472,509,92.7,33,75,44.0,0,0.1,0.2,-0.1,2,56,0,0,59,Matches
170,Israel Domínguez,es ESP,FW,Sevilla,22-004,2003,0.2,2,2,100.0,24,0,1,1,100.0,1,1,100.0,0,0,,0,0.0,0.0,0.0,0,0,0,0,0,Matches
171,Sergi Dominguez,es ESP,DF,Barcelona,20-040,2005,1.9,171,180,95.0,3171,1062,57,57,100.0,106,112,94.6,7,10,70.0,0,0.0,0.0,0.0,0,13,0,0,13,Matches
172,Anastasios Douvikas,gr GRE,FW,Celta Vigo,25-282,1999,7.8,76,107,71.0,1074,147,39,53,73.6,30,37,81.1,2,2,100.0,1,0.2,0.2,+0.8,3,2,1,0,6,Matches
173,Domingos Duarte,pt POR,DF,Getafe,30-062,1995,18.0,448,572,78.3,9974,3435,104,130,80.0,264,296,89.2,77,139,55.4,0,0.1,0.1,-0.1,2,42,0,0,46,Matches
174,Duk,cv CPV,"MF,FW",Leganés,25-084,2000,1.6,26,41,63.4,387,126,16,19,84.2,9,13,69.2,0,2,0.0,0,0.6,0.4,-0.6,4,0,2,1,3,Matches
175,Pablo Durán,es ESP,"FW,MF",Celta Vigo,23-351,2001,14.1,271,380,71.3,3998,716,147,179,82.1,96,121,79.3,15,36,41.7,4,2.8,1.0,+1.2,15,19,10,3,29,Matches
Rk,Player,Nation,Pos,Squad,Age,Born,90s,Cmp,Att,Cmp%,TotDist,PrgDist,Cmp,Att,Cmp%,Cmp,Att,Cmp%,Cmp,Att,Cmp%,Ast,xAG,xA,A-xAG,KP,1/3,PPA,CrsPA,PrgP,Matches
176,Hugo Duro,es ESP,FW,Valencia,25-182,1999,22.8,284,407,69.8,3949,483,162,207,78.3,95,130,73.1,10,20,50.0,2,1.3,0.5,+0.7,14,18,3,0,28,Matches
177,Chidera Ejuke,ng NGA,FW,Sevilla,27-129,1998,10.7,360,442,81.4,5888,1090,197,218,90.4,117,140,83.6,36,52,69.2,1,1.9,1.2,-0.9,20,17,20,5,37,Matches
178,Aritz Elustondo,es ESP,DF,Real Sociedad,31-044,1994,14.2,670,787,85.1,12763,4287,248,264,93.9,344,380,90.5,70,117,59.8,0,0.2,0.4,-0.2,4,53,2,0,46,Matches
179,Adri Embarba,es ESP,"FW,MF",Rayo Vallecano,33-004,1992,17.2,369,577,64.0,5950,1453,210,261,80.5,101,152,66.4,43,114,37.7,1,2.7,2.5,-1.7,20,22,17,10,43,Matches
180,Endrick,br BRA,FW,Real Madrid,18-294,2006,2.5,40,50,80.0,602,93,20,24,83.3,14,17,82.4,2,2,100.0,0,0.3,0.1,-0.3,2,1,1,0,6,Matches
181,Alfonso Espino,uy URU,DF,Rayo Vallecano,33-126,1992,8.3,318,436,72.9,4875,2194,181,201,90.0,114,160,71.3,18,56,32.1,0,0.2,0.4,-0.2,2,33,4,3,35,Matches
182,Dario Essugo,pt POR,MF,Las Palmas,20-058,2005,19.5,710,842,84.3,12226,3308,323,367,88.0,310,351,88.3,63,91,69.2,0,0.3,0.7,-0.3,11,68,8,0,65,Matches
183,Etienne Eto'o,cm CMR,FW,Rayo Vallecano,22-266,2002,0.4,1,5,20.0,10,3,1,2,50.0,0,1,0.0,0,0,,0,0.0,0.1,0.0,0,0,0,0,0,Matches
184,Karl Etta,cm CMR,"FW,MF",Villarreal,21-209,2003,0.1,0,1,0.0,0,0,0,1,0.0,0,0,,0,0,,0,0.0,0.0,0.0,0,0,0,0,0,Matches
185,Edu Expósito,es ESP,MF,Espanyol,28-283,1996,8.0,211,326,64.7,3828,1406,89,100,89.0,79,118,66.9,30,76,39.5,2,2.0,1.7,0.0,20,28,7,1,47,Matches
186,Abde Ezzalzouli,ma MAR,"FW,MF",Betis,23-145,2001,19.6,475,669,71.0,5947,1721,322,397,81.1,118,171,69.0,11,31,35.5,2,2.0,2.1,0.0,27,37,17,2,61,Matches
187,Ansu Fati,es ESP,FW,Barcelona,22-192,2002,2.6,104,125,83.2,1100,142,76,83,91.6,18,23,78.3,1,3,33.3,0,0.2,0.4,-0.2,4,3,5,0,6,Matches
188,Nabil Fekir,fr FRA,MF,Betis,31-297,1993,2.0,67,82,81.7,1052,381,38,43,88.4,20,23,87.0,6,10,60.0,1,0.5,0.8,+0.5,6,5,6,2,10,Matches
189,Kiko Femenía,es ESP,DF,Villarreal,34-098,1991,24.7,1339,1506,88.9,22076,7230,679,717,94.7,562,624,90.1,82,126,65.1,1,1.3,2.1,-0.3,16,108,24,14,112,Matches
190,Aitor Fernández,es ESP,GK,Osasuna,34-008,1991,1.0,29,45,64.4,1243,1147,0,0,,10,10,100.0,19,35,54.3,0,0.0,0.0,0.0,0,1,0,0,0,Matches
191,Álvaro Fernández,es ESP,GK,Sevilla,27-028,1998,7.3,185,293,63.1,4960,3505,44,44,100.0,92,93,98.9,49,155,31.6,0,0.1,0.0,-0.1,1,6,0,0,0,Matches
192,Pelayo Fernandez,es ESP,DF,Rayo Vallecano,22-012,2003,1.1,24,28,85.7,476,180,12,13,92.3,8,10,80.0,4,4,100.0,0,0.0,0.0,0.0,0,1,0,0,1,Matches
193,Roberto Férnandez,es ESP,FW,Espanyol,22-312,2002,13.1,144,200,72.0,1649,253,93,113,82.3,31,50,62.0,2,2,100.0,0,0.2,0.2,-0.2,4,8,6,0,15,Matches
194,Valery Fernández,es ESP,"MF,FW",Mallorca,25-169,1999,3.3,76,87,87.4,994,192,48,56,85.7,20,22,90.9,3,3,100.0,0,0.0,0.1,0.0,1,4,2,1,5,Matches
195,André Ferreira,pt POR,GK,Valladolid,28-347,1996,6.0,138,195,70.8,3984,2985,19,19,100.0,77,77,100.0,42,98,42.9,0,0.0,0.0,0.0,0,1,0,0,0,Matches
196,Mateo Flores,es ESP,MF,Betis,21-034,2004,1.7,56,69,81.2,955,282,25,30,83.3,28,32,87.5,3,5,60.0,0,0.0,0.1,0.0,0,3,1,1,9,Matches
197,Pablo Fornals,es ESP,"MF,FW",Betis,29-078,1996,17.1,732,920,79.6,11936,4236,366,419,87.4,277,346,80.1,61,94,64.9,0,3.2,2.8,-3.2,34,80,31,8,125,Matches
198,Héctor Fort,es ESP,DF,Barcelona,18-282,2006,6.0,410,455,90.1,5717,1272,232,246,94.3,137,151,90.7,13,16,81.3,0,0.8,1.3,-0.8,8,23,3,0,24,Matches
199,Dimitri Foulquier,fr FRA,DF,Valencia,32-049,1993,25.5,1007,1276,78.9,15790,5913,554,592,93.6,396,499,79.4,46,116,39.7,1,1.4,2.0,-0.4,10,77,15,6,97,Matches
200,Juan Foyth,ar ARG,DF,Villarreal,27-119,1998,14.9,764,880,86.8,14598,5834,265,284,93.3,406,444,91.4,81,127,63.8,0,0.3,0.9,-0.3,7,52,8,2,64,Matches
Rk,Player,Nation,Pos,Squad,Age,Born,90s,Cmp,Att,Cmp%,TotDist,PrgDist,Cmp,Att,Cmp%,Cmp,Att,Cmp%,Cmp,Att,Cmp%,Ast,xAG,xA,A-xAG,KP,1/3,PPA,CrsPA,PrgP,Matches
201,Fran,es ESP,GK,Real Madrid,19-321,2005,1.0,19,20,95.0,386,262,7,7,100.0,8,8,100.0,4,5,80.0,0,0.0,0.0,0.0,0,0,0,0,0,Matches
202,Alejandro Francés,es ESP,DF,Girona,22-283,2002,10.8,575,680,84.6,10652,3051,230,255,90.2,283,301,94.0,58,98,59.2,0,0.0,0.4,0.0,2,46,6,3,48,Matches
203,Enric Franquesa,es ESP,"DF,FW",Leganés,28-074,1997,6.8,158,225,70.2,2513,1004,71,88,80.7,69,93,74.2,11,26,42.3,0,0.1,0.1,-0.1,2,5,2,2,12,Matches
204,Jorge de Frutos,es ESP,"FW,MF",Rayo Vallecano,28-080,1997,25.0,430,632,68.0,5988,1563,264,327,80.7,120,178,67.4,22,47,46.8,3,3.3,2.3,-0.3,28,22,27,13,42,Matches
205,Darío Fuentes,es ESP,DF,Sevilla,22-119,2003,0.1,0,2,0.0,0,0,0,0,,0,2,0.0,0,0,,0,0.0,0.0,0.0,0,0,0,0,0,Matches
206,Manuel Fuster,es ESP,"FW,MF",Las Palmas,27-201,1997,8.9,376,489,76.9,6241,1782,195,217,89.9,122,156,78.2,44,81,54.3,1,1.6,1.6,-0.6,23,46,23,5,58,Matches
207,Javi Galán,es ESP,DF,Atlético Madrid,30-173,1994,18.3,801,963,83.2,11920,3516,473,508,93.1,254,314,80.9,52,82,63.4,3,3.6,2.8,-0.6,13,41,19,11,49,Matches
208,Iñigo Ruiz de Galarreta,es ESP,MF,Athletic Club,31-278,1993,13.9,589,725,81.2,11115,3337,214,247,86.6,312,341,91.5,56,102,54.9,4,2.8,2.5,+1.2,24,91,22,3,120,Matches
209,Conor Gallagher,eng ENG,MF,Atlético Madrid,25-094,2000,17.4,674,793,85.0,9333,2018,412,449,91.8,208,243,85.6,24,43,55.8,2,1.1,1.1,+0.9,11,45,13,1,58,Matches
210,Facundo Garcés,ar ARG,DF,Alavés,25-248,1999,3.5,65,85,76.5,1381,611,15,16,93.8,39,50,78.0,11,17,64.7,0,0.2,0.0,-0.2,2,4,1,0,4,Matches
211,Álvaro García,es ESP,"FW,MF",Rayo Vallecano,32-196,1992,26.1,503,780,64.5,7705,2329,275,353,77.9,168,255,65.9,34,93,36.6,5,4.6,5.1,+0.4,45,25,39,17,64,Matches
212,Eric García,es ESP,"MF,DF",Barcelona,24-122,2001,13.7,969,1049,92.4,16537,5789,393,428,91.8,501,523,95.8,51,62,82.3,2,0.5,1.0,+1.5,5,110,10,1,89,Matches
213,Fran Garcia,es ESP,DF,Real Madrid,25-270,1999,20.3,1118,1284,87.1,16071,4332,687,733,93.7,338,388,87.1,54,91,59.3,2,1.1,1.4,+0.9,20,72,17,6,101,Matches
214,Joan García,es ESP,GK,Espanyol,24-007,2001,34.0,793,1118,70.9,22475,17300,158,160,98.8,355,359,98.9,275,590,46.6,0,0.0,0.1,0.0,0,21,1,0,1,Matches
215,Pablo Garcia,es ESP,FW,Betis,18-269,2006,0.3,5,8,62.5,93,14,2,2,100.0,3,5,60.0,0,1,0.0,0,0.0,0.1,0.0,0,0,0,0,0,Matches
216,Rubén García,es ESP,"FW,MF",Osasuna,31-301,1993,24.5,818,1099,74.4,14287,3632,400,474,84.4,276,348,79.3,105,180,58.3,5,3.1,4.2,+1.9,42,69,27,15,102,Matches
217,Unai García,es ESP,DF,Osasuna,33-097,1992,0.7,35,37,94.6,789,278,4,4,100.0,27,29,93.1,4,4,100.0,0,0.0,0.0,0.0,0,1,0,0,3,Matches
218,Yarek Gasiorowski,es ESP,DF,Valencia,20-119,2005,10.5,387,482,80.3,7508,2627,126,144,87.5,217,247,87.9,42,80,52.5,0,0.1,0.3,-0.1,3,43,3,1,38,Matches
219,Gavi,es ESP,"MF,FW",Barcelona,20-279,2004,9.9,558,627,89.0,8218,2025,302,319,94.7,193,216,89.4,27,34,79.4,1,1.5,1.4,-0.5,13,71,11,1,64,Matches
220,Paulo Gazzaniga,ar ARG,GK,Girona,33-129,1992,34.5,951,1187,80.1,22876,15245,225,226,99.6,527,539,97.8,198,414,47.8,0,0.0,0.0,0.0,0,11,0,0,0,Matches
221,Bryan Gil,es ESP,"FW,MF",Girona,24-089,2001,19.1,621,759,81.8,8853,1808,380,420,90.5,198,238,83.2,23,50,46.0,3,2.9,3.2,+0.1,21,27,33,7,74,Matches
222,Dani Gómez,es ESP,FW,Valencia,26-285,1998,5.9,62,83,74.7,741,120,44,50,88.0,15,23,65.2,0,0,,0,0.0,0.1,0.0,1,3,2,0,6,Matches
223,Moi Gómez,es ESP,"MF,FW",Osasuna,30-322,1994,8.8,398,494,80.6,6612,1756,204,229,89.1,145,170,85.3,36,60,60.0,0,0.8,1.1,-0.8,11,46,13,9,49,Matches
224,Sergi Gómez,es ESP,DF,Espanyol,33-044,1992,7.2,309,348,88.8,6063,1896,89,96,92.7,190,198,96.0,29,51,56.9,0,0.0,0.0,0.0,0,3,0,0,8,Matches
225,Sergio Gómez,es ESP,"MF,DF",Real Sociedad,24-249,2000,28.6,1018,1365,74.6,16298,4290,565,630,89.7,317,405,78.3,100,222,45.0,5,8.5,6.8,-3.5,50,74,22,10,90,Matches
Rk,Player,Nation,Pos,Squad,Age,Born,90s,Cmp,Att,Cmp%,TotDist,PrgDist,Cmp,Att,Cmp%,Cmp,Att,Cmp%,Cmp,Att,Cmp%,Ast,xAG,xA,A-xAG,KP,1/3,PPA,CrsPA,PrgP,Matches
226,Unai Gómez,es ESP,"MF,FW",Athletic Club,21-351,2003,12.3,185,260,71.2,2906,635,92,118,78.0,68,87,78.2,18,34,52.9,2,0.8,0.8,+1.2,9,19,1,0,21,Matches
227,Fabio González,es ESP,MF,Las Palmas,28-088,1997,0.6,43,53,81.1,756,181,20,24,83.3,18,20,90.0,4,5,80.0,0,0.0,0.0,0.0,0,5,0,0,6,Matches
228,Peter González,do DOM,"MF,FW",Getafe,22-290,2002,5.2,84,122,68.9,1171,347,45,55,81.8,30,43,69.8,3,9,33.3,0,0.1,0.3,-0.1,4,1,5,3,6,Matches
229,Urko González,es ESP,MF,Espanyol,24-052,2001,11.5,245,315,77.8,4250,1349,108,133,81.2,106,125,84.8,24,35,68.6,1,0.6,0.6,+0.4,7,24,4,0,44,Matches
230,Urko González,es ESP,MF,Real Sociedad,24-052,2001,0.5,10,17,58.8,171,61,7,11,63.6,1,3,33.3,2,2,100.0,0,0.0,0.0,0.0,0,0,0,0,1,Matches
231,Andoni Gorosabel,es ESP,DF,Athletic Club,28-280,1996,15.6,703,840,83.7,10612,3128,395,430,91.9,274,326,84.0,24,48,50.0,2,1.8,1.7,+0.2,14,57,16,10,50,Matches
232,José Gragera,es ESP,MF,Espanyol,24-162,2000,6.3,190,217,87.6,3436,848,74,87,85.1,101,106,95.3,12,17,70.6,0,0.0,0.1,0.0,1,14,0,0,14,Matches
233,Dominik Greif,sk SVK,GK,Mallorca,28-035,1997,29.0,685,979,70.0,20926,16462,123,123,100.0,315,316,99.7,247,534,46.3,0,0.0,0.1,0.0,0,16,1,0,0,Matches
234,Antoine Griezmann,fr FRA,"FW,MF",Atlético Madrid,34-051,1991,26.2,1015,1372,74.0,16083,4431,562,656,85.7,301,422,71.3,109,186,58.6,6,6.1,5.7,-0.1,45,96,42,10,134,Matches
235,Florian Grillitsch,at AUT,MF,Valladolid,29-277,1995,5.7,244,299,81.6,4700,1143,89,100,89.0,116,131,88.5,32,51,62.7,0,0.6,0.4,-0.6,7,26,5,0,36,Matches
236,Vicente Guaita,es ESP,GK,Celta Vigo,38-121,1987,31.0,726,879,82.6,16976,10773,168,169,99.4,382,384,99.5,161,309,52.1,0,0.0,0.0,0.0,0,1,0,0,1,Matches
237,Sergi Guardiola,es ESP,FW,Rayo Vallecano,33-347,1991,4.0,56,84,66.7,703,192,41,55,74.5,10,16,62.5,3,5,60.0,0,0.1,0.2,-0.1,5,2,3,1,3,Matches
238,Nemanja Gudelj,rs SRB,"DF,MF",Sevilla,33-176,1991,25.3,1126,1296,86.9,19236,5615,506,538,94.1,534,583,91.6,68,137,49.6,1,0.6,0.9,+0.4,14,68,7,0,53,Matches
239,Javier Guerra,es ESP,MF,Valencia,22-130,2003,26.9,931,1199,77.6,15706,4903,466,534,87.3,371,435,85.3,77,145,53.1,3,2.9,3.2,+0.1,22,114,22,4,134,Matches
240,Ander Guevara,es ESP,MF,Alavés,27-308,1997,18.6,665,860,77.3,11795,3599,276,329,83.9,318,387,82.2,58,95,61.1,1,0.5,0.5,+0.5,9,87,8,0,103,Matches
241,Pape Gueye,sn SEN,MF,Villarreal,26-107,1999,22.5,827,1036,79.8,15198,5023,374,425,88.0,343,395,86.8,101,171,59.1,0,1.0,2.0,-1.0,16,110,21,2,142,Matches
242,Hugo Guillamón,es ESP,MF,Valencia,25-100,2000,4.0,154,188,81.9,2607,748,75,86,87.2,64,75,85.3,13,23,56.5,0,0.0,0.3,0.0,2,11,4,1,15,Matches
243,Carlos Guirao,es ESP,MF,Betis,22-014,2003,1.2,36,46,78.3,539,117,19,21,90.5,12,13,92.3,3,5,60.0,0,0.0,0.0,0.0,0,3,0,0,2,Matches
244,Arda Güler,tr TUR,"MF,FW",Real Madrid,20-075,2005,10.5,564,649,86.9,9252,2258,305,325,93.8,191,215,88.8,54,81,66.7,4,3.2,3.5,+0.8,30,61,21,3,69,Matches
245,Gerard Gumbau,es ESP,MF,Rayo Vallecano,30-144,1994,8.7,295,392,75.3,4971,1560,149,171,87.1,106,129,82.2,30,71,42.3,1,1.3,0.8,-0.3,17,32,3,1,37,Matches
246,Jon Guridi,es ESP,"MF,FW",Alavés,30-072,1995,20.0,488,652,74.8,7457,1866,260,334,77.8,177,221,80.1,32,48,66.7,1,1.1,0.8,-0.1,16,48,9,2,74,Matches
247,Gorka Guruzeta,es ESP,FW,Athletic Club,28-241,1996,18.1,261,360,72.5,3774,519,156,196,79.6,83,114,72.8,12,26,46.2,2,0.9,0.4,+1.1,14,19,1,0,27,Matches
248,Miguel Gutiérrez,es ESP,"DF,MF",Girona,23-288,2001,27.3,1241,1502,82.6,20464,4847,647,700,92.4,473,553,85.5,93,163,57.1,5,4.1,4.6,+0.9,41,59,51,27,103,Matches
249,Munir El Haddadi,ma MAR,"FW,MF",Leganés,29-252,1995,7.4,131,190,68.9,1685,431,86,104,82.7,40,59,67.8,1,10,10.0,0,0.7,0.4,-0.7,5,11,4,1,19,Matches
250,Sébastien Haller,ci CIV,FW,Leganés,30-323,1994,4.5,54,90,60.0,648,93,35,50,70.0,13,24,54.2,2,4,50.0,0,0.2,0.2,-0.2,1,4,0,0,4,Matches
Rk,Player,Nation,Pos,Squad,Age,Born,90s,Cmp,Att,Cmp%,TotDist,PrgDist,Cmp,Att,Cmp%,Cmp,Att,Cmp%,Cmp,Att,Cmp%,Ast,xAG,xA,A-xAG,KP,1/3,PPA,CrsPA,PrgP,Matches
251,Henrique,br BRA,DF,Valladolid,31-016,1994,2.2,117,136,86.0,1815,420,58,61,95.1,53,60,88.3,6,12,50.0,0,0.0,0.0,0.0,1,9,0,0,9,Matches
252,Javi Hernández,es ESP,DF,Leganés,27-009,1998,23.5,673,903,74.5,10464,3850,369,432,85.4,251,314,79.9,35,108,32.4,1,1.3,1.2,-0.3,15,44,9,4,62,Matches
253,Aridane Hernández,es ESP,DF,Rayo Vallecano,36-049,1989,9.4,369,425,86.8,6736,2248,162,175,92.6,169,187,90.4,35,55,63.6,0,0.0,0.0,0.0,1,13,0,0,30,Matches
254,Jorge Herrando,es ESP,DF,Osasuna,24-072,2001,15.2,625,732,85.4,11580,4279,207,223,92.8,371,406,91.4,41,87,47.1,0,0.0,0.1,0.0,0,29,0,0,38,Matches
255,Ander Herrera,es ESP,MF,Athletic Club,35-270,1989,3.0,181,200,90.5,2856,628,94,101,93.1,73,82,89.0,10,13,76.9,0,0.1,0.3,-0.1,2,25,1,0,16,Matches
256,Sergio Herrera,es ESP,GK,Osasuna,31-340,1993,33.0,772,1103,70.0,25912,20898,81,82,98.8,348,356,97.8,343,661,51.9,0,0.0,0.1,0.0,0,27,0,0,2,Matches
257,Yangel Herrera,ve VEN,MF,Girona,27-117,1998,23.3,818,1006,81.3,13377,3436,408,456,89.5,342,402,85.1,49,89,55.1,3,1.5,1.2,+1.5,17,93,12,2,108,Matches
258,Juan Herzog,es ESP,DF,Las Palmas,21-363,2003,11.7,418,490,85.3,7993,2541,135,150,90.0,237,259,91.5,40,66,60.6,0,0.0,0.0,0.0,0,14,0,0,22,Matches
259,Omar El Hilali,ma MAR,DF,Espanyol,21-241,2003,32.1,1138,1436,79.2,21391,7991,444,500,88.8,555,655,84.7,125,234,53.4,2,0.8,1.3,+1.2,8,76,11,6,82,Matches
260,Roger Hinojo,es ESP,DF,Espanyol,20-079,2005,0.1,5,10,50.0,51,3,4,5,80.0,1,1,100.0,0,2,0.0,0,0.0,0.0,0.0,0,0,0,0,0,Matches
261,Dinko Horkaš,hr CRO,GK,Las Palmas,26-062,1999,9.1,289,387,74.7,7865,5709,52,52,100.0,152,155,98.1,84,176,47.7,0,0.0,0.0,0.0,0,8,0,0,1,Matches
262,Pablo Ibáñez,es ESP,MF,Osasuna,26-233,1998,11.4,306,407,75.2,4855,1098,156,191,81.7,125,157,79.6,16,28,57.1,1,1.5,0.3,-0.5,5,30,2,1,43,Matches
263,Stanis Idumbo,be BEL,"FW,MF",Sevilla,19-316,2005,3.2,63,76,82.9,1003,217,34,39,87.2,24,26,92.3,5,8,62.5,1,0.7,0.1,+0.3,6,2,1,0,8,Matches
264,Iglesias,es ESP,DF,Getafe,26-312,1998,29.2,643,1122,57.3,12210,6383,281,365,77.0,279,453,61.6,76,240,31.7,1,2.2,1.8,-1.2,20,77,23,14,79,Matches
265,Borja Iglesias,es ESP,FW,Celta Vigo,32-114,1993,20.0,321,452,71.0,4639,728,179,230,77.8,98,123,79.7,18,29,62.1,3,2.7,1.3,+0.3,16,18,9,0,26,Matches
266,Kelechi Iheanacho,ng NGA,FW,Sevilla,28-220,1996,4.4,60,80,75.0,831,125,36,44,81.8,15,25,60.0,4,5,80.0,0,0.3,0.2,-0.3,5,1,1,0,5,Matches
267,Isco,es ESP,MF,Betis,33-020,1992,14.6,810,992,81.7,13350,3974,411,453,90.7,274,322,85.1,86,142,60.6,6,3.7,3.0,+2.3,49,110,26,2,132,Matches
268,Diego Iturralde,es ESP,FW,Sevilla,22-025,2003,0.4,5,7,71.4,53,0,4,4,100.0,1,2,50.0,0,0,,0,0.0,0.0,0.0,0,0,0,0,0,Matches
269,Ivan Jaime Pajuelo,es ESP,MF,Valencia,24-227,2000,2.4,68,85,80.0,1013,328,39,43,90.7,25,29,86.2,2,5,40.0,0,0.3,0.3,-0.3,4,4,7,1,13,Matches
270,Karl Jakob Hein,ee EST,GK,Valladolid,23-028,2002,28.0,785,1071,73.3,22809,16083,114,114,100.0,437,441,99.1,234,514,45.5,0,0.0,0.1,0.0,0,21,0,0,0,Matches
271,Adnan Januzaj,be BEL,"MF,FW",Las Palmas,30-095,1995,5.3,186,274,67.9,3608,1211,77,88,87.5,80,105,76.2,28,67,41.8,1,0.9,1.4,+0.1,13,22,11,4,34,Matches
272,Mikel Jauregizar,es ESP,MF,Athletic Club,21-180,2003,21.8,821,1019,80.6,15288,4168,332,382,86.9,373,440,84.8,106,158,67.1,1,1.4,1.1,-0.4,22,98,9,1,104,Matches
273,John Joe,ie IRL,"MF,FW",Getafe,21-199,2003,0.5,16,20,80.0,193,48,12,13,92.3,2,4,50.0,1,1,100.0,0,0.0,0.0,0.0,0,0,0,0,0,Matches
274,Jofre,es ESP,"MF,FW",Espanyol,23-328,2001,22.4,327,485,67.4,4970,1348,181,219,82.6,114,170,67.1,20,47,42.6,3,2.4,1.8,+0.6,22,16,15,9,46,Matches
275,Frenkie de Jong,nl NED,MF,Barcelona,27-364,1997,10.1,856,907,94.4,13253,3651,457,464,98.5,324,342,94.7,48,57,84.2,2,1.9,1.8,+0.1,18,112,9,0,91,Matches
Rk,Player,Nation,Pos,Squad,Age,Born,90s,Cmp,Att,Cmp%,TotDist,PrgDist,Cmp,Att,Cmp%,Cmp,Att,Cmp%,Cmp,Att,Cmp%,Ast,xAG,xA,A-xAG,KP,1/3,PPA,CrsPA,PrgP,Matches
276,Joan Jordán,es ESP,MF,Alavés,30-309,1994,15.1,670,893,75.0,12708,3972,298,340,87.6,258,319,80.9,97,191,50.8,2,2.3,2.4,-0.3,29,102,13,4,101,Matches
277,Juanmi,es ESP,"FW,MF",Getafe,31-356,1993,7.4,104,136,76.5,1507,254,64,78,82.1,27,32,84.4,8,10,80.0,0,0.3,0.2,-0.3,4,3,4,0,8,Matches
278,Juanmi,es ESP,"FW,MF",Betis,31-356,1993,2.7,58,70,82.9,674,153,49,54,90.7,6,8,75.0,2,2,100.0,0,0.4,0.1,-0.4,4,2,1,0,4,Matches
279,Juanpe,es ESP,DF,Girona,34-011,1991,6.8,440,505,87.1,9236,3033,116,125,92.8,264,279,94.6,58,92,63.0,0,0.1,0.1,-0.1,2,29,1,0,25,Matches
280,Luiz Lúcio Reis Júnior,br BRA,GK,Villarreal,24-117,2001,14.2,309,420,73.6,8009,5720,77,78,98.7,142,144,98.6,85,192,44.3,0,0.0,0.0,0.0,0,3,0,0,0,Matches
281,Vinicius Júnior,br BRA,FW,Real Madrid,24-303,2000,23.7,637,857,74.3,9978,2348,360,433,83.1,189,243,77.8,60,93,64.5,5,6.7,6.3,-1.7,54,51,33,6,81,Matches
282,Stanko Jurić,hr CRO,MF,Valladolid,28-268,1996,19.2,636,755,84.2,10454,2996,300,341,88.0,287,320,89.7,35,61,57.4,0,0.5,0.3,-0.5,4,40,4,0,57,Matches
283,Willy Kambwala,fr FRA,DF,Villarreal,20-259,2004,10.6,417,477,87.4,7894,2730,144,157,91.7,231,244,94.7,37,64,57.8,0,0.1,0.1,-0.1,1,8,1,0,15,Matches
284,Abdoulaye Keita,es ESP,"FW,MF",Getafe,22-252,2002,1.1,15,27,55.6,257,66,8,11,72.7,6,6,100.0,1,6,16.7,0,0.0,0.1,0.0,0,3,1,1,2,Matches
285,Kenedy,br BRA,"MF,FW",Valladolid,29-092,1996,0.1,1,2,50.0,10,0,1,2,50.0,0,0,,0,0,,0,0.0,0.0,0.0,0,0,0,0,0,Matches
286,Kiké,es ESP,FW,Alavés,35-167,1989,25.6,348,529,65.8,4835,840,206,272,75.7,99,153,64.7,19,43,44.2,0,0.9,1.5,-0.9,13,27,6,1,45,Matches
287,Koke,es ESP,MF,Atlético Madrid,33-123,1992,18.9,1252,1435,87.2,19757,5983,658,717,91.8,463,509,91.0,85,133,63.9,1,1.2,1.5,-0.2,12,112,17,5,112,Matches
288,Jules Koundé,fr FRA,DF,Barcelona,26-180,1998,28.9,1856,2140,86.7,28736,8279,946,1020,92.7,788,901,87.5,73,120,60.8,3,3.9,3.8,-0.9,32,154,29,8,165,Matches
289,Alex Král,cz CZE,MF,Espanyol,26-357,1998,29.2,585,816,71.7,9865,2581,284,357,79.6,238,292,81.5,50,101,49.5,1,1.5,1.6,-0.5,12,70,12,4,75,Matches
290,Ladislav Krejčí,cz CZE,DF,Girona,26-021,1999,25.1,1827,2026,90.2,33075,11673,686,722,95.0,1006,1062,94.7,118,207,57.0,0,0.3,0.8,-0.3,8,147,11,2,141,Matches
291,Takefusa Kubo,jp JPN,"MF,FW",Real Sociedad,23-341,2001,23.4,607,853,71.2,8635,2638,373,438,85.2,157,225,69.8,42,90,46.7,0,4.0,3.4,-4.0,44,54,39,10,94,Matches
292,Marash Kumbulla,al ALB,DF,Espanyol,25-092,2000,30.0,1074,1263,85.0,21053,7720,337,365,92.3,600,640,93.8,127,228,55.7,0,0.0,0.3,0.0,1,33,2,1,59,Matches
293,Luca de la Torre,us USA,MF,Celta Vigo,26-353,1998,0.0,4,5,80.0,55,0,2,2,100.0,2,2,100.0,0,0,,0,0.0,0.0,0.0,0,0,0,0,0,Matches
294,Yoel Lago,es ESP,DF,Celta Vigo,21-047,2004,5.3,321,344,93.3,6005,2362,99,104,95.2,194,200,97.0,26,38,68.4,1,0.1,0.0,+0.9,1,21,0,0,26,Matches
295,Cyle Larin,ca CAN,FW,Mallorca,30-024,1995,18.3,198,295,67.1,2449,353,128,168,76.2,50,80,62.5,5,8,62.5,2,1.4,0.4,+0.6,8,10,2,0,18,Matches
296,Juanmi Latasa,es ESP,FW,Valladolid,24-049,2001,13.0,128,223,57.4,1900,340,75,113,66.4,37,71,52.1,9,15,60.0,0,0.7,0.3,-0.7,11,8,3,1,13,Matches
297,Toni Lato,es ESP,DF,Mallorca,27-171,1997,5.2,187,255,73.3,3274,1172,93,113,82.3,79,104,76.0,15,30,50.0,0,0.4,0.6,-0.4,5,15,10,9,21,Matches
298,Robin Le Normand,es ESP,DF,Atlético Madrid,28-181,1996,21.9,1073,1187,90.4,18478,5706,418,445,93.9,581,608,95.6,54,105,51.4,0,0.5,1.0,-0.5,3,40,2,0,49,Matches
299,Florian Lejeune,fr FRA,DF,Rayo Vallecano,33-356,1991,33.9,1595,1902,83.9,34542,14480,440,489,90.0,912,971,93.9,238,415,57.3,2,1.1,1.0,+0.9,11,156,6,2,132,Matches
300,Iñigo Lekue,es ESP,DF,Athletic Club,32-007,1993,7.6,292,376,77.7,5007,1707,128,147,87.1,139,170,81.8,21,46,45.7,0,0.3,0.2,-0.3,6,30,0,0,33,Matches
Rk,Player,Nation,Pos,Squad,Age,Born,90s,Cmp,Att,Cmp%,TotDist,PrgDist,Cmp,Att,Cmp%,Cmp,Att,Cmp%,Cmp,Att,Cmp%,Ast,xAG,xA,A-xAG,KP,1/3,PPA,CrsPA,PrgP,Matches
301,Thomas Lemar,fr FRA,MF,Atlético Madrid,29-180,1995,0.9,57,68,83.8,893,323,28,30,93.3,22,25,88.0,4,8,50.0,0,0.2,0.2,-0.2,2,1,4,0,8,Matches
302,Clément Lenglet,fr FRA,DF,Atlético Madrid,29-328,1995,19.9,1066,1229,86.7,21606,8796,334,360,92.8,587,626,93.8,138,222,62.2,1,1.1,0.7,-0.1,4,66,0,0,72,Matches
303,Robert Lewandowski,pl POL,FW,Barcelona,36-263,1988,27.1,359,491,73.1,4615,898,229,281,81.5,86,112,76.8,13,27,48.1,2,2.3,1.5,-0.3,19,30,9,0,48,Matches
304,Samuel Lino,br BRA,"MF,DF",Atlético Madrid,25-139,1999,15.1,581,730,79.6,8965,2159,327,370,88.4,187,228,82.0,45,65,69.2,3,2.4,1.5,+0.6,19,39,21,5,67,Matches
305,Javier Llabrés,es ESP,FW,Mallorca,22-242,2002,0.6,20,24,83.3,294,88,12,12,100.0,7,10,70.0,1,2,50.0,0,0.1,0.1,-0.1,1,0,1,1,3,Matches
306,Diego Llorente,es ESP,DF,Betis,31-268,1993,28.0,1383,1595,86.7,27425,8921,407,446,91.3,819,872,93.9,147,249,59.0,0,0.3,0.4,-0.3,6,68,3,0,81,Matches
307,Marcos Llorente,es ESP,"DF,MF",Atlético Madrid,30-101,1995,24.9,1219,1429,85.3,18457,5137,673,725,92.8,423,486,87.0,75,115,65.2,4,4.3,3.0,-0.3,27,83,24,14,100,Matches
308,Giovani Lo Celso,ar ARG,"MF,FW",Betis,29-032,1996,14.5,682,869,78.5,11179,3903,336,384,87.5,240,294,81.6,69,124,55.6,2,4.7,4.7,-2.7,40,81,37,1,124,Matches
309,Enzo Loiodice,fr FRA,MF,Las Palmas,24-165,2000,5.6,266,317,83.9,4467,1005,131,149,87.9,108,126,85.7,20,28,71.4,0,0.1,0.1,-0.1,3,22,1,0,20,Matches
310,David López,es ESP,DF,Mallorca,22-097,2003,0.9,31,35,88.6,531,172,15,15,100.0,14,15,93.3,2,3,66.7,0,0.0,0.0,0.0,0,0,1,0,2,Matches
311,David López,es ESP,DF,Girona,35-214,1989,26.0,1807,1964,92.0,34376,11978,581,612,94.9,1076,1119,96.2,139,209,66.5,0,0.1,0.6,-0.1,3,139,6,0,125,Matches
312,Diego López,es ESP,"MF,FW",Valencia,22-363,2002,28.3,618,863,71.6,9603,2316,338,415,81.4,228,292,78.1,34,56,60.7,5,4.9,4.4,+0.1,34,37,30,7,80,Matches
313,Fer López,,"FW,MF",Celta Vigo,,,5.9,190,224,84.8,3154,733,98,108,90.7,76,87,87.4,12,17,70.6,0,1.5,1.3,-1.5,12,16,11,0,37,Matches
314,Fermin López,es ESP,"MF,FW",Barcelona,22-000,2003,11.5,452,545,82.9,6889,1733,253,282,89.7,140,169,82.8,32,50,64.0,4,2.9,3.7,+1.1,22,50,18,6,63,Matches
315,Javi López,es ESP,DF,Real Sociedad,23-047,2002,20.5,759,970,78.2,12300,4509,411,451,91.1,283,371,76.3,53,96,55.2,0,0.4,1.0,-0.4,5,42,14,7,64,Matches
316,Pau López,es ESP,GK,Girona,30-149,1994,0.5,18,24,75.0,545,414,2,2,100.0,12,12,100.0,4,10,40.0,0,0.0,0.1,0.0,0,2,1,0,0,Matches
317,Roberto López,es ESP,MF,Leganés,25-017,2000,4.4,152,208,73.1,2443,735,81,97,83.5,43,51,84.3,18,39,46.2,1,0.9,0.5,+0.1,10,22,2,1,20,Matches
318,Unai López,es ESP,MF,Rayo Vallecano,29-193,1995,17.4,962,1143,84.2,16258,4173,466,508,91.7,402,451,89.1,81,151,53.6,1,0.8,1.1,+0.2,17,97,9,1,105,Matches
319,Iker Losada,es ESP,"FW,MF",Celta Vigo,23-283,2001,3.8,94,125,75.2,1389,338,56,68,82.4,31,40,77.5,4,7,57.1,0,0.3,0.6,-0.3,5,14,6,2,17,Matches
320,Iker Losada,es ESP,"MF,FW",Betis,23-283,2001,3.7,107,142,75.4,1421,331,73,87,83.9,25,34,73.5,4,8,50.0,0,0.3,0.2,-0.3,6,4,5,1,14,Matches
321,Pol Lozano,es ESP,MF,Espanyol,25-217,1999,19.8,641,763,84.0,11551,3980,265,296,89.5,295,340,86.8,65,91,71.4,1,0.8,1.0,+0.2,17,89,11,4,108,Matches
322,José Luis Gayà,es ESP,DF,Valencia,29-351,1995,18.1,700,902,77.6,12273,3719,324,360,90.0,304,363,83.7,65,140,46.4,1,2.5,3.1,-1.5,23,42,29,22,51,Matches
323,Dodi Lukebakio,be BEL,FW,Sevilla,27-229,1997,32.4,722,980,73.7,11489,2501,421,481,87.5,218,292,74.7,67,148,45.3,2,4.4,3.9,-2.4,52,45,23,6,84,Matches
324,Daniel Luna,co COL,MF,Mallorca,22-004,2003,0.2,8,13,61.5,88,16,5,6,83.3,2,5,40.0,0,1,0.0,0,0.0,0.0,0.0,0,1,0,0,0,Matches
325,Andriy Lunin,ua UKR,GK,Real Madrid,26-089,1999,5.0,143,165,86.7,3544,2225,36,37,97.3,69,69,100.0,37,58,63.8,1,0.9,0.0,+0.1,1,1,0,0,0,Matches
Rk,Player,Nation,Pos,Squad,Age,Born,90s,Cmp,Att,Cmp%,TotDist,PrgDist,Cmp,Att,Cmp%,Cmp,Att,Cmp%,Cmp,Att,Cmp%,Ast,xAG,xA,A-xAG,KP,1/3,PPA,CrsPA,PrgP,Matches
326,Darwin Machís,ve VEN,"MF,FW",Valladolid,32-093,1993,7.1,160,268,59.7,2925,865,74,88,84.1,56,89,62.9,23,69,33.3,1,0.5,0.9,+0.5,8,17,5,4,19,Matches
327,Pablo Maffeo,es ESP,DF,Mallorca,27-303,1997,25.5,723,1019,71.0,12315,5103,368,407,90.4,264,370,71.4,79,185,42.7,2,4.1,3.4,-2.1,28,48,33,24,73,Matches
328,Jon Magunazelaia,es ESP,MF,Real Sociedad,24-302,2000,0.1,7,13,53.8,117,30,3,7,42.9,4,4,100.0,0,0,,0,0.0,0.1,0.0,0,0,0,0,1,Matches
329,Giorgi Mamardashvili,ge GEO,GK,Valencia,24-224,2000,31.0,637,963,66.1,18408,13606,103,103,100.0,342,347,98.6,192,510,37.6,0,0.1,0.0,-0.1,2,9,1,0,0,Matches
330,Reinildo Mandava,mz MOZ,DF,Atlético Madrid,31-110,1994,10.5,515,612,84.2,7852,2969,284,302,94.0,204,247,82.6,20,45,44.4,0,0.1,0.2,-0.1,2,24,2,0,34,Matches
331,Javier Manquillo,es ESP,DF,Celta Vigo,31-006,1994,5.7,335,373,89.8,5537,1582,156,169,92.3,163,172,94.8,13,23,56.5,0,0.0,0.1,0.0,0,22,2,0,24,Matches
332,Marcão,br BRA,DF,Sevilla,28-340,1996,5.1,230,261,88.1,3967,1586,105,108,97.2,109,119,91.6,15,27,55.6,0,0.0,0.0,0.0,0,12,0,0,17,Matches
333,Óscar de Marcos,es ESP,DF,Athletic Club,36-027,1989,15.3,723,910,79.5,12816,4708,332,372,89.2,314,376,83.5,75,129,58.1,4,2.2,2.0,+1.8,18,89,22,15,88,Matches
334,Alberto Marí,es ESP,FW,Valencia,23-304,2001,0.1,2,4,50.0,33,7,1,1,100.0,1,1,100.0,0,1,0.0,0,0.0,0.0,0.0,0,0,0,0,1,Matches
335,José María Giménez,uy URU,DF,Atlético Madrid,30-111,1995,21.2,1189,1299,91.5,24287,9089,347,369,94.0,677,707,95.8,153,204,75.0,1,0.2,0.3,+0.8,2,56,0,0,57,Matches
336,Arkaitz Mariezkurrena,es ESP,"MF,FW",Real Sociedad,20-036,2005,1.7,30,45,66.7,419,82,21,27,77.8,7,9,77.8,1,3,33.3,0,0.0,0.0,0.0,1,1,2,0,3,Matches
337,Pablo Marín,es ESP,MF,Real Sociedad,21-312,2003,11.6,300,380,78.9,4749,838,143,174,82.2,124,149,83.2,21,32,65.6,2,1.0,0.7,+1.0,14,27,8,2,34,Matches
338,Mika Mármol,es ESP,DF,Las Palmas,23-314,2001,24.7,1029,1372,75.0,18801,8445,450,506,88.9,445,541,82.3,118,271,43.5,1,1.5,1.9,-0.5,14,110,14,7,95,Matches
339,Mario Maroto,es ESP,MF,Valladolid,21-164,2003,0.2,11,15,73.3,200,65,6,6,100.0,3,4,75.0,2,2,100.0,1,0.1,0.0,+0.9,1,2,0,0,1,Matches
340,Unai Marrero,es ESP,GK,Real Sociedad,23-214,2001,1.0,22,30,73.3,591,369,4,4,100.0,10,11,90.9,8,14,57.1,0,0.0,0.0,0.0,0,0,0,0,0,Matches
341,Carlos Martín,es ESP,"FW,MF",Alavés,23-019,2002,14.5,255,389,65.6,3681,885,138,191,72.3,94,125,75.2,11,33,33.3,2,2.7,1.4,-0.7,12,15,7,4,20,Matches
342,Gerard Martín,es ESP,DF,Barcelona,23-130,2002,9.8,561,677,82.9,8564,2382,299,331,90.3,224,255,87.8,23,45,51.1,3,1.1,1.6,+1.9,12,22,15,4,34,Matches
343,Iván Martín,es ESP,MF,Girona,26-086,1999,21.4,1216,1348,90.2,19075,3747,619,666,92.9,488,529,92.2,70,83,84.3,1,1.9,2.0,-0.9,22,100,15,3,128,Matches
344,Jon Martin,es ESP,DF,Real Sociedad,19-130,2006,9.0,442,509,86.8,8733,2795,124,142,87.3,280,302,92.7,36,56,64.3,1,0.2,0.2,+0.8,3,19,2,0,33,Matches
345,Mario Martín,es ESP,MF,Valladolid,21-067,2004,17.9,625,736,84.9,11037,2776,257,294,87.4,294,321,91.6,52,77,67.5,1,1.4,1.2,-0.4,11,51,3,1,62,Matches
346,Arnau Martinez,es ESP,"DF,MF",Girona,22-016,2003,26.7,1488,1726,86.2,23806,6451,755,810,93.2,630,711,88.6,81,137,59.1,2,1.8,1.5,+0.2,17,145,12,3,151,Matches
347,Iñigo Martínez,es ESP,DF,Barcelona,33-359,1991,25.7,2102,2307,91.1,39692,13592,776,819,94.7,1114,1174,94.9,194,266,72.9,4,2.6,1.8,+1.4,16,238,9,1,249,Matches
348,Javi Martínez,es ESP,MF,Osasuna,25-140,1999,0.1,9,9,100.0,126,55,6,6,100.0,3,3,100.0,0,0,,0,0.0,0.0,0.0,0,1,0,0,1,Matches
349,Ramón Martínez,es ESP,DF,Sevilla,22-201,2002,2.1,99,110,90.0,2044,430,26,26,100.0,57,65,87.7,15,17,88.2,0,0.0,0.0,0.0,0,7,0,0,4,Matches
350,Toni Martínez,es ESP,"FW,MF",Alavés,27-315,1997,10.1,128,216,59.3,1552,277,87,119,73.1,31,62,50.0,3,8,37.5,0,0.6,0.9,-0.6,11,11,4,1,11,Matches
Rk,Player,Nation,Pos,Squad,Age,Born,90s,Cmp,Att,Cmp%,TotDist,PrgDist,Cmp,Att,Cmp%,Cmp,Att,Cmp%,Cmp,Att,Cmp%,Ast,xAG,xA,A-xAG,KP,1/3,PPA,CrsPA,PrgP,Matches
351,Javi Martón,es ESP,"FW,MF",Athletic Club,26-005,1999,0.6,6,7,85.7,68,2,4,5,80.0,2,2,100.0,0,0,,0,0.0,0.0,0.0,0,1,0,0,0,Matches
352,Marvin,es ESP,"DF,FW",Las Palmas,24-312,2000,9.4,285,400,71.3,4847,1342,136,156,87.2,114,156,73.1,26,52,50.0,0,1.1,1.1,-1.1,6,22,13,10,23,Matches
353,Omar Mascarell,gq EQG,MF,Mallorca,32-098,1993,20.1,713,838,85.1,12487,3354,325,352,92.3,298,329,90.6,72,115,62.6,0,0.2,0.2,-0.2,3,55,2,0,64,Matches
354,Jaime Mata,es ESP,FW,Las Palmas,36-199,1988,6.1,106,157,67.5,1528,236,64,85,75.3,32,44,72.7,5,11,45.5,0,0.1,0.3,-0.1,3,7,3,1,9,Matches
355,Borja Mayoral,es ESP,FW,Getafe,28-036,1997,10.3,167,216,77.3,2378,378,97,112,86.6,48,61,78.7,10,14,71.4,1,0.9,0.3,+0.1,7,10,2,0,11,Matches
356,Kylian Mbappé,fr FRA,FW,Real Madrid,26-142,1998,28.3,817,988,82.7,11903,2063,488,558,87.5,220,253,87.0,55,69,79.7,3,6.8,6.0,-3.8,43,66,43,2,119,Matches
357,Oliver McBurnie,sct SCO,FW,Las Palmas,28-341,1996,18.4,262,395,66.3,3221,754,175,240,72.9,59,96,61.5,6,8,75.0,6,2.7,1.0,+3.3,23,23,7,1,26,Matches
358,Scott McKenna,sct SCO,DF,Las Palmas,28-180,1996,25.4,1165,1344,86.7,21442,7071,407,440,92.5,665,730,91.1,78,142,54.9,0,0.7,0.4,-0.7,3,47,1,0,41,Matches
359,Mateo Mejía,es ESP,FW,Sevilla,22-041,2003,0.1,0,1,0.0,0,0,0,1,0.0,0,0,,0,0,,0,0.0,0.0,0.0,0,0,0,0,0,Matches
360,Arthur Melo,br BRA,MF,Girona,28-272,1996,8.3,561,599,93.7,10235,2197,210,220,95.5,292,304,96.1,51,60,85.0,0,0.2,0.5,-0.2,2,57,3,1,59,Matches
361,Brais Méndez,es ESP,MF,Real Sociedad,28-124,1997,15.5,560,720,77.8,8469,2446,318,364,87.4,175,217,80.6,41,86,47.7,1,1.8,1.9,-0.8,20,62,11,2,81,Matches
362,Ferland Mendy,fr FRA,DF,Real Madrid,29-337,1995,11.2,630,671,93.9,9091,2431,387,399,97.0,199,212,93.9,32,38,84.2,1,0.5,0.7,+0.5,3,44,1,0,36,Matches
363,Víctor Meseguer,es ESP,MF,Valladolid,25-336,1999,4.6,148,189,78.3,2262,703,76,89,85.4,57,71,80.3,6,11,54.5,0,0.0,0.3,0.0,1,17,1,1,22,Matches
364,Miguel,es ESP,FW,Leganés,25-250,1999,18.6,128,224,57.1,1821,368,71,108,65.7,42,67,62.7,5,14,35.7,3,1.4,0.8,+1.6,7,9,5,1,16,Matches
365,Éder Militão,br BRA,DF,Real Madrid,27-113,1998,10.4,636,712,89.3,13095,4633,189,201,94.0,372,394,94.4,72,110,65.5,1,0.5,0.2,+0.5,6,56,3,0,46,Matches
366,Luis Milla,es ESP,MF,Getafe,30-216,1994,29.9,1082,1469,73.7,19741,5952,483,549,88.0,423,527,80.3,147,322,45.7,4,3.7,4.7,+0.3,67,144,24,8,148,Matches
367,Pere Milla,es ESP,"MF,FW",Espanyol,32-230,1992,3.5,65,118,55.1,1055,294,31,46,67.4,24,37,64.9,7,18,38.9,0,0.1,0.2,-0.1,2,5,2,0,6,Matches
368,Óscar Mingueza,es ESP,"MF,DF",Celta Vigo,25-363,1999,27.4,1561,2012,77.6,27160,10592,721,796,90.6,648,814,79.6,152,305,49.8,6,5.2,5.8,+0.8,28,163,63,11,183,Matches
369,Kim Minsu,kr KOR,"MF,FW",Girona,19-112,2006,0.2,9,10,90.0,105,8,5,6,83.3,3,3,100.0,0,0,,0,0.0,0.0,0.0,0,0,0,0,0,Matches
370,Bojan Miovski,mk MKD,FW,Girona,25-321,1999,9.7,86,113,76.1,1260,106,49,58,84.5,33,42,78.6,3,3,100.0,1,0.2,0.2,+0.8,4,2,1,1,4,Matches
371,Rafa Mir,es ESP,"FW,MF",Valencia,27-327,1997,7.0,118,155,76.1,1825,328,63,74,85.1,39,49,79.6,10,14,71.4,2,0.7,0.4,+1.3,2,11,3,1,16,Matches
372,Luka Modrić,hr CRO,MF,Real Madrid,39-244,1985,16.8,1393,1585,87.9,24536,8093,649,694,93.5,548,592,92.6,156,235,66.4,4,5.9,5.5,-1.9,54,183,26,1,161,Matches
373,Johan Mojica,co COL,DF,Mallorca,32-263,1992,29.3,1144,1546,74.0,20312,8975,577,654,88.2,415,536,77.4,138,268,51.5,2,4.1,4.4,-2.1,40,100,52,32,129,Matches
374,Alberto Moleiro,es ESP,"FW,MF",Las Palmas,21-223,2003,28.4,790,969,81.5,11262,2612,480,548,87.6,248,296,83.8,36,60,60.0,1,3.2,3.6,-2.2,39,75,29,5,113,Matches
375,Nahuel Molina,ar ARG,DF,Atlético Madrid,27-035,1998,16.4,883,1106,79.8,13265,4854,508,557,91.2,302,380,79.5,47,100,47.0,3,1.5,1.6,+1.5,13,43,17,5,57,Matches
Rk,Player,Nation,Pos,Squad,Age,Born,90s,Cmp,Att,Cmp%,TotDist,PrgDist,Cmp,Att,Cmp%,Cmp,Att,Cmp%,Cmp,Att,Cmp%,Ast,xAG,xA,A-xAG,KP,1/3,PPA,CrsPA,PrgP,Matches
376,Jon Moncayola,es ESP,MF,Osasuna,26-363,1998,22.9,721,965,74.7,13334,4388,308,352,87.5,297,378,78.6,97,181,53.6,0,3.7,4.6,-3.7,31,75,24,13,105,Matches
377,Gonzalo Montiel,ar ARG,"DF,MF",Sevilla,28-130,1997,1.3,68,78,87.2,1288,364,29,30,96.7,33,37,89.2,6,10,60.0,0,0.0,0.1,0.0,0,8,1,1,2,Matches
378,Gerard Moreno,es ESP,FW,Villarreal,33-034,1992,7.5,209,275,76.0,3749,1078,96,113,85.0,83,96,86.5,25,41,61.0,1,3.0,1.7,-2.0,15,28,15,2,49,Matches
379,Mateu Morey,es ESP,DF,Mallorca,25-070,2000,5.6,205,268,76.5,3134,906,113,128,88.3,79,96,82.3,11,27,40.7,0,0.3,0.2,-0.3,4,10,3,1,12,Matches
380,Ilaix Moriba,gn GUI,MF,Celta Vigo,22-112,2003,20.7,766,889,86.2,12138,3222,384,435,88.3,286,318,89.9,57,75,76.0,1,1.5,2.3,-0.5,20,96,18,2,108,Matches
381,Manu Morlanes,es ESP,MF,Mallorca,26-119,1999,14.4,594,665,89.3,9630,2895,287,309,92.9,254,282,90.1,33,46,71.7,0,0.3,0.7,-0.3,10,80,10,3,83,Matches
382,Raúl Moro,es ESP,"MF,FW",Valladolid,22-157,2002,23.0,456,695,65.6,9022,2792,197,250,78.8,157,223,70.4,91,166,54.8,5,5.7,5.3,-0.7,43,39,35,20,75,Matches
383,Cristhian Mosquera,es ESP,DF,Valencia,20-318,2004,33.9,1684,1847,91.2,30205,10571,672,712,94.4,878,930,94.4,120,168,71.4,0,0.0,0.2,0.0,0,109,1,0,112,Matches
384,Santiago Mouriño,uy URU,DF,Alavés,23-087,2002,17.5,462,592,78.0,8492,3640,188,218,86.2,220,261,84.3,49,95,51.6,1,0.8,0.6,+0.2,6,40,5,2,41,Matches
385,Abdul Mumin,gh GHA,DF,Rayo Vallecano,26-339,1998,22.4,900,1085,82.9,17231,7016,315,339,92.9,492,536,91.8,87,190,45.8,1,0.2,0.1,+0.8,1,40,1,0,40,Matches
386,Aihen Muñoz,es ESP,DF,Real Sociedad,27-268,1997,10.3,378,533,70.9,6030,2382,194,215,90.2,149,205,72.7,24,85,28.2,0,0.2,0.1,-0.2,2,32,1,1,31,Matches
387,Álex Muñoz,es ESP,DF,Las Palmas,30-285,1994,15.2,590,741,79.6,9450,3364,288,324,88.9,270,335,80.6,26,54,48.1,0,0.5,0.7,-0.5,7,34,9,8,45,Matches
388,Iker Muñoz,es ESP,MF,Osasuna,22-187,2002,5.6,203,256,79.3,3484,841,95,105,90.5,88,104,84.6,15,27,55.6,0,0.4,0.6,-0.4,4,22,4,1,18,Matches
389,Javier Muñoz,es ESP,"MF,DF",Las Palmas,30-072,1995,28.5,900,1159,77.7,15562,4515,433,500,86.6,342,425,80.5,95,164,57.9,3,2.5,2.3,+0.5,29,110,32,13,105,Matches
390,Vedat Muriqi,xk KVX,FW,Mallorca,31-017,1994,20.3,264,435,60.7,3789,782,156,220,70.9,77,139,55.4,14,22,63.6,2,2.2,1.7,-0.2,25,22,6,0,29,Matches
391,Juan Musso,ar ARG,GK,Atlético Madrid,31-005,1994,1.0,23,29,79.3,443,264,5,5,100.0,16,16,100.0,2,7,28.6,0,0.0,0.0,0.0,0,0,0,0,0,Matches
392,Matija Nastasić,rs SRB,DF,Leganés,32-044,1993,22.6,687,833,82.5,13873,4704,199,221,90.0,411,454,90.5,70,142,49.3,0,0.1,0.4,-0.1,2,35,1,0,58,Matches
393,Natan,br BRA,DF,Betis,24-094,2001,20.2,945,1065,88.7,18159,5713,321,339,94.7,531,576,92.2,84,136,61.8,1,0.6,0.8,+0.4,5,45,3,1,45,Matches
394,Pau Navarro,es ESP,DF,Villarreal,20-016,2005,8.0,406,456,89.0,6814,2348,178,190,93.7,196,214,91.6,22,36,61.1,0,0.0,0.1,0.0,1,20,1,0,31,Matches
395,Roberto Navarro,es ESP,"MF,FW",Mallorca,23-029,2002,14.2,357,473,75.5,5122,1424,222,258,86.0,106,141,75.2,19,37,51.4,0,1.9,1.5,-1.9,13,27,14,3,51,Matches
396,Jesús Navas,es ESP,"FW,MF",Sevilla,39-171,1985,4.7,203,262,77.5,3443,816,105,117,89.7,71,88,80.7,22,38,57.9,0,0.5,0.6,-0.5,10,16,6,5,23,Matches
397,Yvan Neyou,cm CMR,MF,Leganés,28-128,1997,24.1,879,1030,85.3,13704,3604,466,514,90.7,324,368,88.0,57,84,67.9,1,0.5,1.0,+0.5,11,80,9,1,90,Matches
398,Tanguy Nianzou,fr FRA,DF,Sevilla,22-338,2002,5.8,285,314,90.8,4654,1465,131,139,94.2,143,155,92.3,7,15,46.7,0,0.0,0.0,0.0,0,6,0,0,10,Matches
399,Saúl Ñíguez,es ESP,MF,Sevilla,30-171,1994,17.1,515,654,78.7,8552,2296,250,287,87.1,219,261,83.9,31,63,49.2,6,2.5,2.3,+3.5,22,51,8,2,66,Matches
400,Tamás Nikitscher,hu HUN,MF,Valladolid,25-189,1999,7.3,216,235,91.9,3392,705,109,118,92.4,88,92,95.7,13,17,76.5,0,0.0,0.1,0.0,1,8,1,0,8,Matches
Rk,Player,Nation,Pos,Squad,Age,Born,90s,Cmp,Att,Cmp%,TotDist,PrgDist,Cmp,Att,Cmp%,Cmp,Att,Cmp%,Cmp,Att,Cmp%,Ast,xAG,xA,A-xAG,KP,1/3,PPA,CrsPA,PrgP,Matches
401,Adrian Niño,es ESP,FW,Atlético Madrid,20-326,2004,0.1,0,0,,0,0,0,0,,0,0,,0,0,,0,0.0,0.0,0.0,0,0,0,0,0,Matches
402,Hugo Novoa,es ESP,"DF,MF",Alavés,22-130,2003,2.6,53,69,76.8,798,261,35,43,81.4,12,16,75.0,4,4,100.0,0,0.2,0.2,-0.2,2,0,2,2,2,Matches
403,Randy Nteka,ao ANG,FW,Rayo Vallecano,27-156,1997,12.5,144,223,64.6,1834,230,94,123,76.4,39,65,60.0,3,6,50.0,0,0.5,0.3,-0.5,9,5,2,0,8,Matches
404,Unai Núñez,es ESP,DF,Athletic Club,28-101,1997,6.5,271,310,87.4,6123,2329,51,60,85.0,179,190,94.2,40,57,70.2,0,0.1,0.1,-0.1,1,14,1,0,24,Matches
405,Ørjan Nyland,no NOR,GK,Sevilla,34-243,1990,27.7,602,939,64.1,16004,12012,152,153,99.3,274,283,96.8,175,497,35.2,0,0.3,0.1,-0.3,4,24,2,0,1,Matches
406,Allan Nyom,cm CMR,"DF,MF",Getafe,37-001,1988,7.8,240,301,79.7,3846,1402,125,136,91.9,95,115,82.6,15,40,37.5,1,0.3,0.3,+0.7,4,23,5,4,21,Matches
407,Jan Oblak,si SVN,GK,Atlético Madrid,32-124,1993,34.0,712,895,79.6,18980,12767,124,124,100.0,377,380,99.2,206,385,53.5,0,0.0,0.0,0.0,0,6,0,0,0,Matches
408,Lucas Ocampos,ar ARG,FW,Sevilla,30-304,1994,1.9,65,91,71.4,1020,296,36,45,80.0,19,23,82.6,6,11,54.5,1,0.3,0.1,+0.7,3,8,2,1,7,Matches
409,Álvaro Odriozola,es ESP,DF,Real Sociedad,29-148,1995,0.5,22,30,73.3,344,111,11,12,91.7,6,12,50.0,3,4,75.0,0,0.0,0.0,0.0,0,4,1,1,3,Matches
410,Thiago Ojeda,ar ARG,MF,Villarreal,22-119,2003,0.1,7,8,87.5,103,15,4,4,100.0,3,4,75.0,0,0,,0,0.0,0.0,0.0,0,1,0,0,2,Matches
411,Olasagasti,es ESP,MF,Real Sociedad,24-268,2000,9.0,294,385,76.4,4651,891,154,185,83.2,108,133,81.2,21,39,53.8,1,0.8,0.7,+0.2,6,30,8,0,36,Matches
412,Brian Oliván,es ESP,DF,Espanyol,31-040,1994,11.3,317,458,69.2,5671,2788,145,156,92.9,134,192,69.8,34,87,39.1,1,1.1,0.8,-0.1,15,44,12,9,40,Matches
413,Lucas Oliveira Rosa,br BRA,DF,Valladolid,25-038,2000,21.0,637,833,76.5,10312,3479,331,372,89.0,252,318,79.2,42,92,45.7,1,2.0,1.5,-1.0,13,34,6,4,50,Matches
414,Dani Olmo,es ESP,"MF,FW",Barcelona,27-004,1998,11.4,430,540,79.6,6360,1817,255,285,89.5,123,151,81.5,28,40,70.0,2,2.8,3.4,-0.8,21,37,27,1,69,Matches
415,Aimar Oroz,es ESP,"MF,FW",Osasuna,23-165,2001,29.0,795,973,81.7,12839,3100,414,471,87.9,306,364,84.1,53,76,69.7,2,2.0,3.0,0.0,32,78,32,3,143,Matches
416,Ángel Ortíz,es ESP,DF,Betis,20-290,2004,3.8,152,208,73.1,2361,1036,80,90,88.9,62,85,72.9,7,20,35.0,1,0.1,0.2,+0.9,3,11,3,2,14,Matches
417,Gabriel Osei Misehouy,nl NED,"FW,MF",Girona,19-297,2005,2.9,90,103,87.4,1327,247,50,53,94.3,39,41,95.1,0,8,0.0,0,0.3,0.3,-0.3,4,11,4,0,15,Matches
418,David Otorbi,es ESP,MF,Valencia,17-207,2007,0.2,2,4,50.0,27,4,2,3,66.7,0,0,,0,1,0.0,0,0.0,0.0,0.0,0,0,0,0,0,Matches
419,Jesús Owono,gq EQG,GK,Alavés,24-071,2001,5.4,99,163,60.7,3878,3470,10,10,100.0,36,36,100.0,53,115,46.1,0,0.0,0.0,0.0,0,5,0,0,0,Matches
420,Mikel Oyarzabal,es ESP,"FW,MF",Real Sociedad,28-020,1997,22.8,340,464,73.3,4477,804,219,257,85.2,92,123,74.8,8,18,44.4,2,2.3,1.8,-0.3,13,19,10,3,27,Matches
421,Cenk Özkacar,tr TUR,DF,Valladolid,24-217,2000,5.9,200,242,82.6,4091,1548,57,62,91.9,123,134,91.8,19,40,47.5,0,0.0,0.3,0.0,1,5,0,0,9,Matches
422,Jon Pacheco,es ESP,DF,Real Sociedad,24-123,2001,8.5,381,460,82.8,7449,2111,136,154,88.3,200,216,92.6,45,82,54.9,0,0.0,0.2,0.0,0,24,2,0,23,Matches
423,Alex Padilla,es ESP,GK,Athletic Club,21-252,2003,3.6,67,121,55.4,2317,1964,9,9,100.0,25,25,100.0,33,86,38.4,0,0.0,0.0,0.0,0,4,0,0,0,Matches
424,Isaac Palazón Camacho,es ESP,"MF,FW",Rayo Vallecano,30-135,1994,21.0,694,887,78.2,11494,3441,368,415,88.7,234,280,83.6,75,137,54.7,4,3.7,3.8,+0.3,40,70,16,3,109,Matches
425,Aitor Paredes,es ESP,DF,Athletic Club,25-012,2000,18.1,734,875,83.9,15837,5930,160,179,89.4,482,517,93.2,90,169,53.3,0,0.1,0.1,-0.1,2,39,2,0,44,Matches
Rk,Player,Nation,Pos,Squad,Age,Born,90s,Cmp,Att,Cmp%,TotDist,PrgDist,Cmp,Att,Cmp%,Cmp,Att,Cmp%,Cmp,Att,Cmp%,Ast,xAG,xA,A-xAG,KP,1/3,PPA,CrsPA,PrgP,Matches
426,Daniel Parejo,es ESP,MF,Villarreal,36-025,1989,23.7,1301,1483,87.7,24537,7503,513,555,92.4,613,667,91.9,160,221,72.4,3,1.8,1.8,+1.2,21,172,15,3,172,Matches
427,Álvaro Pascual,es ESP,FW,Sevilla,23-130,2002,2.5,9,13,69.2,174,41,2,3,66.7,6,7,85.7,1,1,100.0,0,0.0,0.0,0.0,0,2,0,0,0,Matches
428,Alfonso Pedraza,es ESP,"DF,MF",Villarreal,29-032,1996,3.3,104,150,69.3,1614,586,51,53,96.2,41,54,75.9,6,20,30.0,1,0.9,1.3,+0.1,6,7,7,6,7,Matches
429,Pedri,es ESP,MF,Barcelona,22-167,2002,28.6,2056,2368,86.8,35015,8845,989,1055,93.7,820,924,88.7,200,285,70.2,4,6.8,8.4,-2.8,62,290,70,4,318,Matches
430,Adrià Pedrosa,es ESP,DF,Sevilla,26-363,1998,24.1,816,1112,73.4,13945,4987,396,439,90.2,350,448,78.1,57,167,34.1,1,1.5,1.4,-0.5,17,61,17,9,74,Matches
431,Pejiño,es ESP,FW,Las Palmas,28-286,1996,0.2,6,7,85.7,87,22,3,3,100.0,3,4,75.0,0,0,,0,0.0,0.0,0.0,0,0,1,0,1,Matches
432,Andy Pelmard,fr FRA,DF,Las Palmas,25-060,2000,2.3,98,115,85.2,1674,470,50,52,96.2,41,46,89.1,6,13,46.2,0,0.0,0.1,0.0,1,9,4,0,13,Matches
433,Iñaki Peña,es ESP,GK,Barcelona,26-070,1999,14.5,521,588,88.6,11685,6528,84,85,98.8,359,362,99.2,76,139,54.7,0,0.0,0.0,0.0,0,0,0,0,3,Matches
434,Rubén Peña,es ESP,"FW,DF",Osasuna,33-297,1991,7.6,169,286,59.1,2791,1297,88,114,77.2,65,112,58.0,14,37,37.8,0,0.5,0.7,-0.5,12,17,9,5,24,Matches
435,Nicolas Pépé,ci CIV,"FW,MF",Villarreal,29-347,1995,14.6,447,571,78.3,6197,1403,263,289,91.0,137,176,77.8,25,45,55.6,5,4.1,3.7,+0.9,28,22,25,3,55,Matches
436,Peque,es ESP,"MF,FW",Sevilla,22-219,2002,12.1,258,325,79.4,3815,816,151,177,85.3,80,99,80.8,16,23,69.6,1,1.2,0.9,-0.2,11,24,6,1,33,Matches
437,Ayoze Pérez,es ESP,FW,Villarreal,31-286,1993,20.5,299,397,75.3,4778,1223,137,168,81.5,132,160,82.5,18,29,62.1,2,2.5,1.8,-0.5,28,35,19,5,69,Matches
438,Carles Pérez,es ESP,"MF,FW",Getafe,27-084,1998,15.9,226,336,67.3,3455,818,130,165,78.8,73,103,70.9,16,40,40.0,0,1.5,1.3,-1.5,17,17,14,8,20,Matches
439,Francisco Perez,es ESP,"FW,MF",Valencia,22-244,2002,5.5,139,193,72.0,2120,435,87,97,89.7,36,54,66.7,12,22,54.5,0,2.4,1.5,-2.4,6,6,6,2,10,Matches
440,Kike Pérez,es ESP,MF,Valladolid,28-086,1997,13.2,440,564,78.0,8065,2480,183,220,83.2,191,217,88.0,49,92,53.3,0,1.0,1.1,-1.0,17,47,5,0,67,Matches
441,Luis Pérez,es ESP,DF,Valladolid,30-096,1995,27.9,885,1171,75.6,15738,5808,400,454,88.1,361,476,75.8,111,188,59.0,0,2.1,2.6,-2.1,27,57,32,29,88,Matches
442,Romain Perraud,fr FRA,DF,Betis,27-231,1997,20.1,820,1043,78.6,11392,3932,501,554,90.4,250,317,78.9,29,80,36.3,2,1.4,1.2,+0.6,14,53,13,9,55,Matches
443,Valentín Pezzolesi,es ESP,DF,Las Palmas,18-025,2007,0.1,2,5,40.0,45,4,0,2,0.0,2,3,66.7,0,0,,0,0.0,0.0,0.0,0,0,0,0,0,Matches
444,Pica,es ESP,DF,Alavés,23-130,2002,5.4,152,198,76.8,3075,1318,46,58,79.3,83,95,87.4,23,41,56.1,0,0.0,0.0,0.0,1,13,1,0,15,Matches
445,Yeremi Pino,es ESP,MF,Villarreal,22-203,2002,19.2,469,636,73.7,7049,1893,267,330,80.9,164,210,78.1,24,37,64.9,5,4.7,3.4,+0.3,33,29,26,7,55,Matches
446,Portu,es ESP,"FW,MF",Girona,32-355,1992,7.0,143,205,69.8,1980,370,93,116,80.2,42,51,82.4,5,19,26.3,2,1.6,1.5,+0.4,12,8,7,3,14,Matches
447,Beñat Prados,es ESP,MF,Athletic Club,24-092,2001,17.9,611,750,81.5,10248,2480,276,325,84.9,282,326,86.5,39,68,57.4,0,1.1,1.3,-1.1,11,66,5,1,67,Matches
448,Abdón Prats,es ESP,"FW,MF",Mallorca,32-155,1992,5.1,58,87,66.7,837,164,34,46,73.9,16,24,66.7,4,6,66.7,0,0.1,0.1,-0.1,3,5,1,0,7,Matches
449,Javi Puado,es ESP,"FW,MF",Espanyol,26-351,1998,29.5,464,607,76.4,7132,1245,245,293,83.6,170,203,83.7,31,60,51.7,3,2.3,1.6,+0.7,21,33,14,4,67,Matches
450,Dani Raba,es ESP,"FW,MF",Leganés,29-194,1995,18.1,349,537,65.0,6076,2044,159,194,82.0,135,192,70.3,42,111,37.8,4,3.6,3.2,+0.4,36,38,19,2,59,Matches
Rk,Player,Nation,Pos,Squad,Age,Born,90s,Cmp,Att,Cmp%,TotDist,PrgDist,Cmp,Att,Cmp%,Cmp,Att,Cmp%,Cmp,Att,Cmp%,Ast,xAG,xA,A-xAG,KP,1/3,PPA,CrsPA,PrgP,Matches
451,Arnau Rafús,es ESP,GK,Valladolid,22-014,2003,1.0,33,43,76.7,1001,672,4,4,100.0,20,21,95.2,9,17,52.9,0,0.0,0.0,0.0,0,0,0,0,0,Matches
452,Antonio Raillo,es ESP,DF,Mallorca,33-215,1991,32.6,1411,1593,88.6,26632,9429,481,523,92.0,785,841,93.3,125,191,65.4,0,1.5,0.9,-1.5,12,75,6,0,97,Matches
453,Benito Ramírez,es ESP,"DF,MF",Las Palmas,29-304,1995,4.3,214,268,79.9,3351,879,119,127,93.7,77,88,87.5,14,33,42.4,0,0.8,0.8,-0.8,10,8,8,6,13,Matches
454,Sandro Ramírez,es ESP,"FW,MF",Las Palmas,29-306,1995,21.6,421,656,64.2,7095,2227,197,258,76.4,168,227,74.0,39,105,37.1,3,3.3,3.2,-0.3,27,32,9,3,49,Matches
455,Jacobo Ramón,es ESP,DF,Real Madrid,20-125,2005,0.3,14,14,100.0,285,91,2,2,100.0,11,11,100.0,1,1,100.0,0,0.0,0.0,0.0,0,0,0,0,0,Matches
456,Raphinha,br BRA,"FW,MF",Barcelona,28-148,1996,27.8,929,1322,70.3,15859,4590,476,569,83.7,318,424,75.0,107,228,46.9,9,11.8,9.3,-2.8,84,81,63,16,133,Matches
457,Andrei Ratiu,ro ROU,DF,Rayo Vallecano,26-325,1998,31.1,1350,1650,81.8,20490,7079,767,856,89.6,503,595,84.5,59,114,51.8,3,5.5,3.4,-2.5,32,99,19,9,134,Matches
458,Raúl,es ESP,"FW,MF",Osasuna,24-189,2000,7.7,102,152,67.1,1387,204,63,81,77.8,31,41,75.6,3,11,27.3,0,0.7,0.4,-0.7,3,11,0,0,14,Matches
459,Abderrahman Rebbach,dz ALG,"FW,MF",Alavés,26-273,1998,4.3,74,118,62.7,1234,255,41,58,70.7,24,35,68.6,8,17,47.1,0,0.3,0.4,-0.3,6,2,5,3,5,Matches
460,Álex Remiro,es ESP,GK,Real Sociedad,30-048,1995,34.0,893,1214,73.6,25169,17686,124,124,100.0,482,491,98.2,287,593,48.4,0,0.0,0.0,0.0,1,12,0,0,1,Matches
461,Diego Rico,es ESP,DF,Getafe,32-077,1993,28.3,973,1429,68.1,17405,9659,449,521,86.2,427,604,70.7,88,231,38.1,3,2.4,3.0,+0.6,32,106,41,27,123,Matches
462,Luis Rioja,es ESP,FW,Alavés,31-207,1993,0.3,5,11,45.5,70,27,3,4,75.0,2,5,40.0,0,1,0.0,0,0.1,0.1,-0.1,1,0,0,0,1,Matches
463,Luis Rioja,es ESP,"MF,FW",Valencia,31-207,1993,29.2,753,1117,67.4,12484,3558,399,473,84.4,274,379,72.3,62,166,37.3,3,3.7,4.7,-0.7,31,41,54,22,94,Matches
464,Rodrigo Riquelme,es ESP,"MF,DF",Atlético Madrid,25-039,2000,5.7,210,269,78.1,2838,854,131,150,87.3,60,69,87.0,8,27,29.6,1,0.8,0.8,+0.2,15,17,12,3,24,Matches
465,Alberto Risco,es ESP,"MF,FW",Getafe,19-254,2005,0.8,25,34,73.5,340,98,15,18,83.3,6,8,75.0,2,4,50.0,0,0.1,0.2,-0.1,4,1,4,3,3,Matches
466,Mihailo Ristić,rs SRB,"MF,DF",Celta Vigo,29-192,1995,3.0,121,162,74.7,2051,607,57,63,90.5,55,67,82.1,8,23,34.8,1,0.1,0.0,+0.9,2,6,0,0,4,Matches
467,Gorka Rivera Alonso,es ESP,"DF,MF",Getafe,20-283,2004,0.2,5,11,45.5,94,27,1,2,50.0,4,7,57.1,0,2,0.0,0,0.0,0.0,0.0,0,1,0,0,1,Matches
468,Marc Roca,es ESP,MF,Betis,28-166,1996,10.1,465,538,86.4,7964,2303,220,236,93.2,198,216,91.7,33,54,61.1,2,1.0,0.5,+1.0,12,51,6,2,59,Matches
469,Rodri,es ESP,FW,Betis,24-360,2000,1.3,56,66,84.8,941,282,35,36,97.2,14,17,82.4,7,11,63.6,0,0.1,0.3,-0.1,2,4,5,0,8,Matches
470,Adrian Rodriguez,es ESP,GK,Alavés,24-150,2000,1.4,19,50,38.0,1160,1084,1,1,100.0,0,0,,18,48,37.5,0,0.0,0.0,0.0,0,1,0,0,0,Matches
471,Álvaro Rodríguez,uy URU,FW,Getafe,20-301,2004,8.6,100,209,47.8,1374,302,65,104,62.5,27,63,42.9,4,10,40.0,0,0.3,0.3,-0.3,4,15,2,1,12,Matches
472,Óscar Rodríguez Arnaiz,es ESP,"MF,FW",Leganés,26-317,1998,13.9,372,515,72.2,6521,2018,177,207,85.5,131,178,73.6,49,91,53.8,4,2.0,1.5,+2.0,17,28,21,7,59,Matches
473,Damián Rodríguez,es ESP,MF,Celta Vigo,22-055,2003,10.3,726,814,89.2,12535,3486,318,342,93.0,341,360,94.7,55,86,64.0,0,0.8,1.4,-0.8,17,85,4,0,71,Matches
474,Dani Rodríguez,es ESP,"MF,FW",Mallorca,36-339,1988,22.7,481,693,69.4,8032,2467,249,305,81.6,165,219,75.3,52,124,41.9,7,3.0,3.3,+4.0,31,42,16,6,75,Matches
475,Daniel Rodriguez,es ESP,FW,Barcelona,19-275,2005,0.4,15,20,75.0,202,28,9,11,81.8,6,8,75.0,0,1,0.0,0,0.0,0.0,0.0,0,0,2,0,2,Matches
Rk,Player,Nation,Pos,Squad,Age,Born,90s,Cmp,Att,Cmp%,TotDist,PrgDist,Cmp,Att,Cmp%,Cmp,Att,Cmp%,Cmp,Att,Cmp%,Ast,xAG,xA,A-xAG,KP,1/3,PPA,CrsPA,PrgP,Matches
476,James Rodríguez,co COL,"MF,FW",Rayo Vallecano,33-303,1991,1.6,78,98,79.6,1368,440,40,44,90.9,21,25,84.0,13,24,54.2,0,0.2,0.3,-0.2,2,12,1,0,13,Matches
477,Javi Rodríguez,es ESP,DF,Celta Vigo,21-319,2003,24.9,1292,1502,86.0,23415,7139,493,536,92.0,671,735,91.3,113,188,60.1,2,0.9,0.9,+1.1,11,95,10,1,100,Matches
478,Jesus Rodríguez,es ESP,FW,Betis,19-171,2005,10.8,216,294,73.5,2754,848,142,172,82.6,49,69,71.0,8,12,66.7,0,0.2,0.6,-0.2,8,14,17,2,32,Matches
479,Kirian Rodríguez,es ESP,MF,Las Palmas,29-067,1996,19.5,1026,1204,85.2,16191,4876,546,597,91.5,379,429,88.3,75,120,62.5,3,1.5,1.4,+1.5,16,106,14,1,128,Matches
480,Ricardo Rodríguez,ch SUI,DF,Betis,32-259,1992,12.3,540,661,81.7,8034,2808,315,338,93.2,186,244,76.2,24,53,45.3,0,0.3,0.6,-0.3,6,40,8,5,55,Matches
481,Rodrygo,br BRA,"FW,MF",Real Madrid,24-122,2001,21.4,939,1093,85.9,12276,3000,619,652,94.9,234,272,86.0,35,85,41.2,5,3.0,4.2,+2.0,49,66,26,2,108,Matches
482,Leo Román,es ESP,GK,Mallorca,24-309,2000,6.0,120,206,58.3,4073,3278,8,8,100.0,57,59,96.6,55,139,39.6,0,0.0,0.0,0.0,0,4,0,0,0,Matches
483,Carlos Romero,es ESP,DF,Espanyol,23-194,2001,24.4,606,840,72.1,10032,3660,298,362,82.3,254,318,79.9,44,109,40.4,1,1.3,1.6,-0.3,23,41,21,8,58,Matches
484,Isaac Romero,es ESP,FW,Sevilla,24-358,2000,23.9,310,441,70.3,4995,703,172,222,77.5,92,130,70.8,31,43,72.1,2,2.1,2.2,-0.1,20,20,11,4,29,Matches
485,Luka Romero,ar ARG,"FW,MF",Alavés,20-174,2004,2.2,34,49,69.4,515,110,18,24,75.0,14,14,100.0,1,8,12.5,0,0.2,0.4,-0.2,4,0,1,1,0,Matches
486,Oriol Romeu,es ESP,MF,Girona,33-229,1991,13.8,737,818,90.1,12790,2801,324,349,92.8,343,367,93.5,60,77,77.9,0,0.3,0.7,-0.3,8,75,2,1,69,Matches
487,Vitor Roque,br BRA,FW,Betis,20-072,2005,13.7,142,195,72.8,1986,451,73,96,76.0,49,61,80.3,6,8,75.0,0,1.2,0.7,-1.2,12,4,10,3,17,Matches
488,Valentin Rosier,fr FRA,DF,Leganés,28-265,1996,27.1,881,1125,78.3,13586,5265,484,529,91.5,323,405,79.8,47,117,40.2,2,1.1,1.2,+0.9,11,62,17,4,68,Matches
489,Antonio Rüdiger,de GER,DF,Real Madrid,32-069,1993,25.5,1706,1858,91.8,32076,10610,644,666,96.7,875,919,95.2,168,239,70.3,0,0.5,0.9,-0.5,7,117,6,1,94,Matches
490,Aitor Ruibal,es ESP,"DF,FW",Betis,29-050,1996,11.0,342,426,80.3,5133,2009,187,199,94.0,121,149,81.2,23,48,47.9,3,2.1,1.3,+0.9,18,28,10,5,37,Matches
491,Abel Ruiz,es ESP,FW,Girona,25-103,2000,13.6,215,245,87.8,3252,425,124,135,91.9,75,79,94.9,14,21,66.7,0,0.4,0.7,-0.4,7,14,5,0,20,Matches
492,Ferrán Ruiz,es ESP,MF,Girona,22-015,2003,0.2,3,6,50.0,39,15,2,3,66.7,1,3,33.3,0,0,,0,0.0,0.0,0.0,0,0,0,0,1,Matches
493,Youssouf Sabaly,sn SEN,DF,Betis,32-067,1993,17.3,849,980,86.6,11673,4197,526,558,94.3,277,327,84.7,21,45,46.7,1,0.8,0.9,+0.2,10,49,7,5,60,Matches
494,Umar Sadiq,ng NGA,FW,Valencia,28-098,1997,7.5,107,150,71.3,1494,204,66,86,76.7,33,43,76.7,3,5,60.0,0,0.7,0.4,-0.7,6,3,0,0,7,Matches
495,Umar Sadiq,ng NGA,FW,Real Sociedad,28-098,1997,2.5,25,48,52.1,349,77,17,28,60.7,6,10,60.0,1,2,50.0,0,0.2,0.1,-0.2,1,2,0,0,5,Matches
496,Jorge Sáenz,es ESP,DF,Leganés,28-175,1996,14.8,589,706,83.4,11819,4477,194,205,94.6,329,356,92.4,61,132,46.2,0,0.1,0.2,-0.1,2,23,1,0,26,Matches
497,Jan Salas,es ESP,MF,Mallorca,19-274,2005,0.3,13,16,81.3,162,36,7,7,100.0,5,6,83.3,0,0,,0,0.0,0.0,0.0,0,3,0,0,1,Matches
498,Kike Salas,es ESP,DF,Sevilla,23-018,2002,22.4,1029,1320,78.0,19474,6967,400,445,89.9,529,616,85.9,94,233,40.3,2,0.6,0.8,+1.4,6,66,3,1,57,Matches
499,Albert Sambi Lokonga,be BEL,MF,Sevilla,25-201,1999,15.6,770,861,89.4,12596,3721,397,422,94.1,305,333,91.6,53,81,65.4,2,0.9,0.8,+1.1,18,78,7,0,86,Matches
500,Chuky san jose,es ESP,MF,Valladolid,21-012,2004,7.8,107,155,69.0,1823,518,56,68,82.4,33,46,71.7,15,28,53.6,0,1.2,1.5,-1.2,8,8,5,3,13,Matches
Rk,Player,Nation,Pos,Squad,Age,Born,90s,Cmp,Att,Cmp%,TotDist,PrgDist,Cmp,Att,Cmp%,Cmp,Att,Cmp%,Cmp,Att,Cmp%,Ast,xAG,xA,A-xAG,KP,1/3,PPA,CrsPA,PrgP,Matches
501,Oihan Sancet,es ESP,MF,Athletic Club,25-016,2000,16.3,424,521,81.4,6434,1541,244,281,86.8,148,176,84.1,22,34,64.7,1,1.4,1.3,-0.4,17,62,14,1,85,Matches
502,Antonio Sánchez,es ESP,"MF,DF",Mallorca,28-130,1997,13.8,345,477,72.3,5777,1685,172,203,84.7,123,163,75.5,35,70,50.0,0,0.6,0.8,-0.6,5,32,7,3,36,Matches
503,Iván Sánchez,es ESP,"MF,FW",Valladolid,32-230,1992,14.3,376,525,71.6,6777,2123,181,202,89.6,132,179,73.7,54,113,47.8,1,2.1,2.2,-1.1,20,44,19,11,68,Matches
504,Javi Sánchez,es ESP,DF,Valladolid,28-058,1997,22.5,1015,1163,87.3,20366,7564,316,332,95.2,582,612,95.1,112,196,57.1,0,0.3,0.4,-0.3,6,42,1,0,34,Matches
505,Juanlu Sánchez,es ESP,"MF,DF",Sevilla,21-269,2003,16.5,463,567,81.7,6732,1749,271,304,89.1,182,210,86.7,6,19,31.6,4,2.5,1.5,+1.5,22,42,11,5,55,Matches
506,Manu Sánchez,es ESP,DF,Alavés,24-260,2000,25.5,715,995,71.9,11406,4394,375,435,86.2,287,374,76.7,40,118,33.9,0,0.7,1.2,-0.7,13,49,20,12,73,Matches
507,Maroan Sannadi,es ESP,FW,Athletic Club,24-099,2001,5.7,79,109,72.5,1012,208,51,60,85.0,20,28,71.4,3,8,37.5,1,0.6,0.6,+0.4,7,8,8,0,14,Matches
508,Jesús Santiago,es ESP,MF,Getafe,20-351,2004,3.6,80,114,70.2,1207,358,47,62,75.8,27,34,79.4,3,12,25.0,0,0.0,0.2,0.0,0,9,0,0,12,Matches
509,Aleksandar Sedlar,rs SRB,DF,Alavés,33-149,1991,5.7,170,208,81.7,3465,1294,50,56,89.3,92,110,83.6,26,37,70.3,0,0.0,0.0,0.0,0,13,0,0,12,Matches
510,Sergi,es ESP,DF,Leganés,33-021,1992,31.4,1211,1455,83.2,23978,9423,382,412,92.7,668,725,92.1,151,283,53.4,0,0.4,0.5,-0.4,5,56,5,0,76,Matches
511,Nicolás Serrano,es ESP,FW,Athletic Club,22-067,2003,1.2,25,44,56.8,342,90,14,18,77.8,11,15,73.3,0,9,0.0,0,0.0,0.1,0.0,1,2,1,1,4,Matches
512,Fábio Silva,pt POR,FW,Las Palmas,22-296,2002,20.7,309,466,66.3,4149,710,181,250,72.4,83,125,66.4,16,29,55.2,3,2.0,1.8,+1.0,16,13,14,3,26,Matches
513,Rui Silva,pt POR,GK,Betis,31-093,1994,15.0,412,524,78.6,10283,6196,66,66,100.0,250,250,100.0,93,203,45.8,0,0.1,0.0,-0.1,2,5,0,0,0,Matches
514,Giuliano Simeone,ar ARG,MF,Atlético Madrid,22-144,2002,19.7,563,742,75.9,6758,2000,401,463,86.6,118,166,71.1,11,30,36.7,6,4.5,4.3,+1.5,22,30,25,10,47,Matches
515,Unai Simón,es ESP,GK,Athletic Club,27-334,1997,17.0,367,536,68.5,10829,8708,44,44,100.0,202,206,98.1,121,282,42.9,0,0.0,0.0,0.0,0,7,0,0,0,Matches
516,Daley Sinkgraven,nl NED,DF,Las Palmas,29-311,1995,1.0,50,66,75.8,682,211,31,31,100.0,17,25,68.0,1,7,14.3,0,0.0,0.0,0.0,1,2,1,0,3,Matches
517,Jailson Siqueira,br BRA,"DF,MF",Celta Vigo,29-246,1995,6.8,435,481,90.4,7809,2959,162,173,93.6,238,252,94.4,32,46,69.6,0,0.0,0.1,0.0,1,33,0,0,43,Matches
518,Antonio Sivera,es ESP,GK,Alavés,28-273,1996,27.2,469,844,55.6,19452,17273,36,36,100.0,145,147,98.6,286,656,43.6,0,0.1,0.1,-0.1,1,35,1,0,1,Matches
519,Justin Smith,ca CAN,MF,Espanyol,22-096,2003,2.3,40,61,65.6,654,165,16,25,64.0,20,26,76.9,2,6,33.3,0,0.0,0.0,0.0,1,3,0,0,6,Matches
520,Alex Sola,es ESP,"MF,FW",Getafe,25-336,1999,11.4,155,242,64.0,2177,529,100,125,80.0,39,59,66.1,9,29,31.0,1,0.7,0.8,+0.3,9,12,2,1,23,Matches
521,Arnau Solà,es ESP,MF,Villarreal,22-037,2003,0.1,1,2,50.0,11,3,1,2,50.0,0,0,,0,0,,0,0.0,0.0,0.0,0,0,0,0,0,Matches
522,Jhon Solis,co COL,MF,Girona,20-220,2004,5.3,245,270,90.7,3727,858,130,135,96.3,104,115,90.4,7,11,63.6,0,0.1,0.3,-0.1,2,26,1,1,28,Matches
523,David Soria,es ESP,GK,Getafe,32-037,1993,35.0,475,943,50.4,20556,18298,29,29,100.0,131,133,98.5,314,775,40.5,0,0.0,0.1,0.0,0,49,1,0,1,Matches
524,Juan Soriano,es ESP,GK,Leganés,27-261,1997,6.0,98,185,53.0,3513,2922,17,17,100.0,35,35,100.0,46,133,34.6,0,0.0,0.0,0.0,0,0,0,0,0,Matches
525,Hugo Sotelo,es ESP,MF,Celta Vigo,21-143,2003,13.9,872,1016,85.8,16248,4269,350,370,94.6,400,436,91.7,102,170,60.0,0,1.7,1.8,-1.7,19,100,12,3,83,Matches
Rk,Player,Nation,Pos,Squad,Age,Born,90s,Cmp,Att,Cmp%,TotDist,PrgDist,Cmp,Att,Cmp%,Cmp,Att,Cmp%,Cmp,Att,Cmp%,Ast,xAG,xA,A-xAG,KP,1/3,PPA,CrsPA,PrgP,Matches
526,Djibril Sow,ch SUI,MF,Sevilla,28-094,1997,20.7,802,903,88.8,12919,3223,404,442,91.4,332,360,92.2,49,65,75.4,1,1.6,0.9,-0.6,21,78,10,1,92,Matches
527,Carl Starfelt,se SWE,DF,Celta Vigo,29-344,1995,25.2,1539,1643,93.7,27778,9742,555,579,95.9,895,937,95.5,80,105,76.2,0,0.2,0.2,-0.2,6,56,1,0,66,Matches
528,Orri Steinn Óskarsson,is ISL,FW,Real Sociedad,20-255,2004,10.5,104,197,52.8,1158,178,72,113,63.7,22,38,57.9,0,6,0.0,0,0.2,0.5,-0.2,5,4,3,1,9,Matches
529,Stoichkov,es ESP,"MF,FW",Alavés,31-187,1993,7.8,132,214,61.7,2161,697,61,82,74.4,50,73,68.5,14,33,42.4,1,1.2,0.7,-0.2,7,16,10,1,26,Matches
530,Cristhian Stuani,uy URU,FW,Girona,38-211,1986,10.0,84,122,68.9,1081,109,54,68,79.4,24,39,61.5,2,6,33.3,2,0.6,1.0,+1.4,6,0,2,0,7,Matches
531,Álex Suárez,es ESP,DF,Las Palmas,32-054,1993,26.6,1131,1314,86.1,21098,7727,399,420,95.0,630,684,92.1,85,172,49.4,0,0.1,0.2,-0.1,3,49,3,0,52,Matches
532,Denis Suárez,es ESP,MF,Villarreal,31-125,1994,5.9,179,235,76.2,2864,944,102,117,87.2,53,64,82.8,17,35,48.6,1,1.4,1.6,-0.4,13,14,6,2,27,Matches
533,Luka Sučić,hr CRO,MF,Real Sociedad,22-245,2002,18.5,670,816,82.1,10646,2099,351,392,89.5,248,282,87.9,49,81,60.5,1,1.8,2.0,-0.8,23,48,12,2,75,Matches
534,Suso,es ESP,"FW,MF",Sevilla,31-173,1993,3.9,182,243,74.9,3077,1049,88,96,91.7,68,82,82.9,19,46,41.3,1,0.8,0.8,+0.2,17,29,9,2,33,Matches
535,Williot Swedberg,se SWE,"FW,MF",Celta Vigo,21-099,2004,13.8,251,345,72.8,3534,709,152,187,81.3,69,94,73.4,14,23,60.9,4,2.3,1.9,+1.7,14,16,11,1,27,Matches
536,Mamadou Sylla,sn SEN,"FW,MF",Valladolid,31-052,1994,16.5,162,259,62.5,2467,388,93,125,74.4,54,87,62.1,9,14,64.3,1,1.7,0.6,-0.7,14,11,5,0,20,Matches
537,Wojciech Szczęsny,pl POL,GK,Barcelona,35-023,1990,13.0,356,400,89.0,7863,4831,73,73,100.0,227,230,98.7,54,93,58.1,0,0.0,0.0,0.0,0,0,0,0,0,Matches
538,Alexander Sørloth,no NOR,FW,Atlético Madrid,29-157,1995,15.6,205,323,63.5,2615,536,126,193,65.3,56,82,68.3,5,7,71.4,2,1.6,0.6,+0.4,13,17,8,1,26,Matches
539,Renato Tapia,pe PER,"MF,DF",Leganés,29-287,1995,23.2,681,882,77.2,12087,3904,328,379,86.5,272,320,85.0,70,134,52.2,0,0.4,0.7,-0.4,7,61,8,0,62,Matches
540,César Tárrega,es ESP,DF,Valencia,23-074,2002,30.6,1230,1463,84.1,23450,8154,411,443,92.8,706,768,91.9,107,215,49.8,0,0.1,0.2,-0.1,3,74,1,0,72,Matches
541,Aurélien Tchouaméni,fr FRA,"DF,MF",Real Madrid,25-104,2000,27.3,1759,1903,92.4,30779,10048,742,776,95.6,870,923,94.3,128,167,76.6,0,0.6,0.9,-0.6,5,162,9,1,150,Matches
542,Álvaro Tejero,es ESP,"MF,DF",Espanyol,28-295,1996,13.2,408,572,71.3,7469,2794,174,195,89.2,175,215,81.4,48,121,39.7,4,2.7,3.2,+1.3,30,25,18,11,42,Matches
543,Martín Tejón,es ESP,"MF,DF",Valencia,21-029,2004,0.5,20,26,76.9,328,95,10,12,83.3,8,10,80.0,1,2,50.0,0,0.0,0.0,0.0,1,2,0,0,4,Matches
544,Nahuel Tenaglia,ar ARG,DF,Alavés,29-079,1996,29.3,918,1257,73.0,16009,7351,413,482,85.7,428,558,76.7,66,155,42.6,1,1.5,1.3,-0.5,18,80,19,9,94,Matches
545,Marc-André ter Stegen,de GER,GK,Barcelona,33-011,1992,6.5,211,228,92.5,5304,3656,22,22,100.0,140,142,98.6,49,64,76.6,0,0.0,0.0,0.0,0,1,1,0,2,Matches
546,Ramón Terrats,es ESP,"MF,FW",Villarreal,24-205,2000,1.5,64,79,81.0,1157,305,28,29,96.6,27,35,77.1,7,12,58.3,0,0.3,0.4,-0.3,1,7,2,1,7,Matches
547,Ramón Terrats,es ESP,"MF,FW",Getafe,24-205,2000,11.1,196,296,66.2,3193,976,105,125,84.0,66,96,68.8,17,55,30.9,0,1.7,0.7,-1.7,11,26,6,0,34,Matches
548,Raúl de Tomás,es ESP,"DF,FW",Rayo Vallecano,30-206,1994,0.2,5,6,83.3,50,0,4,4,100.0,0,1,0.0,0,0,,0,0.0,0.0,0.0,0,0,0,0,0,Matches
549,Pablo Torre,es ESP,"MF,FW",Barcelona,22-038,2003,3.4,180,220,81.8,2702,678,96,108,88.9,65,73,89.0,11,21,52.4,1,0.8,1.3,+0.2,8,13,4,1,17,Matches
550,David Torres,es ESP,DF,Valladolid,22-067,2003,15.4,589,714,82.5,11231,4594,193,205,94.1,335,373,89.8,59,115,51.3,0,0.0,0.1,0.0,1,27,1,1,37,Matches
Rk,Player,Nation,Pos,Squad,Age,Born,90s,Cmp,Att,Cmp%,TotDist,PrgDist,Cmp,Att,Cmp%,Cmp,Att,Cmp%,Cmp,Att,Cmp%,Ast,xAG,xA,A-xAG,KP,1/3,PPA,CrsPA,PrgP,Matches
551,Ferrán Torres,es ESP,"FW,MF",Barcelona,25-071,2000,11.3,249,337,73.9,3232,754,153,181,84.5,68,87,78.2,11,30,36.7,3,2.0,1.8,+1.0,16,17,18,2,35,Matches
552,Lucas Torró,es ESP,MF,Osasuna,30-296,1994,29.4,966,1271,76.0,16507,4751,454,575,79.0,398,484,82.2,86,152,56.6,0,0.9,1.6,-0.9,9,109,4,0,103,Matches
553,Hamari Traoré,ml MLI,DF,Real Sociedad,33-104,1992,6.4,324,391,82.9,5622,1930,151,164,92.1,141,172,82.0,31,47,66.0,1,0.2,0.4,+0.8,2,15,4,1,24,Matches
554,Óscar Trejo,ar ARG,MF,Rayo Vallecano,37-015,1988,5.4,244,292,83.6,3202,737,162,177,91.5,60,75,80.0,10,20,50.0,0,0.9,0.3,-0.9,7,29,5,0,35,Matches
555,Viktor Tsyhankov,ua UKR,"FW,MF",Girona,27-177,1997,18.3,575,767,75.0,8706,2346,324,372,87.1,167,225,74.2,46,103,44.7,4,2.9,4.2,+1.1,30,33,23,6,62,Matches
556,Beñat Turrientes,es ESP,MF,Real Sociedad,23-100,2002,9.4,332,376,88.3,5691,1201,166,181,91.7,120,130,92.3,34,49,69.4,0,0.2,0.4,-0.2,3,34,2,1,38,Matches
557,Chrisantus Uche,ng NGA,"FW,MF",Getafe,21-357,2003,24.8,351,536,65.5,4622,1113,224,299,74.9,94,144,65.3,10,28,35.7,5,2.0,2.4,+3.0,25,32,14,3,43,Matches
558,Naci Ünüvar,nl NED,"MF,DF",Espanyol,21-332,2003,0.3,13,18,72.2,193,38,7,8,87.5,3,3,100.0,2,4,50.0,0,0.0,0.1,0.0,1,1,1,1,1,Matches
559,Óscar Valentín,es ESP,MF,Rayo Vallecano,30-264,1994,19.5,659,799,82.5,10363,3655,339,379,89.4,270,313,86.3,38,68,55.9,0,0.8,1.1,-0.8,11,69,6,1,84,Matches
560,Germán Valera,es ESP,MF,Valencia,23-056,2002,1.6,34,47,72.3,474,50,20,24,83.3,13,14,92.9,1,7,14.3,0,0.0,0.0,0.0,1,3,0,0,2,Matches
561,Martin Valjent,sk SVK,DF,Mallorca,29-151,1995,28.7,1090,1275,85.5,20435,7847,404,441,91.6,549,586,93.7,119,208,57.2,0,0.1,0.4,-0.1,4,76,4,0,85,Matches
562,Jesús Vallejo,es ESP,DF,Real Madrid,28-126,1997,0.1,12,14,85.7,221,54,1,1,100.0,11,11,100.0,0,2,0.0,0,0.0,0.0,0.0,0,0,0,0,0,Matches
563,Federico Valverde,uy URU,"MF,DF",Real Madrid,26-293,1998,29.7,1760,1965,89.6,30938,9136,838,896,93.5,697,743,93.8,181,237,76.4,4,3.0,2.9,+1.0,35,203,28,2,199,Matches
564,Siebe Van Der Heyden,be BEL,"DF,MF",Mallorca,26-346,1998,1.1,65,73,89.0,1164,308,31,33,93.9,26,30,86.7,7,9,77.8,0,0.1,0.1,-0.1,1,7,1,1,5,Matches
565,Ruben Vargas,ch SUI,"FW,MF",Sevilla,26-279,1998,7.5,166,247,67.2,2714,696,94,113,83.2,51,74,68.9,16,39,41.0,1,0.8,0.9,+0.2,13,11,9,5,14,Matches
566,José Luis García Vayá,es ESP,MF,Valencia,26-273,1998,18.3,922,1176,78.4,17413,5936,397,442,89.8,378,452,83.6,126,232,54.3,2,2.1,2.5,-0.1,31,156,6,3,135,Matches
567,Jesus Vazquez,es ESP,DF,Valencia,22-129,2003,9.2,307,402,76.4,4255,1209,191,211,90.5,103,134,76.9,8,26,30.8,0,0.6,0.6,-0.6,3,16,3,2,20,Matches
568,Lucas Vázquez,es ESP,DF,Real Madrid,33-314,1991,22.4,1333,1530,87.1,20361,4906,715,769,93.0,518,590,87.8,66,102,64.7,5,4.6,3.9,+0.4,32,63,26,2,95,Matches
569,Alejo Véliz,ar ARG,FW,Espanyol,21-234,2003,11.2,112,169,66.3,1483,163,72,96,75.0,27,44,61.4,7,9,77.8,0,0.5,0.1,-0.5,2,8,0,0,7,Matches
570,Mikel Vesga,es ESP,MF,Athletic Club,31-355,1993,9.8,388,478,81.2,6856,1981,169,190,88.9,175,211,82.9,39,61,63.9,0,0.6,0.6,-0.6,11,46,4,0,58,Matches
571,Carlos Vicente,es ESP,"FW,MF",Alavés,26-018,1999,30.4,630,991,63.6,10683,3653,335,426,78.6,215,316,68.0,69,159,43.4,5,5.1,5.3,-0.1,57,34,34,28,62,Matches
572,Pau Victor Delgado,es ESP,FW,Barcelona,23-166,2001,3.3,94,116,81.0,1357,212,53,59,89.8,34,43,79.1,4,5,80.0,1,0.8,0.4,+0.2,7,4,3,0,10,Matches
573,Nacho Vidal,es ESP,DF,Osasuna,30-107,1995,1.4,37,49,75.5,613,304,21,23,91.3,8,11,72.7,7,11,63.6,0,0.0,0.0,0.0,0,1,0,0,1,Matches
574,Fran Vieites,es ESP,GK,Betis,26-004,1999,4.0,76,119,63.9,2047,1345,15,15,100.0,37,37,100.0,24,67,35.8,0,0.0,0.0,0.0,0,2,0,0,0,Matches
575,Asier Villalibre,es ESP,FW,Alavés,27-223,1997,3.5,42,65,64.6,622,143,27,36,75.0,12,22,54.5,3,4,75.0,1,1.0,0.3,0.0,1,3,4,0,7,Matches
Rk,Player,Nation,Pos,Squad,Age,Born,90s,Cmp,Att,Cmp%,TotDist,PrgDist,Cmp,Att,Cmp%,Cmp,Att,Cmp%,Cmp,Att,Cmp%,Ast,xAG,xA,A-xAG,KP,1/3,PPA,CrsPA,PrgP,Matches
576,Iván Villar,es ESP,GK,Celta Vigo,27-306,1997,4.0,95,117,81.2,1704,1111,30,30,100.0,44,44,100.0,10,32,31.3,0,0.0,0.0,0.0,0,0,0,0,0,Matches
577,Viti,es ESP,DF,Las Palmas,27-237,1997,20.5,704,871,80.8,11525,4070,337,369,91.3,311,385,80.8,42,75,56.0,2,1.4,1.3,+0.6,12,38,13,8,44,Matches
578,Daniel Vivian,es ESP,DF,Athletic Club,25-300,1999,25.7,1346,1549,86.9,27792,10528,356,394,90.4,822,873,94.2,162,255,63.5,0,0.4,0.7,-0.4,10,151,8,3,157,Matches
579,Iñaki Williams,gh GHA,FW,Athletic Club,30-330,1994,29.0,515,818,63.0,7816,2275,289,387,74.7,192,285,67.4,23,76,30.3,8,7.5,4.9,+0.5,42,38,51,15,76,Matches
580,Nico Williams,es ESP,FW,Athletic Club,22-303,2002,21.3,486,687,70.7,7609,1765,278,333,83.5,157,208,75.5,37,85,43.5,5,3.5,4.1,+1.5,39,23,28,8,68,Matches
581,Axel Witsel,be BEL,DF,Atlético Madrid,36-119,1989,8.5,443,492,90.0,8151,3042,159,175,90.9,248,270,91.9,33,40,82.5,1,0.5,0.6,+0.5,2,16,0,0,18,Matches
582,Lamine Yamal,es ESP,FW,Barcelona,17-302,2007,27.7,970,1305,74.3,13667,3943,602,701,85.9,280,387,72.4,47,102,46.1,12,12.4,10.1,-0.4,57,69,86,14,142,Matches
583,Daniel Yáñez,es ESP,FW,Real Madrid,18-044,2007,0.0,0,0,,0,0,0,0,,0,0,,0,0,,0,0.0,0.0,0.0,0,0,0,0,0,Matches
584,Bertuğ Yıldırım,tr TUR,FW,Getafe,22-303,2002,11.8,98,182,53.8,1284,287,54,96,56.3,30,50,60.0,4,9,44.4,0,1.2,0.6,-1.2,8,9,9,3,14,Matches
585,Arsen Zakharyan,ru RUS,"MF,FW",Real Sociedad,21-350,2003,0.8,28,33,84.8,451,106,17,20,85.0,6,7,85.7,4,5,80.0,0,0.1,0.1,-0.1,1,3,1,0,3,Matches
586,Bryan Zaragoza,es ESP,"FW,MF",Osasuna,24-016,2001,16.9,287,448,64.1,5166,1402,131,168,78.0,109,166,65.7,40,81,49.4,5,2.7,4.5,+2.3,26,20,25,15,40,Matches
587,Igor Zubeldia,es ESP,DF,Real Sociedad,28-042,1997,23.2,1152,1348,85.5,22590,7009,355,393,90.3,692,738,93.8,98,188,52.1,0,0.4,0.5,-0.4,4,85,6,0,93,Matches
588,Martín Zubimendi,es ESP,MF,Real Sociedad,26-098,1999,30.7,1371,1647,83.2,23552,6886,633,723,87.6,606,689,88.0,107,168,63.7,1,1.0,1.2,0.0,17,157,22,1,180,Matches
