Unnamed: 0_level_0,Unnamed: 1_level_0,Unnamed: 2_level_0,Unnamed: 3_level_0,Unnamed: 4_level_0,Unnamed: 5_level_0,Unnamed: 6_level_0,Playing Time,Playing Time,Playing Time,Playing Time,Performance,Performance,Performance,Performance,Performance,Performance,Performance,Performance,Expected,Expected,Expected,Expected,Progression,Progression,Progression,Per 90 Minutes,Per 90 Minutes,Per 90 Minutes,Per 90 Minutes,Per 90 Minutes,Per 90 Minutes,Per 90 Minutes,Per 90 Minutes,Per 90 Minutes,Per 90 Minutes,Unnamed: 36_level_0
Rk,Player,Nation,Pos,Squad,Age,Born,MP,Starts,Min,90s,Gls,Ast,G+A,G-PK,PK,PKatt,CrdY,CrdR,xG,npxG,xAG,npxG+xAG,PrgC,PrgP,PrgR,Gls,Ast,G+A,G-PK,G+A-PK,xG,xAG,xG+xAG,npxG,npxG+xAG,Matches
1,Keyliane Abdallah,fr FRA,FW,Marseille,19-037,2006,1,0,3,0.0,0,0,0,0,0,0,0,0,0.0,0.0,0.0,0.0,1,0,0,0.00,0.00,0.00,0.00,0.00,0.00,0.00,0.00,0.00,0.00,Matches
2,Yunis Abdelhamid,ma MAR,DF,Saint-Étienne,37-226,1987,15,11,988,11.0,0,0,0,0,0,0,2,0,0.2,0.2,0.1,0.4,4,22,3,0.00,0.00,0.00,0.00,0.00,0.02,0.01,0.03,0.02,0.03,Matches
3,Himad Abdelli,dz ALG,"MF,FW",Angers,25-176,1999,31,31,2752,30.6,6,1,7,3,3,4,4,0,6.3,3.1,3.1,6.2,102,199,109,0.20,0.03,0.23,0.10,0.13,0.21,0.10,0.31,0.10,0.20,Matches
4,Mohamed Abdelmoneim,eg EGY,DF,Nice,26-100,1999,12,10,855,9.5,0,0,0,0,0,0,2,0,0.0,0.0,0.0,0.0,6,52,5,0.00,0.00,0.00,0.00,0.00,0.00,0.00,0.00,0.00,0.00,Matches
5,Ali Abdi,tn TUN,"DF,MF",Nice,31-143,1993,24,17,1387,15.4,4,2,6,4,0,0,2,0,3.4,3.4,1.8,5.2,34,42,99,0.26,0.13,0.39,0.26,0.39,0.22,0.12,0.34,0.22,0.34,Matches
6,Matthis Abline,fr FRA,FW,Nantes,22-045,2003,33,32,2678,29.8,8,2,10,7,1,1,3,0,7.9,7.1,3.8,10.9,70,44,161,0.27,0.07,0.34,0.24,0.30,0.27,0.13,0.39,0.24,0.37,Matches
7,Abner,br BRA,DF,Lyon,24-350,2000,18,12,1089,12.1,1,1,2,1,0,0,1,0,0.6,0.6,1.1,1.7,31,66,55,0.08,0.08,0.17,0.08,0.17,0.05,0.09,0.14,0.05,0.14,Matches
8,Zakaria Aboukhlal,ma MAR,"MF,FW",Toulouse,25-083,2000,25,22,1869,20.8,7,2,9,6,1,2,4,0,10.1,8.5,1.6,10.1,33,22,160,0.34,0.10,0.43,0.29,0.39,0.49,0.08,0.56,0.41,0.49,Matches
9,Akor Adams,ng NGA,FW,Montpellier,25-103,2000,15,13,1075,11.9,3,1,4,3,0,0,2,0,4.3,4.3,1.0,5.3,11,6,45,0.25,0.08,0.33,0.25,0.33,0.36,0.08,0.44,0.36,0.44,Matches
10,Martin Adeline,fr FRA,MF,Reims,21-161,2003,1,0,26,0.3,0,0,0,0,0,0,0,0,0.0,0.0,0.0,0.0,1,0,1,0.00,0.00,0.00,0.00,0.00,0.00,0.00,0.00,0.00,0.00,Matches
11,Adryelson,br BRA,DF,Lyon,27-050,1998,1,0,1,0.0,0,0,0,0,0,0,1,0,0.0,0.0,0.0,0.0,0,1,0,0.00,0.00,0.00,0.00,0.00,0.00,0.00,0.00,0.00,0.00,Matches
12,Emmanuel Agbadou,ci CIV,DF,Reims,27-329,1997,14,14,1260,14.0,0,0,0,0,0,0,3,0,0.5,0.5,0.3,0.8,10,77,0,0.00,0.00,0.00,0.00,0.00,0.04,0.02,0.06,0.04,0.06,Matches
13,Jeremy Agbonifo,se SWE,"FW,MF",Lens,19-200,2005,8,1,300,3.3,1,0,1,1,0,0,1,0,0.7,0.7,0.2,0.9,13,6,36,0.30,0.00,0.30,0.30,0.30,0.21,0.06,0.26,0.21,0.26,Matches
14,Ruben Aguilar,fr FRA,"DF,MF",Lens,32-016,1993,15,12,1045,11.6,1,1,2,1,0,0,4,0,0.7,0.7,1.3,2.1,32,67,91,0.09,0.09,0.17,0.09,0.17,0.06,0.12,0.18,0.06,0.18,Matches
15,Naouirou Ahamada,fr FRA,"MF,FW",Rennes,23-044,2002,3,0,58,0.6,0,0,0,0,0,0,0,0,0.0,0.0,0.0,0.0,2,1,1,0.00,0.00,0.00,0.00,0.00,0.03,0.00,0.03,0.03,0.03,Matches
16,Jean-Eudes Aholou,ci CIV,MF,Angers,31-053,1994,26,26,1959,21.8,2,0,2,2,0,0,7,0,1.8,1.8,1.0,2.8,15,68,16,0.09,0.00,0.09,0.09,0.09,0.08,0.05,0.13,0.08,0.13,Matches
17,Ayman Aiki,fr FRA,"FW,MF",Saint-Étienne,19-321,2005,5,1,127,1.4,0,0,0,0,0,0,0,0,0.1,0.1,0.0,0.1,4,5,8,0.00,0.00,0.00,0.00,0.00,0.07,0.02,0.09,0.07,0.09,Matches
18,Ludovic Ajorque,fr FRA,FW,Brest,31-076,1994,30,28,2413,26.8,13,2,15,13,0,1,5,0,10.1,9.3,3.1,12.4,10,41,121,0.48,0.07,0.56,0.48,0.56,0.38,0.11,0.49,0.35,0.46,Matches
19,Ümit Akdag,ro ROU,DF,Toulouse,21-218,2003,8,6,495,5.5,0,0,0,0,0,0,2,0,0.1,0.1,0.1,0.1,4,29,9,0.00,0.00,0.00,0.00,0.00,0.01,0.01,0.03,0.01,0.03,Matches
20,Sergio Akieme,es ESP,DF,Reims,27-147,1997,29,28,2433,27.0,1,3,4,1,0,0,5,0,1.4,1.4,2.5,4.0,54,86,93,0.04,0.11,0.15,0.04,0.15,0.05,0.09,0.15,0.05,0.15,Matches
21,Maghnes Akliouche,fr FRA,"FW,MF",Monaco,23-076,2002,31,27,2398,26.6,5,10,15,4,1,1,2,0,9.2,8.4,7.3,15.7,126,173,226,0.19,0.38,0.56,0.15,0.53,0.35,0.27,0.62,0.32,0.59,Matches
22,Paul Akouokou,ci CIV,MF,Lyon,27-143,1997,2,0,19,0.2,0,0,0,0,0,0,1,0,0.0,0.0,0.0,0.0,0,1,0,0.00,0.00,0.00,0.00,0.00,0.00,0.00,0.00,0.00,0.00,Matches
23,Clément Akpa,ci CIV,DF,Auxerre,23-169,2001,30,28,2416,26.8,0,1,1,0,0,0,7,0,0.3,0.3,0.9,1.2,27,74,24,0.00,0.04,0.04,0.00,0.04,0.01,0.03,0.04,0.01,0.04,Matches
24,Chuba Akpom,eng ENG,FW,Lille,29-215,1995,13,6,621,6.9,2,1,3,2,0,1,0,0,4.2,3.4,0.5,3.9,5,6,36,0.29,0.14,0.43,0.29,0.43,0.61,0.08,0.69,0.49,0.57,Matches
25,Mohamed Ali Cho,fr FRA,"FW,MF",Nice,21-113,2004,27,21,1621,18.0,3,4,7,3,0,0,2,0,4.0,4.0,4.0,7.9,81,59,133,0.17,0.22,0.39,0.17,0.39,0.22,0.22,0.44,0.22,0.44,Matches
Rk,Player,Nation,Pos,Squad,Age,Born,MP,Starts,Min,90s,Gls,Ast,G+A,G-PK,PK,PKatt,CrdY,CrdR,xG,npxG,xAG,npxG+xAG,PrgC,PrgP,PrgR,Gls,Ast,G+A,G-PK,G+A-PK,xG,xAG,xG+xAG,npxG,npxG+xAG,Matches
26,Jim Allevinah,ga GAB,FW,Angers,30-074,1995,28,23,1750,19.4,1,3,4,1,0,0,3,0,4.2,4.2,2.5,6.7,57,48,99,0.05,0.15,0.21,0.05,0.21,0.22,0.13,0.35,0.22,0.35,Matches
27,Thiago Almada,ar ARG,"MF,FW",Lyon,24-016,2001,15,8,874,9.7,1,4,5,1,0,0,3,0,2.0,2.0,2.5,4.5,38,89,45,0.10,0.41,0.51,0.10,0.51,0.20,0.26,0.46,0.20,0.46,Matches
28,Jordan Amavi,fr FRA,DF,Brest,31-064,1994,11,8,790,8.8,0,0,0,0,0,0,2,0,0.3,0.3,0.2,0.4,22,36,21,0.00,0.00,0.00,0.00,0.00,0.03,0.02,0.05,0.03,0.05,Matches
29,Kelvin Amian,fr FRA,DF,Nantes,27-093,1998,29,22,2075,23.1,1,0,1,1,0,0,5,0,0.9,0.9,0.8,1.8,31,68,77,0.04,0.00,0.04,0.04,0.04,0.04,0.04,0.08,0.04,0.08,Matches
30,Michael Amir Murillo,pa PAN,DF,Marseille,29-090,1996,29,26,2347,26.1,1,3,4,1,0,0,2,0,1.5,1.5,3.3,4.8,43,137,98,0.04,0.12,0.15,0.04,0.15,0.06,0.13,0.19,0.06,0.19,Matches
31,Samuel Amo-Ameyaw,eng ENG,"DF,MF",Strasbourg,18-298,2006,8,3,302,3.4,2,0,2,2,0,0,0,0,0.7,0.7,0.6,1.3,11,12,18,0.60,0.00,0.60,0.60,0.60,0.21,0.17,0.37,0.21,0.37,Matches
32,Mathis Amougou,fr FRA,MF,Saint-Étienne,19-114,2006,17,9,859,9.5,0,0,0,0,0,0,2,0,0.5,0.5,0.4,0.8,8,36,17,0.00,0.00,0.00,0.00,0.00,0.05,0.04,0.09,0.05,0.09,Matches
33,Benjamin André,fr FRA,MF,Lille,34-282,1990,29,29,2602,28.9,0,3,3,0,0,0,12,0,1.4,1.4,1.8,3.2,27,199,67,0.00,0.10,0.10,0.00,0.10,0.05,0.06,0.11,0.05,0.11,Matches
34,Kyllian Antonio,fr FRA,"DF,MF",Lens,17-128,2008,3,2,139,1.5,0,0,0,0,0,0,0,0,0.1,0.1,0.0,0.1,1,0,0,0.00,0.00,0.00,0.00,0.00,0.03,0.00,0.03,0.03,0.03,Matches
35,Dennis Appiah,fr FRA,DF,Saint-Étienne,32-337,1992,28,21,2038,22.6,0,1,1,0,0,0,2,0,0.2,0.2,2.1,2.3,46,98,98,0.00,0.04,0.04,0.00,0.04,0.01,0.09,0.10,0.01,0.10,Matches
36,Carlens Arcus,ht HAI,DF,Angers,28-318,1996,27,24,1957,21.7,0,1,1,0,0,0,3,0,0.0,0.0,1.3,1.4,37,69,73,0.00,0.05,0.05,0.00,0.05,0.00,0.06,0.06,0.00,0.06,Matches
37,Hákon Arnar Haraldsson,is ISL,"MF,FW",Lille,22-032,2003,24,20,1665,18.5,5,3,8,5,0,0,3,0,3.8,3.8,2.7,6.4,48,96,136,0.27,0.16,0.43,0.27,0.43,0.20,0.14,0.35,0.20,0.35,Matches
38,Marco Asensio,es ESP,"FW,MF",Paris S-G,29-111,1996,12,8,618,6.9,2,4,6,2,0,0,0,0,5.6,5.6,2.7,8.3,19,36,49,0.29,0.58,0.87,0.29,0.87,0.82,0.39,1.21,0.82,1.21,Matches
39,Lorenz Assignon,tg TOG,"DF,MF",Rennes,24-324,2000,31,26,2267,25.2,3,4,7,3,0,0,8,0,2.2,2.2,3.5,5.7,93,112,199,0.12,0.16,0.28,0.12,0.28,0.09,0.14,0.23,0.09,0.23,Matches
40,Dehmaine Assoumani,fr FRA,"MF,FW",Nantes,20-025,2005,11,0,95,1.1,0,0,0,0,0,0,0,0,0.1,0.1,0.9,1.0,4,1,14,0.00,0.00,0.00,0.00,0.00,0.08,0.81,0.89,0.08,0.89,Matches
41,Valentin Atangana Edoa,fr FRA,MF,Reims,19-260,2005,33,32,2767,30.7,1,0,1,1,0,0,7,0,2.5,2.5,1.1,3.5,40,92,38,0.03,0.00,0.03,0.03,0.03,0.08,0.03,0.11,0.08,0.11,Matches
42,Florian Ayé,fr FRA,FW,Auxerre,28-113,1997,25,4,568,6.3,2,0,2,2,0,0,0,0,1.7,1.7,0.1,1.8,5,6,29,0.32,0.00,0.32,0.32,0.32,0.27,0.02,0.29,0.27,0.29,Matches
43,André Ayew,gh GHA,FW,Le Havre,35-146,1989,26,14,1390,15.4,4,1,5,4,0,0,2,0,4.3,4.3,0.2,4.6,5,18,41,0.26,0.06,0.32,0.26,0.32,0.28,0.01,0.29,0.28,0.29,Matches
44,Neil El Aynaoui,fr FRA,MF,Lens,23-314,2001,23,16,1501,16.7,6,1,7,3,3,3,4,0,3.7,1.4,1.9,3.3,11,72,29,0.36,0.06,0.42,0.18,0.24,0.22,0.12,0.34,0.08,0.20,Matches
45,Shavy Babicka,ga GAB,"MF,FW",Toulouse,24-345,2000,29,11,1181,13.1,4,2,6,4,0,0,2,0,3.4,3.4,1.5,5.0,35,20,120,0.30,0.15,0.46,0.30,0.46,0.26,0.12,0.38,0.26,0.38,Matches
46,Juma Bah,sl SLE,DF,Lens,19-031,2006,9,7,596,6.6,0,0,0,0,0,0,2,0,0.1,0.1,0.2,0.3,3,9,1,0.00,0.00,0.00,0.00,0.00,0.01,0.03,0.04,0.01,0.04,Matches
47,Theo Bair,ca CAN,FW,Auxerre,25-258,1999,29,11,939,10.4,2,1,3,2,0,0,1,0,3.0,3.0,1.2,4.2,15,16,42,0.19,0.10,0.29,0.19,0.29,0.29,0.11,0.40,0.29,0.40,Matches
48,Mitchel Bakker,nl NED,"FW,DF",Lille,24-326,2000,24,14,1139,12.7,3,2,5,3,0,0,3,1,3.0,3.0,2.7,5.6,43,57,120,0.24,0.16,0.40,0.24,0.40,0.23,0.21,0.44,0.23,0.44,Matches
49,Darryl Bakola,fr FRA,"DF,MF",Marseille,17-163,2007,2,0,14,0.2,0,0,0,0,0,0,1,0,0.0,0.0,0.0,0.0,0,0,0,0.00,0.00,0.00,0.00,0.00,0.00,0.00,0.00,0.00,0.00,Matches
50,Dilane Bakwa,fr FRA,"MF,DF",Strasbourg,22-259,2002,29,28,2425,26.9,6,8,14,6,0,0,4,0,4.7,4.7,6.6,11.3,105,125,243,0.22,0.30,0.52,0.22,0.52,0.17,0.25,0.42,0.17,0.42,Matches
Rk,Player,Nation,Pos,Squad,Age,Born,MP,Starts,Min,90s,Gls,Ast,G+A,G-PK,PK,PKatt,CrdY,CrdR,xG,npxG,xAG,npxG+xAG,PrgC,PrgP,PrgR,Gls,Ast,G+A,G-PK,G+A-PK,xG,xAG,xG+xAG,npxG,npxG+xAG,Matches
51,Leonardo Balerdi,ar ARG,DF,Marseille,26-106,1999,26,26,2183,24.3,0,0,0,0,0,0,9,1,0.9,0.9,0.7,1.6,12,103,5,0.00,0.00,0.00,0.00,0.00,0.04,0.03,0.07,0.04,0.07,Matches
52,Fodé Ballo-Touré,sn SEN,DF,Le Havre,28-129,1997,9,8,517,5.7,0,0,0,0,0,0,0,0,0.0,0.0,0.1,0.1,15,13,13,0.00,0.00,0.00,0.00,0.00,0.00,0.02,0.02,0.00,0.02,Matches
53,Folarin Balogun,us USA,FW,Monaco,23-313,2001,13,7,615,6.8,4,0,4,4,0,0,0,0,4.8,4.8,0.9,5.6,21,9,73,0.59,0.00,0.59,0.59,0.59,0.70,0.13,0.82,0.70,0.82,Matches
54,Abdoulaye Bamba,ci CIV,DF,Angers,35-017,1990,19,16,1510,16.8,0,0,0,0,0,0,2,0,0.1,0.1,0.3,0.4,1,16,3,0.00,0.00,0.00,0.00,0.00,0.01,0.02,0.02,0.01,0.02,Matches
55,Mohamed Bamba,ci CIV,MF,Reims,20-216,2004,2,0,10,0.1,0,0,0,0,0,0,0,0,0.0,0.0,0.0,0.0,0,3,0,0.00,0.00,0.00,0.00,0.00,0.00,0.00,0.00,0.00,0.00,Matches
56,Valentín Barco,ar ARG,"MF,DF",Strasbourg,20-293,2004,13,13,1085,12.1,0,2,2,0,0,0,2,0,0.5,0.5,1.5,2.0,18,58,53,0.00,0.17,0.17,0.00,0.17,0.04,0.12,0.16,0.04,0.16,Matches
57,Bradley Barcola,fr FRA,FW,Paris S-G,22-252,2002,33,26,2122,23.6,14,10,24,14,0,0,2,0,13.4,13.4,10.0,23.4,134,95,362,0.59,0.42,1.02,0.59,1.02,0.57,0.42,0.99,0.57,0.99,Matches
58,Melvin Bard,fr FRA,"DF,MF",Nice,24-187,2000,23,21,1848,20.5,2,0,2,2,0,0,4,2,2.2,2.2,1.7,3.9,50,85,93,0.10,0.00,0.10,0.10,0.10,0.11,0.08,0.19,0.11,0.19,Matches
59,Gabriel Bares,ch SUI,"MF,DF",Montpellier,24-256,2000,6,0,56,0.6,0,0,0,0,0,0,0,0,0.0,0.0,0.0,0.0,1,3,0,0.00,0.00,0.00,0.00,0.00,0.00,0.00,0.00,0.00,0.00,Matches
60,Dylan Batubinsika,cd COD,DF,Saint-Étienne,29-086,1996,24,22,1971,21.9,0,0,0,0,0,0,3,1,0.5,0.5,0.2,0.7,11,49,1,0.00,0.00,0.00,0.00,0.00,0.03,0.01,0.03,0.03,0.03,Matches
61,Haris Belkebla,dz ALG,MF,Angers,31-104,1994,22,21,1792,19.9,0,1,1,0,0,0,1,0,0.1,0.1,0.9,1.0,8,69,15,0.00,0.05,0.05,0.00,0.05,0.00,0.05,0.05,0.00,0.05,Matches
62,Yassin Belkhdim,fr FRA,MF,Angers,23-087,2002,29,16,1523,16.9,1,1,2,1,0,0,4,0,0.8,0.8,0.6,1.4,17,37,31,0.06,0.06,0.12,0.06,0.12,0.05,0.04,0.08,0.05,0.08,Matches
63,Eliesse Ben Seghir,ma MAR,"MF,FW",Monaco,20-085,2005,32,18,1668,18.5,6,3,9,4,2,2,0,0,5.4,4.0,4.9,8.9,83,118,166,0.32,0.16,0.49,0.22,0.38,0.29,0.27,0.56,0.21,0.48,Matches
64,Ismaël Bennacer,dz ALG,MF,Marseille,27-162,1997,11,7,583,6.5,0,2,2,0,0,0,2,0,0.1,0.1,1.8,1.8,14,71,7,0.00,0.31,0.31,0.00,0.31,0.01,0.27,0.28,0.01,0.28,Matches
65,Saïd Benrahma,dz ALG,"FW,MF",Lyon,29-275,1995,13,9,735,8.2,1,3,4,1,0,0,0,0,2.0,2.0,2.1,4.0,41,32,109,0.12,0.37,0.49,0.12,0.49,0.24,0.25,0.49,0.24,0.49,Matches
66,Nabil Bentaleb,dz ALG,MF,Lille,30-169,1994,10,3,329,3.7,1,0,1,1,0,0,0,0,0.7,0.7,0.0,0.8,2,23,5,0.27,0.00,0.27,0.27,0.27,0.20,0.01,0.21,0.20,0.21,Matches
67,Lucas Beraldo,br BRA,DF,Paris S-G,21-169,2003,24,22,1994,22.2,1,0,1,1,0,0,6,0,0.9,0.9,0.4,1.2,9,131,0,0.05,0.00,0.05,0.05,0.05,0.04,0.02,0.06,0.04,0.06,Matches
68,Maxime Bernauer,fr FRA,DF,Saint-Étienne,26-315,1998,9,7,674,7.5,0,0,0,0,0,0,2,0,0.1,0.1,0.0,0.1,5,36,0,0.00,0.00,0.00,0.00,0.00,0.01,0.00,0.01,0.01,0.01,Matches
69,Dimitry Bertaud,cd COD,GK,Montpellier,26-340,1998,3,3,270,3.0,0,0,0,0,0,0,0,0,0.0,0.0,0.0,0.0,0,0,0,0.00,0.00,0.00,0.00,0.00,0.00,0.00,0.00,0.00,0.00,Matches
70,Mika Biereth,dk DEN,FW,Monaco,22-093,2003,16,16,1228,13.6,13,2,15,12,1,2,0,0,11.3,9.7,4.5,14.2,14,24,110,0.95,0.15,1.10,0.88,1.03,0.83,0.33,1.16,0.71,1.04,Matches
71,Emmanuel Biumla,fr FRA,DF,Angers,20-004,2005,16,15,1318,14.6,1,0,1,1,0,0,2,0,0.7,0.7,0.0,0.8,3,16,0,0.07,0.00,0.07,0.07,0.07,0.05,0.00,0.05,0.05,0.05,Matches
72,Marco Bizot,nl NED,GK,Brest,34-063,1991,31,31,2790,31.0,0,0,0,0,0,0,4,0,0.0,0.0,0.0,0.0,0,1,0,0.00,0.00,0.00,0.00,0.00,0.00,0.00,0.00,0.00,0.00,Matches
73,Ludovic Blas,fr FRA,"MF,FW",Rennes,27-132,1997,28,25,2223,24.7,6,8,14,6,0,0,6,0,5.0,5.0,4.6,9.6,83,113,184,0.24,0.32,0.57,0.24,0.57,0.20,0.19,0.39,0.20,0.39,Matches
74,Augustine Boakye,gh GHA,"FW,MF",Saint-Étienne,24-190,2000,17,8,733,8.1,3,0,3,3,0,0,5,0,1.8,1.8,0.9,2.7,25,35,60,0.37,0.00,0.37,0.37,0.37,0.22,0.11,0.34,0.22,0.34,Matches
75,Mathéo Bodmer,fr FRA,MF,Le Havre,21-006,2004,1,0,6,0.1,0,0,0,0,0,0,0,0,0.0,0.0,0.0,0.0,0,0,0,0.00,0.00,0.00,0.00,0.00,0.00,0.00,0.00,0.00,0.00,Matches
Rk,Player,Nation,Pos,Squad,Age,Born,MP,Starts,Min,90s,Gls,Ast,G+A,G-PK,PK,PKatt,CrdY,CrdR,xG,npxG,xAG,npxG+xAG,PrgC,PrgP,PrgR,Gls,Ast,G+A,G-PK,G+A-PK,xG,xAG,xG+xAG,npxG,npxG+xAG,Matches
76,Jeremie Boga,ci CIV,"MF,FW",Nice,28-129,1997,21,12,1054,11.7,1,2,3,1,0,0,0,0,2.3,2.3,2.8,5.1,64,39,75,0.09,0.17,0.26,0.09,0.26,0.20,0.24,0.44,0.20,0.44,Matches
77,Moïse Bombito,ca CAN,DF,Nice,25-043,2000,26,24,2102,23.4,0,0,0,0,0,0,3,1,0.7,0.7,0.2,1.0,26,95,9,0.00,0.00,0.00,0.00,0.00,0.03,0.01,0.04,0.03,0.04,Matches
78,Saïmon Bouabré,fr FRA,"MF,FW",Monaco,18-345,2006,2,1,72,0.8,0,0,0,0,0,0,0,0,0.0,0.0,0.0,0.0,3,2,3,0.00,0.00,0.00,0.00,0.00,0.00,0.00,0.00,0.00,0.00,Matches
79,Ayyoub Bouaddi,fr FRA,MF,Lille,17-222,2007,23,10,1072,11.9,0,1,1,0,0,0,2,0,0.1,0.1,1.0,1.0,11,35,20,0.00,0.08,0.08,0.00,0.08,0.01,0.08,0.09,0.01,0.09,Matches
80,Badredine Bouanani,dz ALG,"MF,FW",Nice,20-155,2004,25,10,1031,11.5,2,3,5,2,0,0,2,0,1.7,1.7,2.3,4.0,43,42,86,0.17,0.26,0.44,0.17,0.44,0.15,0.20,0.35,0.15,0.35,Matches
81,Benjamin Bouchouari,ma MAR,MF,Saint-Étienne,23-180,2001,23,19,1659,18.4,1,0,1,1,0,0,5,0,0.6,0.6,0.9,1.5,44,122,50,0.05,0.00,0.05,0.05,0.05,0.03,0.05,0.08,0.03,0.08,Matches
82,Hicham Boudaoui,dz ALG,MF,Nice,25-231,1999,28,26,2345,26.1,2,2,4,2,0,0,9,0,2.7,2.7,2.9,5.6,54,122,75,0.08,0.08,0.15,0.08,0.15,0.10,0.11,0.22,0.10,0.22,Matches
83,Justin Bourgault,fr FRA,DF,Brest,19-240,2005,2,2,122,1.4,1,0,1,1,0,0,0,0,0.1,0.1,0.1,0.2,2,4,12,0.74,0.00,0.74,0.74,0.74,0.05,0.10,0.15,0.05,0.15,Matches
84,Benjamin Bourigeaud,fr FRA,MF,Rennes,31-118,1994,1,1,80,0.9,1,0,1,1,0,0,0,0,0.2,0.2,0.0,0.2,0,4,4,1.13,0.00,1.13,1.13,1.13,0.17,0.00,0.17,0.17,0.17,Matches
85,Bilal Brahimi,dz ALG,MF,Nice,25-059,2000,2,1,76,0.8,0,0,0,0,0,0,0,0,0.0,0.0,0.0,0.1,3,4,10,0.00,0.00,0.00,0.00,0.00,0.05,0.01,0.07,0.05,0.07,Matches
86,Lilian Brassier,fr FRA,DF,Marseille,25-191,1999,12,9,779,8.7,0,0,0,0,0,0,3,0,0.2,0.2,0.0,0.3,11,40,8,0.00,0.00,0.00,0.00,0.00,0.03,0.00,0.03,0.03,0.03,Matches
87,Lilian Brassier,fr FRA,DF,Rennes,25-191,1999,13,13,1144,12.7,1,0,1,1,0,0,1,0,1.5,1.5,0.2,1.7,21,72,11,0.08,0.00,0.08,0.08,0.08,0.12,0.02,0.14,0.12,0.14,Matches
88,Anthony Briançon,fr FRA,DF,Saint-Étienne,30-165,1994,1,0,1,0.0,0,0,0,0,0,0,0,0,0.0,0.0,0.0,0.0,0,0,0,0.00,0.00,0.00,0.00,0.00,0.00,0.00,0.00,0.00,0.00,Matches
89,Aurélio Buta,pt POR,DF,Reims,28-091,1997,26,23,1912,21.2,0,1,1,0,0,0,5,0,0.3,0.3,0.8,1.1,28,82,63,0.00,0.05,0.05,0.00,0.05,0.01,0.04,0.05,0.01,0.05,Matches
90,Marcin Bułka,pl POL,GK,Nice,25-220,1999,33,33,2970,33.0,0,0,0,0,0,0,0,0,0.0,0.0,0.2,0.2,0,2,0,0.00,0.00,0.00,0.00,0.00,0.00,0.01,0.01,0.00,0.01,Matches
91,Rémy Cabella,fr FRA,"FW,MF",Lille,35-065,1990,22,11,923,10.3,0,2,2,0,0,0,1,0,3.5,3.5,2.2,5.7,42,70,118,0.00,0.20,0.20,0.00,0.20,0.34,0.21,0.55,0.34,0.55,Matches
92,Mathieu Cafaro,fr FRA,"MF,FW",Saint-Étienne,28-048,1997,15,9,732,8.1,1,0,1,1,0,0,3,1,1.5,1.5,1.3,2.8,19,16,51,0.12,0.00,0.12,0.12,0.12,0.18,0.16,0.34,0.18,0.34,Matches
93,Duje Ćaleta-Car,hr CRO,DF,Lyon,28-237,1996,18,16,1496,16.6,1,0,1,1,0,0,7,0,2.1,2.1,0.1,2.2,3,44,0,0.06,0.00,0.06,0.06,0.06,0.13,0.01,0.13,0.13,0.13,Matches
94,Issiaga Camara,gn GUI,MF,Nice,20-099,2005,4,0,20,0.2,0,0,0,0,0,0,0,0,0.0,0.0,0.0,0.0,1,2,1,0.00,0.00,0.00,0.00,0.00,0.00,0.00,0.00,0.00,0.00,Matches
95,Lamine Camara,sn SEN,MF,Monaco,21-131,2004,28,24,1964,21.8,2,7,9,2,0,0,10,1,2.3,2.3,4.4,6.7,25,139,45,0.09,0.32,0.41,0.09,0.41,0.10,0.20,0.31,0.10,0.31,Matches
96,Mahdi Camara,fr FRA,"MF,FW",Brest,26-316,1998,33,30,2569,28.5,5,3,8,5,0,0,5,0,4.1,4.1,2.0,6.1,54,107,107,0.18,0.11,0.28,0.18,0.28,0.14,0.07,0.22,0.14,0.22,Matches
97,Ousmane Camara,fr FRA,DF,Angers,22-067,2003,2,2,180,2.0,0,0,0,0,0,0,1,0,0.1,0.1,0.0,0.1,0,3,0,0.00,0.00,0.00,0.00,0.00,0.04,0.01,0.05,0.04,0.05,Matches
98,Axel Camblan,fr FRA,"MF,FW",Brest,21-255,2003,2,0,26,0.3,0,0,0,0,0,0,0,0,0.0,0.0,0.0,0.0,2,2,1,0.00,0.00,0.00,0.00,0.00,0.17,0.00,0.17,0.17,0.17,Matches
99,Jaydee Canvot,fr FRA,"DF,MF",Toulouse,18-287,2006,17,11,1016,11.3,0,0,0,0,0,0,2,0,0.2,0.2,0.3,0.5,9,38,0,0.00,0.00,0.00,0.00,0.00,0.02,0.03,0.05,0.02,0.05,Matches
100,Pierrick Capelle,fr FRA,MF,Angers,38-027,1987,16,3,483,5.4,0,0,0,0,0,0,4,0,0.2,0.2,1.2,1.4,10,22,17,0.00,0.00,0.00,0.00,0.00,0.04,0.22,0.26,0.04,0.26,Matches
Rk,Player,Nation,Pos,Squad,Age,Born,MP,Starts,Min,90s,Gls,Ast,G+A,G-PK,PK,PKatt,CrdY,CrdR,xG,npxG,xAG,npxG+xAG,PrgC,PrgP,PrgR,Gls,Ast,G+A,G-PK,G+A-PK,xG,xAG,xG+xAG,npxG,npxG+xAG,Matches
101,Gabin Capuano,fr FRA,FW,Lens,19-016,2006,1,0,11,0.1,0,0,0,0,0,0,0,0,0.0,0.0,0.0,0.0,0,0,1,0.00,0.00,0.00,0.00,0.00,0.00,0.00,0.00,0.00,0.00,Matches
102,Maxence Caqueret,fr FRA,MF,Lyon,25-086,2000,9,6,573,6.4,0,0,0,0,0,0,1,0,0.7,0.7,0.4,1.1,14,50,15,0.00,0.00,0.00,0.00,0.00,0.10,0.07,0.17,0.10,0.17,Matches
103,Simon Cara,fr FRA,"MF,FW",Montpellier,19-346,2005,2,0,9,0.1,0,0,0,0,0,0,0,0,0.0,0.0,0.0,0.0,0,0,1,0.00,0.00,0.00,0.00,0.00,0.00,0.00,0.00,0.00,0.00,Matches
104,Valentin Carboni,ar ARG,"MF,FW",Marseille,20-068,2005,4,1,103,1.1,0,0,0,0,0,0,1,0,0.0,0.0,0.1,0.2,4,4,8,0.00,0.00,0.00,0.00,0.00,0.04,0.10,0.14,0.04,0.14,Matches
105,Irvin Cardona,fr FRA,FW,Saint-Étienne,27-277,1997,13,11,891,9.9,5,2,7,5,0,1,2,0,4.3,3.5,1.1,4.6,26,29,121,0.51,0.20,0.71,0.51,0.71,0.43,0.11,0.54,0.35,0.47,Matches
106,Patrik Carlgren,se SWE,GK,Nantes,33-124,1992,5,4,417,4.6,0,0,0,0,0,0,0,0,0.0,0.0,0.0,0.0,0,0,0,0.00,0.00,0.00,0.00,0.00,0.00,0.00,0.00,0.00,0.00,Matches
107,Josué Casimir,fr FRA,"FW,MF",Le Havre,23-230,2001,26,22,1909,21.2,3,4,7,3,0,0,5,0,2.8,2.8,3.1,5.9,69,41,143,0.14,0.19,0.33,0.14,0.33,0.13,0.15,0.28,0.13,0.28,Matches
108,Cristian Cásseres Jr.,ve VEN,MF,Toulouse,25-112,2000,31,30,2606,29.0,1,3,4,1,0,0,10,0,0.9,0.9,2.6,3.5,30,125,44,0.03,0.10,0.14,0.03,0.14,0.03,0.09,0.12,0.03,0.12,Matches
109,Jean-Charles Castelletto,cm CMR,"DF,MF",Nantes,30-106,1995,29,29,2530,28.1,0,0,0,0,0,0,5,1,1.5,1.5,0.1,1.5,21,87,19,0.00,0.00,0.00,0.00,0.00,0.05,0.00,0.05,0.05,0.05,Matches
110,Enzo Caumont,fr FRA,MF,Angers,21-060,2004,1,0,5,0.1,0,0,0,0,0,0,0,0,0.0,0.0,0.0,0.0,0,0,0,0.00,0.00,0.00,0.00,0.00,0.00,0.00,0.00,0.00,0.00,Matches
111,Fabien Centonze,fr FRA,DF,Nantes,29-116,1996,6,3,246,2.7,0,0,0,0,0,0,0,0,0.0,0.0,0.2,0.2,10,15,30,0.00,0.00,0.00,0.00,0.00,0.00,0.06,0.06,0.00,0.06,Matches
112,Brendan Chardonnet,fr FRA,DF,Brest,30-141,1994,27,27,2416,26.8,1,0,1,1,0,0,6,0,0.8,0.8,1.2,2.0,7,51,5,0.04,0.00,0.04,0.04,0.04,0.03,0.04,0.07,0.03,0.07,Matches
113,Jhoanner Chávez,ec ECU,"DF,MF",Lens,23-017,2002,10,7,596,6.6,1,0,1,1,0,0,1,0,0.3,0.3,0.7,1.0,14,9,36,0.15,0.00,0.15,0.15,0.15,0.04,0.11,0.15,0.04,0.15,Matches
114,Théo Chennahi,fr FRA,DF,Montpellier,20-095,2005,3,1,91,1.0,0,0,0,0,0,0,1,0,0.0,0.0,0.0,0.1,0,0,1,0.00,0.00,0.00,0.00,0.00,0.03,0.02,0.05,0.03,0.05,Matches
115,Sidiki Cherif,fr FRA,FW,Angers,18-148,2006,7,3,324,3.6,0,0,0,0,0,0,0,0,0.7,0.7,0.2,0.9,8,3,16,0.00,0.00,0.00,0.00,0.00,0.20,0.05,0.25,0.20,0.25,Matches
116,Rayan Cherki,fr FRA,"FW,MF",Lyon,21-268,2003,29,21,1952,21.7,8,10,18,8,0,0,3,0,4.9,4.9,10.0,14.9,97,196,174,0.37,0.46,0.83,0.37,0.83,0.22,0.46,0.69,0.22,0.69,Matches
117,Lucas Chevalier,fr FRA,GK,Lille,23-187,2001,33,33,2970,33.0,0,0,0,0,0,0,0,0,0.0,0.0,0.9,0.9,0,1,0,0.00,0.00,0.00,0.00,0.00,0.00,0.03,0.03,0.00,0.03,Matches
118,Pedro Chirivella,es ESP,MF,Nantes,27-354,1997,29,27,2261,25.1,0,2,2,0,0,0,6,0,0.4,0.4,1.6,2.0,15,168,25,0.00,0.08,0.08,0.00,0.08,0.02,0.06,0.08,0.02,0.08,Matches
119,Joris Chotard,fr FRA,MF,Montpellier,23-230,2001,24,21,1712,19.0,1,0,1,1,0,0,5,0,1.2,1.2,0.4,1.6,16,74,33,0.05,0.00,0.05,0.05,0.05,0.06,0.02,0.08,0.06,0.08,Matches
120,Djaoui Cissé,fr FRA,MF,Rennes,21-101,2004,13,13,1031,11.5,1,0,1,1,0,0,4,0,0.4,0.4,0.2,0.7,16,83,13,0.09,0.00,0.09,0.09,0.09,0.04,0.02,0.06,0.04,0.06,Matches
121,Yoann Cissé,fr FRA,MF,Auxerre,20-150,2004,2,0,5,0.1,0,0,0,0,0,0,0,0,0.0,0.0,0.0,0.0,0,0,2,0.00,0.00,0.00,0.00,0.00,0.00,0.00,0.00,0.00,0.00,Matches
122,Jonathan Clauss,fr FRA,"DF,MF",Nice,32-229,1992,27,26,2219,24.7,3,8,11,3,0,0,7,0,2.2,2.2,7.6,9.8,52,101,158,0.12,0.32,0.45,0.12,0.45,0.09,0.31,0.40,0.09,0.40,Matches
123,Marcus Coco,fr FRA,DF,Nantes,28-322,1996,20,10,951,10.6,0,1,1,0,0,0,3,2,0.1,0.1,1.2,1.3,12,34,40,0.00,0.09,0.09,0.00,0.09,0.01,0.12,0.12,0.01,0.12,Matches
124,Alois Confais,fr FRA,MF,Le Havre,28-247,1996,1,0,3,0.0,0,0,0,0,0,0,0,0,0.0,0.0,0.0,0.0,0,0,0,0.00,0.00,0.00,0.00,0.00,0.00,0.00,0.00,0.00,0.00,Matches
125,Francis Coquelin,fr FRA,MF,Nantes,33-364,1991,5,2,152,1.7,0,1,1,0,0,0,0,0,0.6,0.6,1.1,1.7,2,8,1,0.00,0.59,0.59,0.00,0.59,0.38,0.65,1.03,0.38,1.03,Matches
Rk,Player,Nation,Pos,Squad,Age,Born,MP,Starts,Min,90s,Gls,Ast,G+A,G-PK,PK,PKatt,CrdY,CrdR,xG,npxG,xAG,npxG+xAG,PrgC,PrgP,PrgR,Gls,Ast,G+A,G-PK,G+A-PK,xG,xAG,xG+xAG,npxG,npxG+xAG,Matches
126,Derek Cornelius,ca CAN,DF,Marseille,27-168,1997,21,17,1420,15.8,0,0,0,0,0,0,9,2,0.9,0.9,0.1,1.0,10,68,11,0.00,0.00,0.00,0.00,0.00,0.06,0.01,0.06,0.06,0.06,Matches
127,Pierre Cornud,fr FRA,DF,Saint-Étienne,28-151,1996,11,7,576,6.4,0,0,0,0,0,0,2,0,0.0,0.0,0.3,0.3,11,19,17,0.00,0.00,0.00,0.00,0.00,0.00,0.05,0.05,0.00,0.05,Matches
128,David Costa,pt POR,"MF,FW",Lens,24-127,2001,11,3,352,3.9,0,0,0,0,0,0,0,1,1.2,1.2,0.4,1.6,14,24,20,0.00,0.00,0.00,0.00,0.00,0.31,0.10,0.41,0.31,0.41,Matches
129,Logan Costa,cv CPV,DF,Toulouse,24-041,2001,1,1,90,1.0,0,0,0,0,0,0,0,0,0.0,0.0,0.5,0.5,1,4,1,0.00,0.00,0.00,0.00,0.00,0.00,0.50,0.50,0.00,0.50,Matches
130,Grégoire Coudert,fr FRA,GK,Brest,26-039,1999,2,2,180,2.0,0,0,0,0,0,0,0,0,0.0,0.0,0.0,0.0,0,0,0,0.00,0.00,0.00,0.00,0.00,0.00,0.00,0.00,0.00,0.00,Matches
131,Lasso Coulibaly,gh GHA,"FW,MF",Auxerre,22-205,2002,2,0,38,0.4,1,0,1,1,0,0,0,0,0.2,0.2,0.0,0.2,0,0,3,2.37,0.00,2.37,2.37,2.37,0.52,0.00,0.52,0.52,0.52,Matches
132,Mamadou Coulibaly,fr FRA,MF,Monaco,21-021,2004,1,0,8,0.1,0,0,0,0,0,0,0,0,0.1,0.1,0.0,0.1,0,0,1,0.00,0.00,0.00,0.00,0.00,0.85,0.00,0.85,0.85,0.85,Matches
133,Soumaïla Coulibaly,fr FRA,DF,Brest,21-210,2003,7,5,438,4.9,0,0,0,0,0,0,1,0,0.2,0.2,0.1,0.3,1,16,0,0.00,0.00,0.00,0.00,0.00,0.03,0.02,0.05,0.03,0.05,Matches
134,Tanguy Coulibaly,fr FRA,"FW,MF",Montpellier,24-083,2001,23,15,1305,14.5,3,0,3,3,0,0,4,2,3.2,3.2,1.3,4.5,47,19,91,0.21,0.00,0.21,0.21,0.21,0.22,0.09,0.31,0.22,0.31,Matches
135,Marius Courcoul,fr FRA,"MF,DF",Angers,18-131,2007,7,2,219,2.4,0,0,0,0,0,0,0,0,0.1,0.1,0.0,0.1,5,7,6,0.00,0.00,0.00,0.00,0.00,0.03,0.00,0.03,0.03,0.03,Matches
136,Nicolas Cozza,fr FRA,"DF,MF",Nantes,26-124,1999,27,23,2051,22.8,1,0,1,1,0,0,3,1,1.4,1.4,1.4,2.8,25,64,56,0.04,0.00,0.04,0.04,0.04,0.06,0.06,0.12,0.06,0.12,Matches
137,Charlie Cresswell,eng ENG,DF,Toulouse,22-268,2002,30,28,2502,27.8,3,1,4,3,0,0,5,0,3.3,3.3,1.7,5.0,8,67,12,0.11,0.04,0.14,0.11,0.14,0.12,0.06,0.18,0.12,0.18,Matches
138,Kévin Danois,fr FRA,MF,Auxerre,20-318,2004,22,16,1460,16.2,0,0,0,0,0,0,1,0,1.5,1.5,2.2,3.7,19,95,50,0.00,0.00,0.00,0.00,0.00,0.09,0.13,0.23,0.09,0.23,Matches
139,Kevin Danso,at AUT,DF,Lens,26-235,1998,12,12,1080,12.0,0,0,0,0,0,0,3,0,0.5,0.5,1.0,1.5,9,52,1,0.00,0.00,0.00,0.00,0.00,0.04,0.09,0.13,0.04,0.13,Matches
140,Dante,br BRA,DF,Nice,41-206,1983,24,20,1874,20.8,0,0,0,0,0,0,5,1,0.4,0.4,0.1,0.5,17,92,7,0.00,0.00,0.00,0.00,0.00,0.02,0.01,0.03,0.02,0.03,Matches
141,Pape Daouda Diongue,sn SEN,"MF,FW",Strasbourg,,,9,1,78,0.9,1,0,1,1,0,0,0,0,1.0,1.0,0.2,1.2,2,2,3,1.15,0.00,1.15,1.15,1.15,1.18,0.23,1.41,1.18,1.41,Matches
142,Mohamed Daramy,dk DEN,FW,Reims,23-125,2002,2,0,16,0.2,0,0,0,0,0,0,0,0,0.0,0.0,0.1,0.1,3,0,2,0.00,0.00,0.00,0.00,0.00,0.20,0.32,0.51,0.20,0.51,Matches
143,Jonathan David,ca CAN,FW,Lille,25-118,2000,31,27,2482,27.6,16,5,21,10,6,7,4,0,16.1,10.6,4.4,15.0,39,63,179,0.58,0.18,0.76,0.36,0.54,0.58,0.16,0.74,0.38,0.54,Matches
144,Zuriko Davitashvili,ge GEO,"FW,MF",Saint-Étienne,24-086,2001,31,30,2598,28.9,9,6,15,7,2,2,1,0,7.7,6.2,4.2,10.4,95,68,205,0.31,0.21,0.52,0.24,0.45,0.27,0.15,0.41,0.21,0.36,Matches
145,Théo De Percin,mq MTQ,GK,Auxerre,24-099,2001,2,2,180,2.0,0,0,0,0,0,0,0,0,0.0,0.0,0.0,0.0,0,0,0,0.00,0.00,0.00,0.00,0.00,0.00,0.00,0.00,0.00,0.00,Matches
146,Thibault De Smet,be BEL,DF,Reims,26-341,1998,5,2,192,2.1,0,0,0,0,0,0,0,0,0.1,0.1,0.0,0.1,1,9,2,0.00,0.00,0.00,0.00,0.00,0.07,0.00,0.07,0.07,0.07,Matches
147,Amar Dedić,ba BIH,DF,Marseille,22-267,2002,9,2,287,3.2,0,1,1,0,0,0,0,0,0.9,0.9,0.9,1.8,20,15,45,0.00,0.31,0.31,0.00,0.31,0.28,0.28,0.56,0.28,0.56,Matches
148,Romain Del Castillo,fr FRA,FW,Brest,29-044,1996,25,14,1232,13.7,6,4,10,3,3,4,0,0,4.7,1.5,3.4,4.9,29,61,103,0.44,0.29,0.73,0.22,0.51,0.34,0.25,0.59,0.11,0.36,Matches
149,Thomas Delaine,fr FRA,DF,Strasbourg,33-049,1992,2,0,9,0.1,0,0,0,0,0,0,0,0,0.0,0.0,0.0,0.0,0,0,1,0.00,0.00,0.00,0.00,0.00,0.00,0.00,0.00,0.00,0.00,Matches
150,Andy Delort,dz ALG,FW,Montpellier,33-215,1991,8,7,517,5.7,0,0,0,0,0,0,1,0,1.3,1.3,0.9,2.2,4,6,20,0.00,0.00,0.00,0.00,0.00,0.23,0.15,0.38,0.23,0.38,Matches
Rk,Player,Nation,Pos,Squad,Age,Born,MP,Starts,Min,90s,Gls,Ast,G+A,G-PK,PK,PKatt,CrdY,CrdR,xG,npxG,xAG,npxG+xAG,PrgC,PrgP,PrgR,Gls,Ast,G+A,G-PK,G+A-PK,xG,xAG,xG+xAG,npxG,npxG+xAG,Matches
151,Ousmane Dembélé,fr FRA,FW,Paris S-G,27-362,1997,28,19,1657,18.4,21,6,27,20,1,1,1,0,15.6,14.8,8.2,23.1,126,132,241,1.14,0.33,1.47,1.09,1.41,0.85,0.45,1.30,0.81,1.25,Matches
152,Rémy Descamps,fr FRA,GK,Lyon,28-321,1996,1,1,90,1.0,0,0,0,0,0,0,0,0,0.0,0.0,0.0,0.0,0,0,0,0.00,0.00,0.00,0.00,0.00,0.00,0.00,0.00,0.00,0.00,Matches
153,Arthur Desmas,fr FRA,GK,Le Havre,31-035,1994,18,18,1620,18.0,0,0,0,0,0,0,2,0,0.0,0.0,0.0,0.0,0,0,0,0.00,0.00,0.00,0.00,0.00,0.00,0.00,0.00,0.00,0.00,Matches
154,Mamadou Diakhon,fr FRA,"FW,MF",Reims,19-232,2005,28,5,858,9.5,2,1,3,2,0,0,2,0,1.0,1.0,1.1,2.2,61,17,77,0.21,0.10,0.31,0.21,0.31,0.11,0.12,0.23,0.11,0.23,Matches
155,Bafodé Diakité,fr FRA,DF,Lille,24-126,2001,30,30,2676,29.7,4,1,5,4,0,0,8,1,2.2,2.2,0.2,2.4,13,85,3,0.13,0.03,0.17,0.13,0.17,0.07,0.01,0.08,0.07,0.08,Matches
156,Oumar Diakité,ci CIV,FW,Reims,21-143,2003,25,20,1625,18.1,4,1,5,4,0,1,6,0,5.5,4.7,1.1,5.8,24,44,93,0.22,0.06,0.28,0.22,0.28,0.30,0.06,0.36,0.26,0.32,Matches
157,Habib Diarra,sn SEN,"MF,FW",Strasbourg,21-129,2004,29,27,2334,25.9,4,5,9,2,2,2,6,0,3.1,1.5,4.5,6.0,61,116,113,0.15,0.19,0.35,0.08,0.27,0.12,0.17,0.29,0.06,0.23,Matches
158,Krépin Diatta,sn SEN,DF,Monaco,26-076,1999,18,2,443,4.9,0,0,0,0,0,0,2,0,0.2,0.2,0.8,0.9,17,21,36,0.00,0.00,0.00,0.00,0.00,0.03,0.16,0.19,0.03,0.19,Matches
159,Kandet Diawara,gn GUI,FW,Le Havre,25-091,2000,1,0,4,0.0,0,0,0,0,0,0,0,0,0.0,0.0,0.0,0.0,0,0,0,0.00,0.00,0.00,0.00,0.00,0.00,0.00,0.00,0.00,0.00,Matches
160,Mahamadou Diawara,fr FRA,MF,Le Havre,20-084,2005,14,6,564,6.3,0,1,1,0,0,0,0,0,0.4,0.4,0.4,0.8,8,16,6,0.00,0.16,0.16,0.00,0.16,0.06,0.06,0.13,0.06,0.13,Matches
161,Mahamadou Diawara,fr FRA,MF,Lyon,20-084,2005,2,0,16,0.2,0,0,0,0,0,0,0,0,0.0,0.0,0.0,0.0,1,1,0,0.00,0.00,0.00,0.00,0.00,0.00,0.00,0.00,0.00,0.00,Matches
162,Bamba Dieng,sn SEN,FW,Angers,25-050,2000,18,5,532,5.9,3,0,3,2,1,1,1,0,3.1,2.3,0.0,2.4,6,7,35,0.51,0.00,0.51,0.34,0.34,0.53,0.01,0.53,0.39,0.40,Matches
163,Kembo Diliwidi,fr FRA,DF,Lens,19-098,2006,1,0,4,0.0,0,0,0,0,0,0,0,0,0.0,0.0,0.0,0.0,0,1,0,0.00,0.00,0.00,0.00,0.00,0.00,0.00,0.00,0.00,0.00,Matches
164,Sinaly Diomande,ci CIV,DF,Auxerre,24-033,2001,22,21,1855,20.6,3,2,5,3,0,0,5,0,1.1,1.1,0.6,1.7,8,72,8,0.15,0.10,0.24,0.15,0.24,0.06,0.03,0.08,0.06,0.08,Matches
165,Lois Diony,fr FRA,FW,Angers,32-143,1992,1,0,21,0.2,0,0,0,0,0,0,0,0,0.0,0.0,0.0,0.0,0,0,2,0.00,0.00,0.00,0.00,0.00,0.00,0.00,0.00,0.00,0.00,Matches
166,Sérigné Diop,sn SEN,FW,Brest,20-000,2005,2,0,4,0.0,0,0,0,0,0,0,0,0,0.0,0.0,0.0,0.0,0,0,0,0.00,0.00,0.00,0.00,0.00,0.00,0.00,0.00,0.00,0.00,Matches
167,Sofiane Diop,fr FRA,"MF,FW",Nice,24-337,2000,27,8,1042,11.6,6,3,9,6,0,0,3,0,6.0,6.0,1.9,7.9,26,63,68,0.52,0.26,0.78,0.52,0.78,0.52,0.17,0.69,0.52,0.69,Matches
168,Andy Diouf,fr FRA,MF,Lens,21-360,2003,33,26,2146,23.8,1,1,2,1,0,0,2,0,2.8,2.8,2.4,5.3,79,110,91,0.04,0.04,0.08,0.04,0.08,0.12,0.10,0.22,0.12,0.22,Matches
169,Yehvann Diouf,fr FRA,GK,Reims,25-177,1999,33,33,2970,33.0,0,0,0,0,0,0,1,0,0.1,0.1,0.0,0.1,0,1,0,0.00,0.00,0.00,0.00,0.00,0.00,0.00,0.00,0.00,0.00,Matches
170,Assane Dioussé,sn SEN,MF,Auxerre,27-234,1997,16,7,656,7.3,0,0,0,0,0,0,1,0,0.1,0.1,0.2,0.3,1,32,6,0.00,0.00,0.00,0.00,0.00,0.01,0.03,0.04,0.01,0.04,Matches
171,Álex Domínguez,es ESP,GK,Toulouse,26-286,1998,1,0,19,0.2,0,0,0,0,0,0,0,0,0.0,0.0,0.0,0.0,0,0,0,0.00,0.00,0.00,0.00,0.00,0.00,0.00,0.00,0.00,0.00,Matches
172,Gianluigi Donnarumma,it ITA,GK,Paris S-G,26-076,1999,23,23,2001,22.2,0,0,0,0,0,0,2,0,0.0,0.0,0.0,0.0,0,0,0,0.00,0.00,0.00,0.00,0.00,0.00,0.00,0.00,0.00,0.00,Matches
173,Sékou Doucoure,fr FRA,DF,Nantes,20-016,2005,2,0,12,0.1,0,0,0,0,0,0,0,0,0.0,0.0,0.0,0.0,0,0,0,0.00,0.00,0.00,0.00,0.00,0.00,0.00,0.00,0.00,0.00,Matches
174,Désiré Doué,fr FRA,"FW,MF",Paris S-G,19-343,2005,30,18,1699,18.9,6,6,12,6,0,0,1,0,5.1,5.1,7.8,12.9,97,137,231,0.32,0.32,0.64,0.32,0.64,0.27,0.41,0.69,0.27,0.69,Matches
175,Guela Doué,ci CIV,DF,Strasbourg,22-207,2002,31,29,2627,29.2,1,1,2,1,0,0,7,0,0.8,0.8,0.5,1.3,50,166,52,0.03,0.03,0.07,0.03,0.07,0.03,0.02,0.04,0.03,0.04,Matches
Rk,Player,Nation,Pos,Squad,Age,Born,MP,Starts,Min,90s,Gls,Ast,G+A,G-PK,PK,PKatt,CrdY,CrdR,xG,npxG,xAG,npxG+xAG,PrgC,PrgP,PrgR,Gls,Ast,G+A,G-PK,G+A-PK,xG,xAG,xG+xAG,npxG,npxG+xAG,Matches
176,Douglas,br BRA,MF,Nantes,28-119,1997,27,27,2217,24.6,4,2,6,4,0,0,8,0,3.3,3.3,1.4,4.7,13,117,33,0.16,0.08,0.24,0.16,0.24,0.13,0.06,0.19,0.13,0.19,Matches
177,Ismaël Doukouré,fr FRA,"DF,MF",Strasbourg,21-292,2003,30,30,2549,28.3,1,1,2,1,0,0,7,0,0.6,0.6,1.1,1.6,19,112,9,0.04,0.04,0.07,0.04,0.07,0.02,0.04,0.06,0.02,0.06,Matches
178,Kamory Doumbia,ml MLI,"MF,FW",Brest,22-083,2003,29,12,1259,14.0,3,2,5,3,0,0,1,0,2.6,2.6,1.1,3.7,16,67,49,0.21,0.14,0.36,0.21,0.36,0.19,0.08,0.27,0.19,0.27,Matches
179,Amidou Doumbouya,fr FRA,DF,Nice,17-280,2007,2,0,46,0.5,0,0,0,0,0,0,0,0,0.0,0.0,0.0,0.0,1,1,0,0.00,0.00,0.00,0.00,0.00,0.00,0.00,0.00,0.00,0.00,Matches
180,Jean-Kevin Duverne,ht HAI,DF,Nantes,27-304,1997,9,7,537,6.0,0,0,0,0,0,0,2,0,0.3,0.3,0.1,0.4,6,22,8,0.00,0.00,0.00,0.00,0.00,0.05,0.02,0.06,0.05,0.06,Matches
181,Stefan Džodić,rs SRB,"DF,MF",Montpellier,20-058,2005,6,2,197,2.2,0,0,0,0,0,0,2,1,0.1,0.1,0.0,0.1,2,7,0,0.00,0.00,0.00,0.00,0.00,0.03,0.00,0.03,0.03,0.03,Matches
182,Aron Dønnum,no NOR,"DF,MF",Toulouse,27-022,1998,32,31,2689,29.9,2,2,4,2,0,0,6,0,2.1,2.1,4.6,6.7,94,126,142,0.07,0.07,0.13,0.07,0.13,0.07,0.15,0.22,0.07,0.22,Matches
183,Noah Edjouma,fr FRA,"MF,FW",Toulouse,19-220,2005,10,1,171,1.9,2,0,2,2,0,0,0,1,1.3,1.3,0.1,1.3,8,7,17,1.05,0.00,1.05,1.05,1.05,0.67,0.03,0.70,0.67,0.70,Matches
184,Jacques Ekomie,ga GAB,DF,Angers,21-266,2003,17,6,636,7.1,0,0,0,0,0,0,1,0,0.0,0.0,0.0,0.0,12,17,22,0.00,0.00,0.00,0.00,0.00,0.00,0.00,0.00,0.00,0.00,Matches
185,Pierre Ekwah Elimby,fr FRA,MF,Saint-Étienne,23-117,2002,27,27,2395,26.6,1,0,1,1,0,0,3,0,0.6,0.6,0.9,1.5,20,139,19,0.04,0.00,0.04,0.04,0.04,0.02,0.04,0.06,0.02,0.06,Matches
186,Meschak Elia,cd COD,FW,Nantes,27-279,1997,8,1,170,1.9,1,0,1,1,0,0,0,0,1.1,1.1,0.2,1.3,9,5,22,0.53,0.00,0.53,0.53,0.53,0.59,0.10,0.69,0.59,0.69,Matches
187,Breel Embolo,ch SUI,"FW,MF",Monaco,28-087,1997,29,19,1841,20.5,6,4,10,6,0,0,5,0,10.8,10.8,5.6,16.4,22,55,140,0.29,0.20,0.49,0.29,0.49,0.53,0.28,0.80,0.53,0.80,Matches
188,Emanuel Emegha,nl NED,FW,Strasbourg,22-098,2003,27,27,2293,25.5,14,3,17,14,0,0,5,0,17.0,17.0,2.4,19.4,37,14,104,0.55,0.12,0.67,0.55,0.67,0.67,0.10,0.76,0.67,0.76,Matches
189,Romain Faivre,fr FRA,"MF,FW",Brest,26-302,1998,20,10,899,10.0,3,2,5,2,1,1,2,0,2.6,1.8,1.9,3.7,24,44,49,0.30,0.20,0.50,0.20,0.40,0.26,0.19,0.45,0.18,0.37,Matches
190,Khalil Fayad,fr FRA,"MF,FW",Montpellier,20-337,2004,20,10,1028,11.4,0,0,0,0,0,0,5,0,1.3,1.3,0.3,1.5,25,50,42,0.00,0.00,0.00,0.00,0.00,0.11,0.02,0.13,0.11,0.13,Matches
191,Luiz Felipe,it ITA,DF,Marseille,28-051,1997,3,1,77,0.9,0,0,0,0,0,0,0,0,0.0,0.0,0.0,0.0,0,1,0,0.00,0.00,0.00,0.00,0.00,0.00,0.00,0.00,0.00,0.00,Matches
192,Zinedine Ferhat,dz ALG,"FW,MF",Angers,32-072,1993,24,8,849,9.4,2,0,2,2,0,0,1,0,1.4,1.4,2.4,3.7,16,40,64,0.21,0.00,0.21,0.21,0.21,0.14,0.25,0.40,0.14,0.40,Matches
193,Edimilson Fernandes,ch SUI,"MF,DF",Brest,29-027,1996,18,11,1015,11.3,0,1,1,0,0,0,1,0,0.4,0.4,0.6,1.0,5,36,3,0.00,0.09,0.09,0.00,0.09,0.03,0.06,0.09,0.03,0.09,Matches
194,Matias Fernandez-Pardo,be BEL,"FW,MF",Lille,20-098,2005,21,11,975,10.8,4,2,6,4,0,0,4,0,2.6,2.6,2.4,5.1,37,22,73,0.37,0.18,0.55,0.37,0.55,0.24,0.23,0.47,0.24,0.47,Matches
195,Jordan Ferri,fr FRA,MF,Montpellier,33-061,1992,24,20,1683,18.7,0,2,2,0,0,0,6,1,0.4,0.4,0.8,1.3,17,125,36,0.00,0.11,0.11,0.00,0.11,0.02,0.05,0.07,0.02,0.07,Matches
196,Karol Fila,pl POL,MF,Strasbourg,26-333,1998,1,0,5,0.1,0,0,0,0,0,0,1,0,0.0,0.0,0.0,0.0,0,0,0,0.00,0.00,0.00,0.00,0.00,0.00,0.00,0.00,0.00,0.00,Matches
197,Malick Fofana,be BEL,FW,Lyon,20-042,2005,28,15,1499,16.7,5,4,9,5,0,0,2,0,3.7,3.7,3.1,6.8,104,41,192,0.30,0.24,0.54,0.30,0.54,0.22,0.19,0.41,0.22,0.41,Matches
198,Rayan Fofana,fr FRA,"FW,MF",Lens,19-089,2006,2,0,25,0.3,0,0,0,0,0,0,0,0,0.0,0.0,0.0,0.0,0,0,2,0.00,0.00,0.00,0.00,0.00,0.00,0.00,0.00,0.00,0.00,Matches
199,Seko Fofana,ci CIV,MF,Rennes,30-005,1995,15,9,814,9.0,1,1,2,1,0,0,3,0,1.8,1.8,0.8,2.6,31,72,37,0.11,0.11,0.22,0.11,0.22,0.19,0.09,0.28,0.19,0.28,Matches
200,Yahia Fofana,ci CIV,GK,Angers,24-264,2000,33,33,2970,33.0,0,0,0,0,0,0,4,0,0.0,0.0,0.1,0.1,0,0,0,0.00,0.00,0.00,0.00,0.00,0.00,0.00,0.00,0.00,0.00,Matches
Rk,Player,Nation,Pos,Squad,Age,Born,MP,Starts,Min,90s,Gls,Ast,G+A,G-PK,PK,PKatt,CrdY,CrdR,xG,npxG,xAG,npxG+xAG,PrgC,PrgP,PrgR,Gls,Ast,G+A,G-PK,G+A-PK,xG,xAG,xG+xAG,npxG,npxG+xAG,Matches
201,Lamine Fomba,fr FRA,MF,Saint-Étienne,27-106,1998,7,3,217,2.4,0,0,0,0,0,0,2,0,0.0,0.0,0.3,0.3,5,18,5,0.00,0.00,0.00,0.00,0.00,0.01,0.12,0.13,0.01,0.13,Matches
202,Przemysław Frankowski,pl POL,DF,Lens,30-030,1995,18,16,1387,15.4,4,2,6,2,2,2,3,0,2.3,0.7,2.5,3.2,33,117,95,0.26,0.13,0.39,0.13,0.26,0.15,0.16,0.31,0.05,0.21,Matches
203,Angelo Fulgini,fr FRA,"MF,FW",Lens,28-265,1996,23,11,1045,11.6,1,1,2,1,0,0,3,0,2.4,2.4,3.8,6.2,29,69,113,0.09,0.09,0.17,0.09,0.17,0.21,0.33,0.53,0.21,0.53,Matches
204,Kyogo Furuhashi,jp JPN,FW,Rennes,30-112,1995,6,1,123,1.4,0,0,0,0,0,0,0,0,0.1,0.1,0.0,0.1,0,0,3,0.00,0.00,0.00,0.00,0.00,0.09,0.00,0.09,0.09,0.09,Matches
205,Gauthier Gallon,fr FRA,GK,Rennes,32-019,1993,1,0,45,0.5,0,0,0,0,0,0,0,0,0.0,0.0,0.0,0.0,0,0,0,0.00,0.00,0.00,0.00,0.00,0.00,0.00,0.00,0.00,0.00,Matches
206,Ignatius Ganago,cm CMR,"FW,MF",Nantes,26-085,1999,11,1,241,2.7,0,0,0,0,0,0,1,0,0.4,0.4,0.3,0.7,5,9,26,0.00,0.00,0.00,0.00,0.00,0.15,0.09,0.25,0.15,0.25,Matches
207,Ulisses Garcia,ch SUI,DF,Marseille,29-121,1996,20,10,930,10.3,2,2,4,2,0,0,2,0,1.5,1.5,1.4,2.9,23,53,87,0.19,0.19,0.39,0.19,0.39,0.15,0.14,0.28,0.15,0.28,Matches
208,Jean-Philippe Gbamin,ci CIV,MF,Nantes,29-229,1995,14,2,216,2.4,0,0,0,0,0,0,1,0,0.5,0.5,0.0,0.5,2,12,1,0.00,0.00,0.00,0.00,0.00,0.22,0.00,0.22,0.22,0.22,Matches
209,Mory Gbane,ci CIV,"DF,MF",Reims,24-138,2000,12,12,1035,11.5,0,0,0,0,0,0,2,0,0.2,0.2,0.6,0.7,3,33,9,0.00,0.00,0.00,0.00,0.00,0.01,0.05,0.06,0.01,0.06,Matches
210,Yann Gboho,fr FRA,"MF,FW",Toulouse,24-118,2001,30,26,2243,24.9,4,3,7,4,0,0,2,0,5.1,5.1,3.4,8.5,110,96,179,0.16,0.12,0.28,0.16,0.28,0.21,0.13,0.34,0.21,0.34,Matches
211,Denis Genreau,au AUS,MF,Toulouse,25-356,1999,8,2,222,2.5,0,0,0,0,0,0,0,0,0.3,0.3,0.5,0.8,9,13,7,0.00,0.00,0.00,0.00,0.00,0.12,0.19,0.31,0.12,0.31,Matches
212,Aleksandr Golovin,ru RUS,"MF,FW",Monaco,28-347,1996,19,13,1153,12.8,3,0,3,3,0,0,1,0,2.3,2.3,2.4,4.7,39,112,72,0.23,0.00,0.23,0.23,0.23,0.18,0.19,0.37,0.18,0.37,Matches
213,André Gomes,pt POR,MF,Lille,31-286,1993,20,16,1276,14.2,0,0,0,0,0,0,3,0,0.5,0.5,0.7,1.3,18,101,28,0.00,0.00,0.00,0.00,0.00,0.04,0.05,0.09,0.04,0.09,Matches
214,Angel Gomes,eng ENG,MF,Lille,24-254,2000,14,10,736,8.2,1,1,2,1,0,1,1,0,1.7,0.9,2.1,3.0,15,49,47,0.12,0.12,0.24,0.12,0.24,0.21,0.26,0.47,0.11,0.37,Matches
215,Carlos Gómez,co COL,"MF,DF",Rennes,22-242,2002,16,2,351,3.9,2,0,2,2,0,0,1,0,0.2,0.2,0.2,0.5,8,9,44,0.51,0.00,0.51,0.51,0.51,0.06,0.06,0.12,0.06,0.12,Matches
216,Mathieu Gorgelin,fr FRA,GK,Le Havre,34-280,1990,15,15,1350,15.0,0,0,0,0,0,0,2,0,0.0,0.0,0.0,0.0,0,0,0,0.00,0.00,0.00,0.00,0.00,0.00,0.00,0.00,0.00,0.00,Matches
217,Amine Gouiri,dz ALG,"FW,MF",Marseille,25-085,2000,13,11,966,10.7,10,3,13,10,0,0,0,0,7.9,7.9,3.6,11.6,16,19,94,0.93,0.28,1.21,0.93,1.21,0.74,0.34,1.08,0.74,1.08,Matches
218,Amine Gouiri,dz ALG,"MF,FW",Rennes,25-085,2000,19,11,1037,11.5,3,2,5,3,0,0,2,0,3.5,3.5,0.4,3.9,22,46,63,0.26,0.17,0.43,0.26,0.43,0.30,0.03,0.34,0.30,0.34,Matches
219,Jonathan Gradit,fr FRA,DF,Lens,32-169,1992,24,23,2022,22.5,0,0,0,0,0,0,4,0,0.8,0.8,0.7,1.5,18,122,4,0.00,0.00,0.00,0.00,0.00,0.03,0.03,0.07,0.03,0.07,Matches
220,Samuel Grandsir,fr FRA,"MF,FW",Le Havre,28-271,1996,6,0,84,0.9,0,0,0,0,0,0,0,0,0.0,0.0,0.6,0.6,5,6,5,0.00,0.00,0.00,0.00,0.00,0.00,0.67,0.67,0.00,0.67,Matches
221,Mason Greenwood,eng ENG,"FW,MF",Marseille,23-223,2001,33,31,2714,30.2,19,4,23,13,6,7,3,0,14.4,8.7,5.3,14.0,124,153,286,0.63,0.13,0.76,0.43,0.56,0.48,0.18,0.65,0.29,0.47,Matches
222,Albert Grønbaek,dk DEN,"MF,FW",Rennes,23-354,2001,16,9,813,9.0,2,1,3,2,0,0,1,0,1.5,1.5,1.0,2.5,23,30,58,0.22,0.11,0.33,0.22,0.33,0.17,0.12,0.28,0.17,0.28,Matches
223,Gabriel Gudmundsson,se SWE,DF,Lille,26-013,1999,29,19,1695,18.8,2,0,2,2,0,0,3,0,0.7,0.7,1.4,2.1,70,85,112,0.11,0.00,0.11,0.11,0.11,0.04,0.07,0.11,0.04,0.11,Matches
224,Axel Gueguin,fr FRA,FW,Montpellier,20-049,2005,1,0,23,0.3,0,0,0,0,0,0,0,0,0.0,0.0,0.0,0.0,0,1,1,0.00,0.00,0.00,0.00,0.00,0.00,0.00,0.00,0.00,0.00,Matches
225,Evann Guessand,ci CIV,"FW,MF",Nice,23-315,2001,32,29,2488,27.6,11,7,18,11,0,0,2,0,8.6,8.6,4.5,13.1,86,78,158,0.40,0.25,0.65,0.40,0.65,0.31,0.16,0.48,0.31,0.48,Matches
Rk,Player,Nation,Pos,Squad,Age,Born,MP,Starts,Min,90s,Gls,Ast,G+A,G-PK,PK,PKatt,CrdY,CrdR,xG,npxG,xAG,npxG+xAG,PrgC,PrgP,PrgR,Gls,Ast,G+A,G-PK,G+A-PK,xG,xAG,xG+xAG,npxG,npxG+xAG,Matches
226,Bahereba Guirassy,fr FRA,"FW,MF",Nantes,18-256,2006,18,2,344,3.8,2,0,2,2,0,0,0,0,0.7,0.7,0.1,0.8,15,6,34,0.52,0.00,0.52,0.52,0.52,0.19,0.02,0.20,0.19,0.20,Matches
227,Massadio Haïdara,ml MLI,DF,Brest,32-161,1992,21,20,1666,18.5,0,0,0,0,0,0,3,2,0.3,0.3,0.5,0.8,43,76,76,0.00,0.00,0.00,0.00,0.00,0.02,0.03,0.04,0.02,0.04,Matches
228,Achraf Hakimi,ma MAR,DF,Paris S-G,26-189,1998,24,23,1976,22.0,4,6,10,4,0,0,4,0,2.9,2.9,6.2,9.1,93,180,265,0.18,0.27,0.46,0.18,0.46,0.13,0.28,0.42,0.13,0.42,Matches
229,Florent Hanin,dz ALG,DF,Angers,35-097,1990,32,30,2582,28.7,1,2,3,1,0,0,2,0,0.9,0.9,1.8,2.8,44,97,101,0.03,0.07,0.10,0.03,0.10,0.03,0.06,0.10,0.03,0.10,Matches
230,Amine Harit,ma MAR,MF,Marseille,27-328,1997,12,8,499,5.5,2,3,5,2,0,0,1,1,0.8,0.8,1.3,2.1,13,33,30,0.36,0.54,0.90,0.36,0.90,0.15,0.24,0.39,0.15,0.39,Matches
231,Hans Hateboer,nl NED,DF,Rennes,31-123,1994,26,18,1684,18.7,0,0,0,0,0,0,3,0,0.4,0.4,1.5,1.9,28,92,63,0.00,0.00,0.00,0.00,0.00,0.02,0.08,0.10,0.02,0.10,Matches
232,Kjetil Haug,no NOR,GK,Toulouse,26-334,1998,6,5,498,5.5,0,0,0,0,0,0,0,0,0.0,0.0,0.0,0.0,0,0,0,0.00,0.00,0.00,0.00,0.00,0.00,0.00,0.00,0.00,0.00,Matches
233,Luis Henrique,br BRA,"DF,FW",Marseille,23-149,2001,33,29,2613,29.0,7,7,14,7,0,0,0,0,4.2,4.2,4.2,8.3,84,143,280,0.24,0.24,0.48,0.24,0.48,0.14,0.14,0.29,0.14,0.29,Matches
234,Lucas Hernández,fr FRA,DF,Paris S-G,29-087,1996,16,10,877,9.7,0,0,0,0,0,0,2,0,0.0,0.0,0.1,0.1,6,50,4,0.00,0.00,0.00,0.00,0.00,0.00,0.01,0.01,0.00,0.01,Matches
235,Ki-Jana Hoever,nl NED,DF,Auxerre,23-114,2002,30,26,2124,23.6,1,2,3,1,0,0,4,1,0.5,0.5,2.7,3.2,59,79,128,0.04,0.08,0.13,0.04,0.13,0.02,0.11,0.13,0.02,0.13,Matches
236,Cédric Hountondji,bj BEN,DF,Angers,31-113,1994,3,3,270,3.0,0,0,0,0,0,0,0,0,0.0,0.0,0.0,0.0,0,1,0,0.00,0.00,0.00,0.00,0.00,0.00,0.00,0.00,0.00,0.00,Matches
237,Ilyes Housni,fr FRA,"FW,MF",Le Havre,19-363,2005,12,3,230,2.6,0,0,0,0,0,0,0,0,0.2,0.2,0.2,0.4,8,4,24,0.00,0.00,0.00,0.00,0.00,0.09,0.08,0.17,0.09,0.17,Matches
238,Pierre Højbjerg,dk DEN,MF,Marseille,29-280,1995,29,29,2574,28.6,2,4,6,2,0,0,5,0,3.3,3.3,3.8,7.0,36,258,43,0.07,0.14,0.21,0.07,0.21,0.11,0.13,0.25,0.11,0.25,Matches
239,Hafiz Ibrahim,ng NGA,FW,Reims,19-143,2005,10,2,370,4.1,0,1,1,0,0,0,2,1,0.5,0.5,0.6,1.1,6,2,15,0.00,0.24,0.24,0.00,0.24,0.12,0.14,0.27,0.12,0.27,Matches
240,George Ilenikhena,fr FRA,"FW,MF",Monaco,18-269,2006,22,5,644,7.2,3,2,5,3,0,0,0,0,4.8,4.8,1.4,6.2,8,8,54,0.42,0.28,0.70,0.42,0.70,0.67,0.20,0.87,0.67,0.87,Matches
241,Rareş Ilie,ro ROU,MF,Nice,22-023,2003,2,0,13,0.1,0,0,0,0,0,0,0,0,0.0,0.0,0.4,0.4,2,3,1,0.00,0.00,0.00,0.00,0.00,0.25,2.47,2.72,0.25,2.72,Matches
242,Ismaily,br BRA,DF,Lille,35-121,1990,16,10,904,10.0,0,1,1,0,0,0,4,0,0.7,0.7,1.0,1.7,15,54,51,0.00,0.10,0.10,0.00,0.10,0.07,0.10,0.17,0.07,0.17,Matches
243,Yanis Issoufou,fr FRA,"MF,FW",Montpellier,18-196,2006,4,1,77,0.9,0,0,0,0,0,0,0,0,0.1,0.1,0.0,0.1,3,2,2,0.00,0.00,0.00,0.00,0.00,0.07,0.00,0.07,0.07,0.07,Matches
244,Junya Ito,jp JPN,"FW,MF",Reims,32-064,1993,32,30,2622,29.1,4,3,7,4,0,0,1,0,4.6,4.6,7.1,11.7,100,131,255,0.14,0.10,0.24,0.14,0.24,0.16,0.24,0.40,0.16,0.40,Matches
245,Jérémy Jacquet,fr FRA,DF,Rennes,19-303,2005,10,10,867,9.6,0,1,1,0,0,0,0,0,0.8,0.8,0.8,1.6,7,39,4,0.00,0.10,0.10,0.00,0.10,0.08,0.08,0.17,0.08,0.17,Matches
246,Ismail Jakobs,sn SEN,DF,Monaco,25-268,1999,2,2,180,2.0,0,0,0,0,0,0,0,0,0.0,0.0,0.2,0.2,9,6,17,0.00,0.00,0.00,0.00,0.00,0.00,0.11,0.11,0.00,0.11,Matches
247,Jordan James,wls WAL,MF,Rennes,20-314,2004,22,14,1148,12.8,0,1,1,0,0,0,4,0,0.9,0.9,1.9,2.8,21,66,15,0.00,0.08,0.08,0.00,0.08,0.07,0.15,0.22,0.07,0.22,Matches
248,Malcolm Jeng,se SWE,DF,Reims,20-064,2005,3,2,107,1.2,0,0,0,0,0,0,0,0,0.0,0.0,0.0,0.0,0,3,0,0.00,0.00,0.00,0.00,0.00,0.00,0.00,0.00,0.00,0.00,Matches
249,John Joe,ie IRL,MF,Reims,21-200,2003,12,5,524,5.8,0,0,0,0,0,0,0,0,0.1,0.1,0.0,0.2,6,14,8,0.00,0.00,0.00,0.00,0.00,0.02,0.00,0.03,0.02,0.03,Matches
250,Karl-Johan Johnsson,se SWE,GK,Strasbourg,35-104,1990,3,3,270,3.0,0,0,0,0,0,0,0,0,0.0,0.0,0.0,0.0,0,0,0,0.00,0.00,0.00,0.00,0.00,0.00,0.00,0.00,0.00,0.00,Matches
Rk,Player,Nation,Pos,Squad,Age,Born,MP,Starts,Min,90s,Gls,Ast,G+A,G-PK,PK,PKatt,CrdY,CrdR,xG,npxG,xAG,npxG+xAG,PrgC,PrgP,PrgR,Gls,Ast,G+A,G-PK,G+A-PK,xG,xAG,xG+xAG,npxG,npxG+xAG,Matches
251,Paul Joly,fr FRA,DF,Auxerre,24-339,2000,25,9,919,10.2,0,1,1,0,0,0,3,1,0.6,0.6,1.2,1.8,25,46,59,0.00,0.10,0.10,0.00,0.10,0.06,0.12,0.18,0.06,0.18,Matches
252,Jota,pt POR,"FW,MF",Rennes,26-043,1999,9,3,334,3.7,1,0,1,1,0,0,0,0,1.3,1.3,0.3,1.6,13,16,35,0.27,0.00,0.27,0.27,0.27,0.36,0.08,0.44,0.36,0.44,Matches
253,Antoine Joujou,fr FRA,"MF,FW",Le Havre,22-061,2003,25,9,940,10.4,0,2,2,0,0,0,1,0,0.6,0.6,3.0,3.7,44,18,84,0.00,0.19,0.19,0.00,0.19,0.06,0.29,0.35,0.06,0.35,Matches
254,Jubal,br BRA,DF,Auxerre,31-256,1993,30,30,2640,29.3,6,0,6,3,3,4,7,0,5.2,2.0,0.9,2.9,1,33,3,0.20,0.00,0.20,0.10,0.10,0.18,0.03,0.21,0.07,0.10,Matches
255,Hamed Junior Traorè,ci CIV,MF,Auxerre,25-085,2000,25,25,2023,22.5,10,2,12,10,0,0,5,0,7.8,7.8,2.7,10.5,65,98,144,0.44,0.09,0.53,0.44,0.53,0.35,0.12,0.47,0.35,0.47,Matches
256,Yaya Kader Fofana,ml MLI,"MF,FW",Reims,20-334,2004,12,8,634,7.0,1,1,2,1,0,0,4,0,0.6,0.6,1.7,2.3,19,22,29,0.14,0.14,0.28,0.14,0.28,0.09,0.24,0.32,0.09,0.32,Matches
257,Tino Kadewere,zw ZIM,"MF,FW",Nantes,29-127,1996,12,6,512,5.7,1,2,3,1,0,0,1,0,1.7,1.7,1.0,2.7,5,19,27,0.18,0.35,0.53,0.18,0.53,0.30,0.17,0.47,0.30,0.47,Matches
258,Arnaud Kalimuendo,fr FRA,"FW,MF",Rennes,23-112,2002,32,30,2488,27.6,17,3,20,12,5,8,2,0,14.9,8.8,2.0,10.8,47,71,164,0.61,0.11,0.72,0.43,0.54,0.54,0.07,0.61,0.32,0.39,Matches
259,Justin-Noël Kalumba,fr FRA,"FW,MF",Angers,20-138,2004,2,0,31,0.3,0,0,0,0,0,0,0,0,0.0,0.0,0.0,0.0,1,0,3,0.00,0.00,0.00,0.00,0.00,0.05,0.00,0.05,0.05,0.05,Matches
260,Waren Kamanzi,no NOR,"DF,MF",Toulouse,24-182,2000,23,10,937,10.4,0,1,1,0,0,0,3,0,0.4,0.4,0.8,1.2,23,30,56,0.00,0.10,0.10,0.00,0.10,0.03,0.08,0.11,0.03,0.11,Matches
261,Glen Kamara,fi FIN,MF,Rennes,29-196,1995,13,8,662,7.4,0,1,1,0,0,0,0,0,0.2,0.2,0.2,0.3,5,34,22,0.00,0.14,0.14,0.00,0.14,0.02,0.02,0.05,0.02,0.05,Matches
262,Noham Kamara,fr FRA,DF,Paris S-G,18-110,2007,2,0,76,0.8,0,0,0,0,0,0,0,0,0.0,0.0,0.0,0.0,2,5,0,0.00,0.00,0.00,0.00,0.00,0.00,0.00,0.00,0.00,0.00,Matches
263,Nordine Kandil,fr FRA,MF,Strasbourg,23-193,2001,1,0,10,0.1,0,0,0,0,0,0,0,0,0.0,0.0,0.0,0.0,1,0,0,0.00,0.00,0.00,0.00,0.00,0.00,0.00,0.00,0.00,0.00,Matches
264,Lee Kang-in,kr KOR,"FW,MF",Paris S-G,24-082,2001,30,19,1663,18.5,6,6,12,6,0,0,1,0,3.5,3.5,5.6,9.1,50,143,138,0.32,0.32,0.65,0.32,0.65,0.19,0.30,0.50,0.19,0.50,Matches
265,Yassine Kechta,ma MAR,"MF,FW",Le Havre,23-076,2002,30,24,2009,22.3,2,0,2,2,0,0,4,0,2.5,2.5,1.2,3.7,44,93,84,0.09,0.00,0.09,0.09,0.09,0.11,0.05,0.16,0.11,0.16,Matches
266,Thilo Kehrer,de GER,DF,Monaco,28-233,1996,27,27,2383,26.5,4,0,4,4,0,0,1,0,1.5,1.5,0.3,1.8,16,139,2,0.15,0.00,0.15,0.15,0.15,0.06,0.01,0.07,0.06,0.07,Matches
267,Reda Khadra,de GER,"MF,FW",Reims,23-312,2001,4,0,78,0.9,0,0,0,0,0,0,0,0,0.0,0.0,0.0,0.0,4,4,7,0.00,0.00,0.00,0.00,0.00,0.00,0.03,0.03,0.00,0.03,Matches
268,Wahbi Khazri,tn TUN,"FW,MF",Montpellier,34-093,1991,29,10,1073,11.9,1,1,2,1,0,0,4,0,2.3,2.3,2.2,4.4,24,33,53,0.08,0.08,0.17,0.08,0.17,0.19,0.18,0.37,0.19,0.37,Matches
269,Abdukodir Khusanov,uz UZB,DF,Lens,21-072,2004,13,11,975,10.8,0,0,0,0,0,0,2,1,0.2,0.2,0.3,0.6,2,43,6,0.00,0.00,0.00,0.00,0.00,0.02,0.03,0.05,0.02,0.05,Matches
270,Presnel Kimpembe,fr FRA,DF,Paris S-G,29-272,1995,2,0,23,0.3,0,0,0,0,0,0,0,0,0.0,0.0,0.0,0.0,0,1,0,0.00,0.00,0.00,0.00,0.00,0.00,0.00,0.00,0.00,0.00,Matches
271,Joshua King,no NOR,"FW,MF",Toulouse,33-117,1992,27,20,1615,17.9,5,2,7,5,0,0,2,0,5.8,5.8,1.8,7.6,35,26,103,0.28,0.11,0.39,0.28,0.39,0.32,0.10,0.42,0.32,0.42,Matches
272,Cédric Kipré,ci CIV,DF,Reims,28-154,1996,27,25,2100,23.3,0,1,1,0,0,0,4,2,0.6,0.6,1.3,2.0,16,75,3,0.00,0.04,0.04,0.00,0.04,0.03,0.06,0.08,0.03,0.08,Matches
273,Hervé Koffi,bf BFA,GK,Lens,28-208,1996,5,5,450,5.0,0,0,0,0,0,0,2,0,0.0,0.0,0.0,0.0,0,0,0,0.00,0.00,0.00,0.00,0.00,0.00,0.00,0.00,0.00,0.00,Matches
274,Philipp Köhn,ch SUI,GK,Monaco,27-040,1998,18,18,1620,18.0,0,0,0,0,0,0,1,0,0.0,0.0,0.0,0.0,0,0,0,0.00,0.00,0.00,0.00,0.00,0.00,0.00,0.00,0.00,0.00,Matches
275,Koka,eg EGY,FW,Le Havre,32-068,1993,15,10,823,9.1,3,1,4,2,1,1,2,0,4.9,4.1,0.6,4.8,0,12,21,0.33,0.11,0.44,0.22,0.33,0.54,0.07,0.61,0.45,0.52,Matches
Rk,Player,Nation,Pos,Squad,Age,Born,MP,Starts,Min,90s,Gls,Ast,G+A,G-PK,PK,PKatt,CrdY,CrdR,xG,npxG,xAG,npxG+xAG,PrgC,PrgP,PrgR,Gls,Ast,G+A,G-PK,G+A-PK,xG,xAG,xG+xAG,npxG,npxG+xAG,Matches
276,Randal Kolo Muani,fr FRA,FW,Paris S-G,26-158,1998,10,2,358,4.0,2,1,3,1,1,1,0,0,4.7,3.9,0.9,4.7,8,5,35,0.50,0.25,0.75,0.25,0.50,1.17,0.21,1.39,0.98,1.19,Matches
277,Geoffrey Kondogbia,cf CTA,"DF,MF",Marseille,32-086,1993,25,22,2020,22.4,0,0,0,0,0,0,1,0,0.5,0.5,0.2,0.7,20,105,11,0.00,0.00,0.00,0.00,0.00,0.02,0.01,0.03,0.02,0.03,Matches
278,Abdoul Koné,fr FRA,DF,Reims,20-020,2005,4,1,133,1.5,0,0,0,0,0,0,0,0,0.0,0.0,0.0,0.0,0,3,1,0.00,0.00,0.00,0.00,0.00,0.00,0.00,0.00,0.00,0.00,Matches
279,Amadou Koné,ml MLI,MF,Reims,19-363,2005,23,16,1224,13.6,0,0,0,0,0,0,3,1,0.5,0.5,0.3,0.8,19,67,10,0.00,0.00,0.00,0.00,0.00,0.04,0.02,0.06,0.04,0.06,Matches
280,Ismaël Koné,ca CAN,"MF,FW",Marseille,22-340,2002,8,3,360,4.0,0,0,0,0,0,0,0,0,0.3,0.3,0.4,0.6,2,10,10,0.00,0.00,0.00,0.00,0.00,0.07,0.09,0.16,0.07,0.16,Matches
281,Ismaël Koné,ca CAN,MF,Rennes,22-340,2002,12,3,409,4.5,1,1,2,1,0,0,0,0,0.1,0.1,1.3,1.5,15,28,16,0.22,0.22,0.44,0.22,0.44,0.03,0.29,0.32,0.03,0.32,Matches
282,Emmanuel Koum Mbondo,fr FRA,DF,Marseille,19-096,2006,1,0,12,0.1,0,0,0,0,0,0,0,0,0.0,0.0,0.0,0.0,0,0,0,0.00,0.00,0.00,0.00,0.00,0.00,0.00,0.00,0.00,0.00,Matches
283,Boubakar Kouyaté,ml MLI,DF,Montpellier,28-027,1997,10,7,666,7.4,0,0,0,0,0,0,6,1,0.5,0.5,0.0,0.5,3,12,0,0.00,0.00,0.00,0.00,0.00,0.06,0.00,0.06,0.06,0.06,Matches
284,Goduine Koyalipou,cf CTA,FW,Lens,25-086,2000,14,11,806,9.0,4,0,4,4,0,0,0,0,4.6,4.6,0.8,5.4,15,18,59,0.45,0.00,0.45,0.45,0.45,0.52,0.09,0.61,0.52,0.61,Matches
285,Sael Kumbedi,fr FRA,DF,Lyon,20-047,2005,14,12,951,10.6,0,0,0,0,0,0,2,0,0.3,0.3,0.3,0.6,23,37,71,0.00,0.00,0.00,0.00,0.00,0.03,0.03,0.06,0.03,0.06,Matches
286,Daler Kuzyaev,ru RUS,MF,Le Havre,32-117,1993,12,6,567,6.3,1,0,1,1,0,0,1,0,0.2,0.2,0.6,0.8,4,32,9,0.16,0.00,0.16,0.16,0.16,0.03,0.09,0.12,0.03,0.12,Matches
287,Khvicha Kvaratskhelia,ge GEO,FW,Paris S-G,24-089,2001,13,10,826,9.2,2,3,5,2,0,0,0,0,2.6,2.6,4.4,7.0,43,38,115,0.22,0.33,0.54,0.22,0.54,0.28,0.48,0.76,0.28,0.76,Matches
288,Rémy Labeau Lascary,gp GLP,"FW,MF",Lens,22-070,2003,14,6,637,7.1,2,1,3,2,0,0,5,0,2.5,2.5,1.1,3.6,17,7,71,0.28,0.14,0.42,0.28,0.42,0.36,0.15,0.51,0.36,0.51,Matches
289,Gaëtan Laborde,fr FRA,FW,Nice,31-009,1994,27,19,1752,19.5,9,4,13,5,4,4,1,0,10.5,7.4,2.9,10.3,30,38,127,0.46,0.21,0.67,0.26,0.46,0.54,0.15,0.69,0.38,0.53,Matches
290,Alexandre Lacazette,fr FRA,FW,Lyon,33-349,1991,29,23,1973,21.9,13,2,15,9,4,5,5,0,13.7,9.9,3.2,13.0,23,65,151,0.59,0.09,0.68,0.41,0.50,0.62,0.14,0.77,0.45,0.59,Matches
291,Younes Lachaab,fr FRA,"MF,FW",Lille,20-126,2005,2,0,9,0.1,0,0,0,0,0,0,0,0,0.1,0.1,0.0,0.1,1,0,1,0.00,0.00,0.00,0.00,0.00,0.95,0.00,0.95,0.95,0.95,Matches
292,Alban Lafont,fr FRA,GK,Nantes,26-109,1999,12,12,1080,12.0,0,0,0,0,0,0,1,0,0.0,0.0,0.0,0.0,0,0,0,0.00,0.00,0.00,0.00,0.00,0.00,0.00,0.00,0.00,0.00,Matches
293,Kenny Lala,mg MAD,DF,Brest,33-221,1991,29,28,2596,28.8,3,2,5,0,3,3,5,0,3.0,0.6,3.9,4.5,57,130,85,0.10,0.07,0.17,0.00,0.07,0.10,0.14,0.24,0.02,0.16,Matches
294,Mohamed Lamine Bayo,gn GUI,FW,Lille,26-342,1998,12,4,309,3.4,2,1,3,2,0,0,1,0,2.2,2.2,0.5,2.7,4,4,20,0.58,0.29,0.87,0.58,0.87,0.65,0.15,0.80,0.65,0.80,Matches
295,Gautier Larsonneur,fr FRA,GK,Saint-Étienne,28-078,1997,32,32,2880,32.0,0,0,0,0,0,0,5,0,0.0,0.0,0.0,0.0,0,0,0,0.00,0.00,0.00,0.00,0.00,0.00,0.00,0.00,0.00,0.00,Matches
296,Julien Le Cardinal,fr FRA,DF,Brest,27-282,1997,16,15,1378,15.3,0,1,1,0,0,0,3,0,0.4,0.4,0.3,0.7,7,39,1,0.00,0.07,0.07,0.00,0.07,0.03,0.02,0.05,0.03,0.05,Matches
297,Jérémy Le Douaron,fr FRA,FW,Brest,27-021,1998,2,1,102,1.1,0,0,0,0,0,0,0,0,0.2,0.2,0.0,0.2,1,1,7,0.00,0.00,0.00,0.00,0.00,0.14,0.00,0.14,0.14,0.14,Matches
298,Benjamin Lecomte,fr FRA,GK,Montpellier,34-016,1991,29,29,2610,29.0,0,0,0,0,0,0,0,0,0.0,0.0,0.1,0.1,0,1,0,0.00,0.00,0.00,0.00,0.00,0.00,0.00,0.00,0.00,0.00,Matches
299,Pierre Lees-Melou,fr FRA,MF,Brest,31-352,1993,19,16,1447,16.1,2,2,4,2,0,0,6,0,1.2,1.2,2.4,3.6,22,100,36,0.12,0.12,0.25,0.12,0.25,0.08,0.15,0.23,0.08,0.23,Matches
300,Jordan Lefort,fr FRA,DF,Angers,31-276,1993,33,33,2970,33.0,0,1,1,0,0,0,2,0,0.6,0.6,1.1,1.6,6,88,12,0.00,0.03,0.03,0.00,0.03,0.02,0.03,0.05,0.02,0.05,Matches
Rk,Player,Nation,Pos,Squad,Age,Born,MP,Starts,Min,90s,Gls,Ast,G+A,G-PK,PK,PKatt,CrdY,CrdR,xG,npxG,xAG,npxG+xAG,PrgC,PrgP,PrgR,Gls,Ast,G+A,G-PK,G+A-PK,xG,xAG,xG+xAG,npxG,npxG+xAG,Matches
301,Félix Lemaréchal,fr FRA,"MF,FW",Strasbourg,21-278,2003,26,19,1692,18.8,4,3,7,4,0,0,2,0,3.5,3.5,2.3,5.8,30,56,82,0.21,0.16,0.37,0.21,0.37,0.19,0.12,0.31,0.19,0.31,Matches
302,Donovan Léon,gf GUF,GK,Auxerre,32-190,1992,31,31,2790,31.0,0,2,2,0,0,0,4,0,0.0,0.0,0.4,0.4,0,1,0,0.00,0.06,0.06,0.00,0.06,0.00,0.01,0.01,0.00,0.01,Matches
303,Esteban Lepaul,fr FRA,FW,Angers,25-024,2000,27,17,1546,17.2,9,0,9,9,0,0,2,0,5.0,5.0,0.8,5.8,26,17,65,0.52,0.00,0.52,0.52,0.52,0.29,0.05,0.34,0.29,0.34,Matches
304,Johann Lepenant,fr FRA,MF,Nantes,22-202,2002,28,23,2030,22.6,2,1,3,2,0,0,3,0,1.4,1.4,0.9,2.3,25,89,62,0.09,0.04,0.13,0.09,0.13,0.06,0.04,0.10,0.06,0.10,Matches
305,Louis Leroux,fr FRA,"MF,DF",Nantes,19-109,2006,15,7,726,8.1,2,1,3,2,0,0,1,0,1.4,1.4,1.3,2.7,9,28,9,0.25,0.12,0.37,0.25,0.37,0.18,0.16,0.34,0.18,0.34,Matches
306,Pol Lirola,es ESP,DF,Marseille,27-272,1997,18,5,635,7.1,1,2,3,1,0,0,1,1,0.5,0.5,0.7,1.2,12,19,40,0.14,0.28,0.43,0.14,0.43,0.07,0.10,0.17,0.07,0.17,Matches
307,Gautier Lloris,fr FRA,DF,Le Havre,29-298,1995,30,30,2678,29.8,2,1,3,2,0,0,5,0,1.2,1.2,0.9,2.0,13,98,7,0.07,0.03,0.10,0.07,0.10,0.04,0.03,0.07,0.04,0.07,Matches
308,Bradley Locko,fr FRA,DF,Brest,23-006,2002,1,0,19,0.2,0,0,0,0,0,0,0,0,0.0,0.0,0.0,0.0,0,1,1,0.00,0.00,0.00,0.00,0.00,0.00,0.00,0.00,0.00,0.00,Matches
309,Elysée Logbo,fr FRA,FW,Le Havre,21-006,2004,1,0,27,0.3,0,0,0,0,0,0,0,0,0.2,0.2,0.0,0.2,0,0,2,0.00,0.00,0.00,0.00,0.00,0.61,0.00,0.61,0.61,0.61,Matches
310,Anthony Lopes,pt POR,GK,Nantes,34-223,1990,17,17,1473,16.4,0,0,0,0,0,0,2,0,0.0,0.0,0.0,0.0,0,0,0,0.00,0.00,0.00,0.00,0.00,0.00,0.00,0.00,0.00,0.00,Matches
311,Jordan Lotomba,ch SUI,"MF,DF",Nice,26-225,1998,2,0,35,0.4,0,0,0,0,0,0,0,0,0.0,0.0,0.0,0.0,4,3,2,0.00,0.00,0.00,0.00,0.00,0.00,0.00,0.00,0.00,0.00,Matches
312,Tom Louchet,fr FRA,"DF,MF",Nice,22-008,2003,21,7,753,8.4,1,0,1,1,0,0,1,0,0.8,0.8,1.2,1.9,19,33,37,0.12,0.00,0.12,0.12,0.12,0.09,0.14,0.23,0.09,0.23,Matches
313,Milos Lukovic,rs SRB,"FW,MF",Strasbourg,19-175,2005,2,0,12,0.1,0,0,0,0,0,0,0,0,0.0,0.0,0.0,0.0,0,0,0,0.00,0.00,0.00,0.00,0.00,0.00,0.00,0.00,0.00,0.00,Matches
314,Othmane Maamma,ma MAR,"FW,MF",Montpellier,19-218,2005,11,1,271,3.0,1,1,2,1,0,0,1,0,0.7,0.7,0.2,0.9,8,2,24,0.33,0.33,0.66,0.33,0.66,0.23,0.06,0.29,0.23,0.29,Matches
315,Deiver Machado,co COL,"DF,MF",Lens,31-252,1993,27,20,1805,20.1,1,4,5,1,0,0,7,2,2.3,2.3,2.1,4.3,42,45,80,0.05,0.20,0.25,0.05,0.25,0.11,0.10,0.22,0.11,0.22,Matches
316,Lanroy Machine,fr FRA,FW,Angers,19-211,2005,1,0,1,0.0,0,0,0,0,0,0,0,0,0.0,0.0,0.0,0.0,0,0,0,0.00,0.00,0.00,0.00,0.00,0.00,0.00,0.00,0.00,0.00,Matches
317,Yvann Macon,fr FRA,DF,Saint-Étienne,26-223,1998,11,9,700,7.8,0,0,0,0,0,0,4,0,0.3,0.3,0.2,0.5,25,46,40,0.00,0.00,0.00,0.00,0.00,0.04,0.03,0.07,0.04,0.07,Matches
318,Eros Maddy,nl NED,DF,Auxerre,24-096,2001,2,0,15,0.2,0,0,0,0,0,0,1,0,0.0,0.0,0.1,0.1,1,1,4,0.00,0.00,0.00,0.00,0.00,0.00,0.52,0.52,0.00,0.52,Matches
319,Soungoutou Magassa,fr FRA,MF,Monaco,21-216,2003,20,11,974,10.8,0,1,1,0,0,0,5,0,0.5,0.5,0.9,1.4,6,59,10,0.00,0.09,0.09,0.00,0.09,0.04,0.08,0.13,0.04,0.13,Matches
320,Hugo Magnetti,fr FRA,MF,Brest,26-347,1998,31,26,2233,24.8,1,0,1,1,0,0,4,0,0.8,0.8,0.4,1.2,19,77,18,0.04,0.00,0.04,0.04,0.04,0.03,0.02,0.05,0.03,0.05,Matches
321,Frank Magri,cm CMR,"FW,MF",Toulouse,25-250,1999,30,16,1431,15.9,5,0,5,5,0,0,5,1,5.6,5.6,0.4,6.1,14,22,73,0.31,0.00,0.31,0.31,0.31,0.35,0.03,0.38,0.35,0.38,Matches
322,Ainsley Maitland-Niles,eng ENG,DF,Lyon,27-256,1997,31,19,1895,21.1,1,4,5,1,0,0,1,0,2.2,2.2,3.1,5.3,31,97,101,0.05,0.19,0.24,0.05,0.24,0.11,0.15,0.25,0.11,0.25,Matches
323,Radosław Majecki,pl POL,GK,Monaco,25-177,1999,15,15,1350,15.0,0,0,0,0,0,0,1,0,0.0,0.0,0.0,0.0,0,1,0,0.00,0.00,0.00,0.00,0.00,0.00,0.00,0.00,0.00,0.00,Matches
324,Hamidou Makalou,ml MLI,"FW,MF",Brest,18-301,2006,3,0,21,0.2,0,0,0,0,0,0,0,0,0.0,0.0,0.0,0.0,1,1,0,0.00,0.00,0.00,0.00,0.00,0.00,0.00,0.00,0.00,0.00,Matches
325,Nikola Maksimović,rs SRB,DF,Montpellier,33-168,1991,7,7,581,6.5,0,0,0,0,0,0,2,0,0.0,0.0,0.0,0.1,1,11,0,0.00,0.00,0.00,0.00,0.00,0.00,0.01,0.01,0.00,0.01,Matches
Rk,Player,Nation,Pos,Squad,Age,Born,MP,Starts,Min,90s,Gls,Ast,G+A,G-PK,PK,PKatt,CrdY,CrdR,xG,npxG,xAG,npxG+xAG,PrgC,PrgP,PrgR,Gls,Ast,G+A,G-PK,G+A-PK,xG,xAG,xG+xAG,npxG,npxG+xAG,Matches
326,Aaron Malouda,fr FRA,FW,Lille,19-163,2005,1,0,2,0.0,0,0,0,0,0,0,0,0,0.0,0.0,0.0,0.0,0,0,0,0.00,0.00,0.00,0.00,0.00,0.00,0.00,0.00,0.00,0.00,Matches
327,Hianga Mananga Mbock,fr FRA,MF,Brest,25-135,1999,1,0,21,0.2,0,0,0,0,0,0,0,0,0.0,0.0,0.0,0.0,0,0,0,0.00,0.00,0.00,0.00,0.00,0.07,0.00,0.07,0.07,0.07,Matches
328,Steve Mandanda,fr FRA,GK,Rennes,40-045,1985,17,17,1485,16.5,0,0,0,0,0,0,0,0,0.0,0.0,0.1,0.1,0,0,1,0.00,0.00,0.00,0.00,0.00,0.00,0.01,0.01,0.00,0.01,Matches
329,Aïssa Mandi,dz ALG,DF,Lille,33-202,1991,24,20,1733,19.3,0,0,0,0,0,0,3,0,0.3,0.3,0.4,0.8,12,82,21,0.00,0.00,0.00,0.00,0.00,0.02,0.02,0.04,0.02,0.04,Matches
330,Orel Mangala,be BEL,MF,Lyon,27-055,1998,1,1,67,0.7,0,0,0,0,0,0,0,0,0.1,0.1,0.0,0.1,1,7,3,0.00,0.00,0.00,0.00,0.00,0.07,0.03,0.10,0.07,0.10,Matches
331,Sekou Mara,fr FRA,"FW,MF",Strasbourg,22-286,2002,24,6,690,7.7,1,1,2,1,0,0,2,0,1.3,1.3,1.0,2.3,7,11,45,0.13,0.13,0.26,0.13,0.26,0.17,0.13,0.30,0.17,0.30,Matches
332,Marquinhos,br BRA,DF,Paris S-G,30-363,1994,21,18,1652,18.4,1,0,1,1,0,0,3,0,0.8,0.8,0.8,1.6,25,138,3,0.05,0.00,0.05,0.05,0.05,0.04,0.05,0.09,0.04,0.09,Matches
333,Ange Martial Tia,ml MLI,MF,Reims,18-173,2006,5,2,139,1.5,0,0,0,0,0,0,0,0,1.3,1.3,0.0,1.3,2,8,6,0.00,0.00,0.00,0.00,0.00,0.84,0.01,0.85,0.84,0.85,Matches
334,Jonas Martin,fr FRA,MF,Brest,35-033,1990,17,5,496,5.5,1,0,1,1,0,0,2,0,0.4,0.4,0.3,0.7,8,21,9,0.18,0.00,0.18,0.18,0.18,0.07,0.06,0.14,0.07,0.14,Matches
335,Han-Noah Massengo,fr FRA,MF,Auxerre,23-309,2001,16,10,963,10.7,0,0,0,0,0,0,5,0,0.4,0.4,0.4,0.8,13,28,12,0.00,0.00,0.00,0.00,0.00,0.04,0.03,0.07,0.04,0.07,Matches
336,Clinton Mata,ao ANG,DF,Lyon,32-186,1992,29,27,2370,26.3,0,4,4,0,0,0,6,0,0.2,0.2,1.4,1.6,20,88,23,0.00,0.15,0.15,0.00,0.15,0.01,0.05,0.06,0.01,0.06,Matches
337,Eliot Matazo,be BEL,MF,Monaco,23-086,2002,3,1,68,0.8,0,0,0,0,0,0,0,0,0.0,0.0,0.1,0.1,0,7,3,0.00,0.00,0.00,0.00,0.00,0.00,0.08,0.08,0.00,0.08,Matches
338,Nemanja Matić,rs SRB,MF,Lyon,36-284,1988,28,25,1988,22.1,0,1,1,0,0,0,1,0,0.1,0.1,1.3,1.3,35,150,15,0.00,0.05,0.05,0.00,0.05,0.00,0.06,0.06,0.00,0.06,Matches
339,Rudy Matondo,fr FRA,MF,Auxerre,17-060,2008,5,0,66,0.7,0,0,0,0,0,0,1,0,0.0,0.0,0.0,0.0,1,2,1,0.00,0.00,0.00,0.00,0.00,0.00,0.00,0.00,0.00,0.00,Matches
340,Azor Matusiwa,nl NED,MF,Rennes,27-014,1998,28,22,2018,22.4,1,3,4,1,0,0,3,0,1.2,1.2,1.8,3.0,17,131,24,0.04,0.13,0.18,0.04,0.18,0.05,0.08,0.13,0.05,0.13,Matches
341,Neal Maupay,fr FRA,FW,Marseille,28-271,1996,21,13,1034,11.5,4,4,8,4,0,0,3,1,4.1,4.1,2.2,6.3,11,36,79,0.35,0.35,0.70,0.35,0.70,0.36,0.19,0.55,0.36,0.55,Matches
342,Christian Mawissa,fr FRA,DF,Monaco,20-024,2005,21,16,1411,15.7,0,0,0,0,0,0,3,0,0.1,0.1,0.0,0.1,13,39,9,0.00,0.00,0.00,0.00,0.00,0.00,0.00,0.01,0.00,0.01,Matches
343,Senny Mayulu,fr FRA,MF,Paris S-G,18-360,2006,19,8,777,8.6,2,1,3,2,0,0,1,0,2.7,2.7,1.7,4.4,27,44,55,0.23,0.12,0.35,0.23,0.35,0.31,0.20,0.51,0.31,0.51,Matches
344,Ethan Mbappé,fr FRA,"MF,FW",Lille,18-134,2006,10,1,222,2.5,0,0,0,0,0,0,3,0,1.1,1.1,1.5,2.6,6,8,32,0.00,0.00,0.00,0.00,0.00,0.44,0.60,1.05,0.44,1.05,Matches
345,Ibrahim Mbaye,fr FRA,"FW,MF",Paris S-G,17-108,2008,9,4,340,3.8,1,1,2,1,0,0,0,0,1.8,1.8,1.1,2.9,15,9,54,0.26,0.26,0.53,0.26,0.53,0.48,0.30,0.78,0.48,0.78,Matches
346,Mark McKenzie,us USA,DF,Toulouse,26-076,1999,29,28,2406,26.7,1,1,2,1,0,0,1,1,1.4,1.4,0.5,1.9,9,94,5,0.04,0.04,0.07,0.04,0.07,0.05,0.02,0.07,0.05,0.07,Matches
347,Facundo Medina,ar ARG,DF,Lens,25-349,1999,28,28,2454,27.3,0,1,1,0,0,0,14,1,1.6,1.6,2.0,3.6,46,172,41,0.00,0.04,0.04,0.00,0.04,0.06,0.07,0.13,0.06,0.13,Matches
348,Henrik Meister,dk DEN,FW,Rennes,21-176,2003,4,0,63,0.7,1,0,1,1,0,0,0,0,0.1,0.1,0.3,0.3,2,1,4,1.43,0.00,1.43,1.43,1.43,0.09,0.37,0.45,0.09,0.45,Matches
349,Bamo Meïté,ci CIV,DF,Montpellier,23-160,2001,7,6,424,4.7,0,0,0,0,0,0,2,1,0.0,0.0,0.0,0.0,1,7,1,0.00,0.00,0.00,0.00,0.00,0.00,0.00,0.00,0.00,0.00,Matches
350,Bamo Meïté,ci CIV,DF,Marseille,23-160,2001,3,0,26,0.3,0,0,0,0,0,0,0,0,0.0,0.0,0.0,0.0,0,0,0,0.00,0.00,0.00,0.00,0.00,0.00,0.00,0.00,0.00,0.00,Matches
Rk,Player,Nation,Pos,Squad,Age,Born,MP,Starts,Min,90s,Gls,Ast,G+A,G-PK,PK,PKatt,CrdY,CrdR,xG,npxG,xAG,npxG+xAG,PrgC,PrgP,PrgR,Gls,Ast,G+A,G-PK,G+A-PK,xG,xAG,xG+xAG,npxG,npxG+xAG,Matches
351,Mohamed Meité,fr FRA,FW,Rennes,17-213,2007,12,5,544,6.0,2,0,2,2,0,0,0,0,2.5,2.5,0.6,3.1,8,6,37,0.33,0.00,0.33,0.33,0.33,0.41,0.10,0.51,0.41,0.51,Matches
352,Farid El Melali,dz ALG,FW,Angers,28-007,1997,31,22,1864,20.7,2,3,5,2,0,0,1,0,3.5,3.5,3.1,6.6,59,39,112,0.10,0.14,0.24,0.10,0.24,0.17,0.15,0.32,0.17,0.32,Matches
353,Nuno Mendes,pt POR,DF,Paris S-G,22-327,2002,23,18,1586,17.6,1,2,3,1,0,0,3,0,2.1,2.1,4.6,6.7,51,117,99,0.06,0.11,0.17,0.06,0.17,0.12,0.26,0.38,0.12,0.38,Matches
354,Antoine Mendy,sn SEN,DF,Nice,20-350,2004,17,7,735,8.2,0,0,0,0,0,0,2,0,0.5,0.5,0.1,0.6,10,32,13,0.00,0.00,0.00,0.00,0.00,0.06,0.01,0.07,0.06,0.07,Matches
355,Nampalys Mendy,sn SEN,MF,Lens,32-323,1992,9,6,498,5.5,0,0,0,0,0,0,2,0,0.1,0.1,0.0,0.1,1,20,2,0.00,0.00,0.00,0.00,0.00,0.01,0.00,0.01,0.01,0.01,Matches
356,Gideon Mensah,gh GHA,DF,Auxerre,26-298,1998,28,25,2190,24.3,0,1,1,0,0,0,2,0,0.2,0.2,2.6,2.8,50,92,101,0.00,0.04,0.04,0.00,0.04,0.01,0.11,0.12,0.01,0.12,Matches
357,Quentin Merlin,fr FRA,DF,Marseille,22-361,2002,26,20,1526,17.0,1,3,4,1,0,0,1,0,2.1,2.1,3.0,5.0,40,83,167,0.06,0.18,0.24,0.06,0.24,0.12,0.17,0.30,0.12,0.30,Matches
358,Rafik Messali,fr FRA,DF,Toulouse,22-014,2003,12,5,437,4.9,0,1,1,0,0,0,0,0,0.3,0.3,1.0,1.3,12,18,28,0.00,0.21,0.21,0.00,0.21,0.06,0.20,0.26,0.06,0.26,Matches
359,Thomas Meunier,be BEL,DF,Lille,33-242,1991,29,20,1838,20.4,2,0,2,2,0,0,5,0,1.8,1.8,0.6,2.4,62,122,138,0.10,0.00,0.10,0.10,0.10,0.09,0.03,0.12,0.09,0.12,Matches
360,Lucas Michal,fr FRA,"FW,MF",Monaco,19-325,2005,7,0,100,1.1,0,0,0,0,0,0,0,0,0.2,0.2,0.9,1.1,3,4,11,0.00,0.00,0.00,0.00,0.00,0.20,0.81,1.02,0.20,1.02,Matches
361,Georges Mikautadze,ge GEO,FW,Lyon,24-193,2000,33,13,1437,16.0,11,6,17,8,3,4,2,0,10.2,7.0,4.3,11.3,37,53,140,0.69,0.38,1.06,0.50,0.88,0.64,0.27,0.91,0.44,0.71,Matches
362,Igor Miladinović,rs SRB,"FW,MF",Saint-Étienne,21-338,2003,3,0,26,0.3,0,0,0,0,0,0,0,0,0.0,0.0,0.0,0.0,0,1,1,0.00,0.00,0.00,0.00,0.00,0.00,0.00,0.00,0.00,0.00,Matches
363,Takumi Minamino,jp JPN,"MF,FW",Monaco,30-116,1995,30,26,2149,23.9,6,3,9,6,0,0,4,0,8.8,8.8,6.6,15.4,50,113,186,0.25,0.13,0.38,0.25,0.38,0.37,0.27,0.64,0.37,0.64,Matches
364,Lucas Mincarelli,fr FRA,DF,Montpellier,21-127,2004,9,7,625,6.9,1,0,1,1,0,0,0,0,0.4,0.4,0.3,0.7,12,18,14,0.14,0.00,0.14,0.14,0.14,0.05,0.04,0.09,0.05,0.09,Matches
365,Terem Moffi,ng NGA,FW,Nice,25-352,1999,4,0,45,0.5,0,0,0,0,0,0,0,0,0.4,0.4,0.0,0.4,0,0,3,0.00,0.00,0.00,0.00,0.00,0.86,0.00,0.86,0.86,0.86,Matches
366,Mostafa Mohamed,eg EGY,FW,Nantes,27-165,1997,30,11,1252,13.9,5,0,5,5,0,0,3,0,5.5,5.5,0.4,5.9,11,20,50,0.36,0.00,0.36,0.36,0.36,0.40,0.03,0.43,0.40,0.43,Matches
367,Florent Mollet,fr FRA,"MF,FW",Nantes,33-174,1991,9,3,242,2.7,0,0,0,0,0,0,1,0,0.3,0.3,0.3,0.7,3,9,12,0.00,0.00,0.00,0.00,0.00,0.12,0.13,0.24,0.12,0.24,Matches
368,Diego Moreira,pt POR,"DF,MF",Strasbourg,20-279,2004,31,28,2478,27.5,2,7,9,2,0,0,4,1,2.0,2.0,7.3,9.2,96,84,236,0.07,0.25,0.33,0.07,0.33,0.07,0.26,0.34,0.07,0.34,Matches
369,Gabriel Moscardo,br BRA,"MF,DF",Reims,19-226,2005,6,0,84,0.9,0,0,0,0,0,0,1,0,0.2,0.2,0.0,0.2,1,3,3,0.00,0.00,0.00,0.00,0.00,0.22,0.00,0.22,0.22,0.22,Matches
370,Yael Mouanga,fr FRA,DF,Montpellier,19-293,2005,13,9,901,10.0,0,0,0,0,0,0,3,0,0.1,0.1,0.2,0.3,4,21,2,0.00,0.00,0.00,0.00,0.00,0.01,0.02,0.03,0.01,0.03,Matches
371,Aimen Moueffek,fr FRA,MF,Saint-Étienne,24-033,2001,21,12,1017,11.3,0,1,1,0,0,0,2,0,1.0,1.0,1.1,2.1,18,41,31,0.00,0.09,0.09,0.00,0.09,0.09,0.10,0.19,0.09,0.19,Matches
372,Youssoufa Moukoko,de GER,"FW,MF",Nice,20-173,2004,11,2,204,2.3,2,1,3,2,0,0,0,0,2.2,2.2,0.8,3.0,2,6,12,0.88,0.44,1.32,0.88,1.32,0.96,0.36,1.32,0.96,1.32,Matches
373,Louis Mouton,fr FRA,MF,Saint-Étienne,22-343,2002,24,12,1045,11.6,0,1,1,0,0,0,2,0,1.3,1.3,1.3,2.6,18,54,51,0.00,0.09,0.09,0.00,0.09,0.11,0.11,0.22,0.11,0.22,Matches
374,Ngal'Ayel Mukau,cd COD,MF,Lille,20-163,2004,21,14,1188,13.2,0,1,1,0,0,0,4,0,0.8,0.8,0.7,1.5,19,57,43,0.00,0.08,0.08,0.00,0.08,0.06,0.05,0.11,0.06,0.11,Matches
375,Marshall Munetsi,zw ZIM,MF,Reims,28-324,1996,19,19,1692,18.8,4,2,6,4,0,0,5,0,4.0,4.0,2.0,5.9,8,26,48,0.21,0.11,0.32,0.21,0.32,0.21,0.11,0.32,0.21,0.32,Matches
Rk,Player,Nation,Pos,Squad,Age,Born,MP,Starts,Min,90s,Gls,Ast,G+A,G-PK,PK,PKatt,CrdY,CrdR,xG,npxG,xAG,npxG+xAG,PrgC,PrgP,PrgR,Gls,Ast,G+A,G-PK,G+A-PK,xG,xAG,xG+xAG,npxG,npxG+xAG,Matches
376,Almoatasem Al Musrati,ly LBY,MF,Monaco,29-036,1996,10,3,386,4.3,1,1,2,1,0,0,0,0,0.5,0.5,0.4,0.9,2,41,5,0.23,0.23,0.47,0.23,0.47,0.11,0.10,0.21,0.11,0.21,Matches
377,Junior Mwanga,fr FRA,MF,Le Havre,22-001,2003,11,11,952,10.6,1,2,3,1,0,0,1,1,1.3,1.3,1.0,2.3,15,42,15,0.09,0.19,0.28,0.09,0.28,0.12,0.10,0.22,0.12,0.22,Matches
378,Junior Mwanga,fr FRA,MF,Strasbourg,22-001,2003,8,2,296,3.3,0,0,0,0,0,0,0,0,0.0,0.0,0.0,0.0,2,10,2,0.00,0.00,0.00,0.00,0.00,0.00,0.01,0.01,0.00,0.01,Matches
379,Loïc N'Gatta,fr FRA,DF,Auxerre,21-152,2003,2,0,13,0.1,0,0,0,0,0,0,1,0,0.0,0.0,0.0,0.0,2,1,0,0.00,0.00,0.00,0.00,0.00,0.00,0.00,0.00,0.00,0.00,Matches
380,Djylian N'Guessan,fr FRA,FW,Saint-Étienne,16-255,2008,7,3,173,1.9,0,0,0,0,0,0,0,0,0.4,0.4,0.1,0.5,1,8,14,0.00,0.00,0.00,0.00,0.00,0.21,0.07,0.28,0.21,0.28,Matches
381,Mickael Nade,fr FRA,DF,Saint-Étienne,26-069,1999,24,23,2126,23.6,1,2,3,1,0,0,1,0,0.7,0.7,0.6,1.3,15,68,2,0.04,0.08,0.13,0.04,0.13,0.03,0.03,0.06,0.03,0.06,Matches
382,Bilal Nadir,ma MAR,MF,Marseille,21-165,2003,14,5,356,4.0,1,0,1,1,0,0,2,0,0.6,0.6,0.4,1.0,18,18,25,0.25,0.00,0.25,0.25,0.25,0.15,0.11,0.25,0.15,0.25,Matches
383,Mahamadou Nagida,cm CMR,DF,Rennes,19-318,2005,12,4,430,4.8,2,0,2,2,0,0,1,0,1.5,1.5,0.3,1.8,22,15,55,0.42,0.00,0.42,0.42,0.42,0.31,0.07,0.38,0.31,0.38,Matches
384,Keito Nakamura,jp JPN,"FW,MF",Reims,24-288,2000,32,31,2649,29.4,11,2,13,11,0,0,5,0,9.1,9.1,2.9,12.1,90,82,197,0.37,0.07,0.44,0.37,0.44,0.31,0.10,0.41,0.31,0.41,Matches
385,Sebastian Nanasi,se SWE,"MF,FW",Strasbourg,22-361,2002,30,25,2017,22.4,5,4,9,5,0,0,0,0,6.0,6.0,4.6,10.6,52,120,122,0.22,0.18,0.40,0.22,0.40,0.27,0.20,0.47,0.27,0.47,Matches
386,Yael Nandjou,fr FRA,DF,Nice,19-310,2005,3,2,154,1.7,0,0,0,0,0,0,0,0,0.2,0.2,0.7,1.0,2,3,9,0.00,0.00,0.00,0.00,0.00,0.13,0.44,0.57,0.13,0.57,Matches
387,Youssouf Ndayishimiye,bi BDI,DF,Nice,26-197,1998,23,22,1932,21.5,3,0,3,3,0,0,5,0,0.9,0.9,0.2,1.1,17,86,9,0.14,0.00,0.14,0.14,0.14,0.04,0.01,0.05,0.04,0.05,Matches
388,Junior Ndiaye,fr FRA,FW,Montpellier,20-044,2005,14,3,351,3.9,0,0,0,0,0,0,0,0,0.4,0.4,0.2,0.6,4,6,15,0.00,0.00,0.00,0.00,0.00,0.10,0.05,0.15,0.10,0.15,Matches
389,Rassoul Ndiaye,sn SEN,MF,Le Havre,23-152,2001,26,11,1059,11.8,1,0,1,1,0,0,2,0,1.7,1.7,0.6,2.3,6,46,28,0.08,0.00,0.08,0.08,0.08,0.14,0.05,0.20,0.14,0.20,Matches
390,Wilfried Ndollo,cm CMR,DF,Montpellier,19-303,2005,7,3,335,3.7,0,0,0,0,0,0,0,0,0.0,0.0,0.0,0.0,4,6,15,0.00,0.00,0.00,0.00,0.00,0.00,0.00,0.00,0.00,0.00,Matches
391,Tanguy Ndombele,fr FRA,MF,Nice,28-135,1996,18,12,1131,12.6,1,2,3,1,0,0,2,0,2.4,2.4,2.4,4.8,22,61,36,0.08,0.16,0.24,0.08,0.24,0.19,0.19,0.38,0.19,0.38,Matches
392,Loïc Nego,hu HUN,"DF,FW",Le Havre,34-117,1991,30,27,2369,26.3,0,0,0,0,0,0,4,0,0.8,0.8,0.7,1.4,64,98,120,0.00,0.00,0.00,0.00,0.00,0.03,0.03,0.05,0.03,0.05,Matches
393,João Neves,pt POR,"MF,DF",Paris S-G,20-227,2004,28,21,1785,19.8,3,8,11,3,0,0,1,0,3.0,3.0,4.0,7.0,34,142,79,0.15,0.40,0.55,0.15,0.55,0.15,0.20,0.35,0.15,0.35,Matches
394,Mikayil Ngor Faye,sn SEN,DF,Rennes,20-302,2004,11,7,688,7.6,0,0,0,0,0,0,1,1,0.4,0.4,0.0,0.4,12,35,4,0.00,0.00,0.00,0.00,0.00,0.05,0.00,0.05,0.05,0.05,Matches
395,Steve Ngoura,fr FRA,FW,Le Havre,20-079,2005,8,2,289,3.2,0,0,0,0,0,0,0,0,1.3,1.3,0.4,1.7,3,8,19,0.00,0.00,0.00,0.00,0.00,0.40,0.14,0.54,0.40,0.54,Matches
396,Bernard Nguene,cm CMR,FW,Nice,18-281,2006,1,0,13,0.1,0,0,0,0,0,0,0,0,0.0,0.0,0.0,0.0,0,0,1,0.00,0.00,0.00,0.00,0.00,0.00,0.00,0.00,0.00,0.00,Matches
397,Moussa Niakhate,sn SEN,DF,Lyon,29-065,1996,30,29,2636,29.3,0,0,0,0,0,0,2,0,0.1,0.1,0.4,0.5,33,110,5,0.00,0.00,0.00,0.00,0.00,0.00,0.01,0.02,0.00,0.02,Matches
398,Abdoulaye Niakhate Ndiaye,sn SEN,DF,Brest,23-032,2002,21,18,1617,18.0,1,0,1,1,0,0,3,1,1.0,1.0,0.0,1.0,5,39,4,0.06,0.00,0.06,0.06,0.06,0.05,0.00,0.05,0.05,0.05,Matches
399,Ibrahima Niane,sn SEN,FW,Angers,26-062,1999,24,8,943,10.5,3,1,4,2,1,1,0,0,5.7,4.9,1.0,6.0,19,9,50,0.29,0.10,0.38,0.19,0.29,0.55,0.10,0.64,0.47,0.57,Matches
400,Rasmus Nicolaisen,dk DEN,DF,Toulouse,28-057,1997,7,7,623,6.9,0,1,1,0,0,0,0,0,0.4,0.4,0.2,0.7,3,27,2,0.00,0.14,0.14,0.00,0.14,0.06,0.03,0.10,0.06,0.10,Matches
Rk,Player,Nation,Pos,Squad,Age,Born,MP,Starts,Min,90s,Gls,Ast,G+A,G-PK,PK,PKatt,CrdY,CrdR,xG,npxG,xAG,npxG+xAG,PrgC,PrgP,PrgR,Gls,Ast,G+A,G-PK,G+A-PK,xG,xAG,xG+xAG,npxG,npxG+xAG,Matches
401,Arnaud Nordin,fr FRA,FW,Montpellier,26-329,1998,16,14,1166,13.0,4,1,5,3,1,2,2,0,4.1,2.5,0.9,3.4,51,23,111,0.31,0.08,0.39,0.23,0.31,0.32,0.07,0.39,0.19,0.26,Matches
402,Plamedi Nsingi,,MF,Nantes,24-146,2000,1,0,16,0.2,0,0,0,0,0,0,0,0,0.2,0.2,0.0,0.2,0,0,0,0.00,0.00,0.00,0.00,0.00,1.21,0.00,1.21,1.21,1.21,Matches
403,Ernest Nuamah,gh GHA,"FW,MF",Lyon,21-192,2003,23,13,1052,11.7,3,1,4,3,0,0,2,0,2.2,2.2,1.5,3.7,44,33,131,0.26,0.09,0.34,0.26,0.34,0.19,0.13,0.32,0.19,0.32,Matches
404,Rabby Nzingoula,cg CGO,MF,Montpellier,19-168,2005,26,19,1644,18.3,1,0,1,1,0,0,11,0,1.0,1.0,1.6,2.6,25,40,38,0.05,0.00,0.05,0.05,0.05,0.06,0.09,0.14,0.06,0.14,Matches
405,M'Bala Nzola,ao ANG,FW,Lens,28-267,1996,21,16,1460,16.2,6,1,7,6,0,0,3,1,8.6,8.6,1.3,9.9,26,22,118,0.37,0.06,0.43,0.37,0.43,0.53,0.08,0.61,0.53,0.61,Matches
406,Marwann Nzuzi,fr FRA,DF,Saint-Étienne,20-361,2004,2,2,125,1.4,0,0,0,0,0,0,2,0,0.0,0.0,0.1,0.1,2,2,5,0.00,0.00,0.00,0.00,0.00,0.02,0.05,0.08,0.02,0.08,Matches
407,Hamzat Ojediran,ng NGA,"MF,FW",Lens,21-179,2003,17,1,416,4.6,1,0,1,1,0,0,5,0,0.6,0.6,0.4,1.0,4,22,2,0.22,0.00,0.22,0.22,0.22,0.12,0.09,0.22,0.12,0.22,Matches
408,Joseph Okumu,ke KEN,DF,Reims,27-351,1997,21,19,1605,17.8,1,0,1,1,0,0,4,1,1.0,1.0,0.1,1.2,18,115,1,0.06,0.00,0.06,0.06,0.06,0.06,0.01,0.06,0.06,0.06,Matches
409,Kazeem Olaigbe,be BEL,"MF,FW",Rennes,22-130,2003,9,3,279,3.1,0,1,1,0,0,0,0,0,0.3,0.3,1.2,1.5,16,17,30,0.00,0.32,0.32,0.00,0.32,0.10,0.37,0.48,0.10,0.48,Matches
410,Ben Old,nz NZL,"FW,MF",Saint-Étienne,22-272,2002,12,4,506,5.6,0,0,0,0,0,0,0,0,1.0,1.0,0.8,1.8,13,13,44,0.00,0.00,0.00,0.00,0.00,0.18,0.14,0.31,0.18,0.31,Matches
411,Warmed Omari,km COM,DF,Lyon,25-019,2000,1,0,8,0.1,0,0,0,0,0,0,0,0,0.0,0.0,0.0,0.0,0,0,0,0.00,0.00,0.00,0.00,0.00,0.00,0.00,0.00,0.00,0.00,Matches
412,Becir Omeragic,ch SUI,"DF,MF",Montpellier,23-112,2002,21,20,1709,19.0,0,0,0,0,0,0,1,0,0.3,0.3,0.1,0.4,19,49,3,0.00,0.00,0.00,0.00,0.00,0.01,0.01,0.02,0.01,0.02,Matches
413,Andrew Omobamidele,ie IRL,DF,Strasbourg,22-323,2002,9,6,537,6.0,0,0,0,0,0,0,3,0,0.0,0.0,0.0,0.0,0,9,0,0.00,0.00,0.00,0.00,0.00,0.00,0.00,0.00,0.00,0.00,Matches
414,Ado Onaiwu,jp JPN,"MF,FW",Auxerre,29-185,1995,30,9,937,10.4,4,1,5,4,0,0,1,1,4.0,4.0,0.9,4.9,14,31,73,0.38,0.10,0.48,0.38,0.48,0.38,0.09,0.47,0.38,0.47,Matches
415,Christopher Operi,ci CIV,"DF,FW",Le Havre,28-013,1997,13,13,1169,13.0,0,2,2,0,0,0,2,1,0.3,0.3,2.2,2.5,28,52,65,0.00,0.15,0.15,0.00,0.15,0.02,0.17,0.19,0.02,0.19,Matches
416,Fredrik Oppegard,no NOR,DF,Auxerre,22-278,2002,8,2,253,2.8,0,0,0,0,0,0,0,0,0.1,0.1,0.1,0.2,4,7,11,0.00,0.00,0.00,0.00,0.00,0.04,0.03,0.07,0.04,0.07,Matches
417,Victor Orakpo,ng NGA,FW,Nice,18-332,2006,4,0,36,0.4,0,0,0,0,0,0,0,0,0.3,0.3,0.0,0.3,2,1,4,0.00,0.00,0.00,0.00,0.00,0.81,0.00,0.81,0.81,0.81,Matches
418,Ike Orazi,ie IRL,MF,Reims,17-335,2007,1,0,3,0.0,0,0,0,0,0,0,0,0,0.0,0.0,0.0,0.0,1,0,1,0.00,0.00,0.00,0.00,0.00,0.00,0.00,0.00,0.00,0.00,Matches
419,Gift Orban,ng NGA,"FW,DF",Lyon,22-299,2002,3,2,186,2.1,2,0,2,2,0,0,1,0,1.2,1.2,0.0,1.2,1,2,12,0.97,0.00,0.97,0.97,0.97,0.59,0.01,0.60,0.59,0.60,Matches
420,Gabriel Osho,ng NGA,DF,Auxerre,26-271,1998,19,19,1564,17.4,1,0,1,1,0,0,1,1,1.0,1.0,0.1,1.1,12,43,2,0.06,0.00,0.06,0.06,0.06,0.06,0.01,0.06,0.06,0.06,Matches
421,Jibril Othman,tn TUN,FW,Saint-Étienne,21-016,2004,1,0,5,0.1,0,0,0,0,0,0,0,0,0.0,0.0,0.0,0.0,0,0,0,0.00,0.00,0.00,0.00,0.00,0.00,0.00,0.00,0.00,0.00,Matches
422,Guimissongui Ouattara,fr FRA,"DF,FW",Strasbourg,19-202,2005,16,3,459,5.1,1,1,2,1,0,0,1,0,0.3,0.3,0.5,0.8,7,18,14,0.20,0.20,0.39,0.20,0.39,0.07,0.10,0.17,0.07,0.17,Matches
423,Kassoum Ouattara,fr FRA,"DF,FW",Monaco,20-210,2004,12,5,391,4.3,0,1,1,0,0,0,2,0,0.2,0.2,1.2,1.4,15,16,35,0.00,0.23,0.23,0.00,0.23,0.04,0.28,0.31,0.04,0.31,Matches
424,Zinédine Ould Khaled,fr FRA,MF,Angers,25-118,2000,9,3,282,3.1,0,0,0,0,0,0,1,0,0.0,0.0,0.0,0.0,1,5,5,0.00,0.00,0.00,0.00,0.00,0.00,0.00,0.00,0.00,0.00,Matches
425,Beres Owusu,fr FRA,DF,Saint-Étienne,21-235,2003,1,1,90,1.0,0,0,0,0,0,0,0,0,0.0,0.0,0.0,0.0,0,3,0,0.00,0.00,0.00,0.00,0.00,0.00,0.03,0.03,0.00,0.03,Matches
Rk,Player,Nation,Pos,Squad,Age,Born,MP,Starts,Min,90s,Gls,Ast,G+A,G-PK,PK,PKatt,CrdY,CrdR,xG,npxG,xAG,npxG+xAG,PrgC,PrgP,PrgR,Gls,Ast,G+A,G-PK,G+A-PK,xG,xAG,xG+xAG,npxG,npxG+xAG,Matches
426,Elisha Owusu,gh GHA,MF,Auxerre,27-186,1997,27,27,2254,25.0,1,3,4,1,0,0,7,0,0.4,0.4,1.0,1.4,8,77,32,0.04,0.12,0.16,0.04,0.16,0.01,0.04,0.05,0.01,0.05,Matches
427,Willian Pacho,ec ECU,DF,Paris S-G,23-208,2001,27,22,2042,22.7,0,1,1,0,0,0,2,0,0.3,0.3,0.2,0.5,3,50,1,0.00,0.04,0.04,0.00,0.04,0.01,0.01,0.02,0.01,0.02,Matches
428,Nicolas Pallois,fr FRA,DF,Nantes,37-235,1987,25,22,1946,21.6,0,2,2,0,0,0,8,0,0.4,0.4,0.4,0.8,6,52,5,0.00,0.09,0.09,0.00,0.09,0.02,0.02,0.04,0.02,0.04,Matches
429,Nicolas Pays,fr FRA,"FW,MF",Montpellier,21-278,2003,9,4,447,5.0,0,0,0,0,0,0,0,0,1.3,1.3,0.1,1.5,21,14,53,0.00,0.00,0.00,0.00,0.00,0.27,0.03,0.29,0.27,0.29,Matches
430,Kévin Pedro,fr FRA,DF,Saint-Étienne,19-080,2006,1,0,10,0.1,0,0,0,0,0,0,0,0,0.0,0.0,0.0,0.0,2,0,1,0.00,0.00,0.00,0.00,0.00,0.00,0.00,0.00,0.00,0.00,Matches
431,Jordan Pefok,us USA,FW,Reims,29-016,1996,6,5,311,3.5,1,0,1,1,0,0,0,0,0.9,0.9,0.7,1.6,2,4,7,0.29,0.00,0.29,0.29,0.29,0.25,0.20,0.45,0.25,0.45,Matches
432,Théo Pellenard,fr FRA,DF,Auxerre,31-069,1994,2,0,45,0.5,0,0,0,0,0,0,0,0,0.0,0.0,0.0,0.0,1,1,1,0.00,0.00,0.00,0.00,0.00,0.00,0.00,0.00,0.00,0.00,Matches
433,Timothee Pembele,fr FRA,DF,Le Havre,22-245,2002,19,12,1086,12.1,1,0,1,1,0,0,3,0,1.3,1.3,0.1,1.4,26,42,44,0.08,0.00,0.08,0.08,0.08,0.11,0.01,0.12,0.11,0.12,Matches
434,Faris Pemi Moumbagna,cm CMR,FW,Marseille,24-315,2000,1,0,8,0.1,0,0,0,0,0,0,0,0,0.0,0.0,0.0,0.0,0,0,0,0.00,0.00,0.00,0.00,0.00,0.00,0.00,0.00,0.00,0.00,Matches
435,Óscar Perea,co COL,"MF,DF",Strasbourg,19-227,2005,2,0,14,0.2,0,0,0,0,0,0,0,0,0.0,0.0,0.0,0.0,1,2,4,0.00,0.00,0.00,0.00,0.00,0.09,0.00,0.09,0.09,0.09,Matches
436,Mathias Pereira Lage,pt POR,"FW,MF",Brest,28-163,1996,28,17,1508,16.8,2,7,9,2,0,0,4,0,3.2,3.2,3.5,6.6,31,39,92,0.12,0.42,0.54,0.12,0.54,0.19,0.21,0.39,0.19,0.39,Matches
437,Lucas Perri,br BRA,GK,Lyon,27-153,1997,32,32,2880,32.0,0,0,0,0,0,0,1,0,0.0,0.0,0.0,0.0,0,0,0,0.00,0.00,0.00,0.00,0.00,0.00,0.00,0.00,0.00,0.00,Matches
438,Gaëtan Perrin,fr FRA,"MF,FW",Auxerre,28-339,1996,33,30,2608,29.0,10,10,20,10,0,0,1,0,6.1,6.1,7.6,13.7,80,138,123,0.35,0.35,0.69,0.35,0.69,0.21,0.26,0.47,0.21,0.47,Matches
439,Prosper Peter,ng NGA,MF,Angers,17-276,2007,1,0,20,0.2,0,0,0,0,0,0,0,0,0.0,0.0,0.0,0.0,0,0,0,0.00,0.00,0.00,0.00,0.00,0.00,0.00,0.00,0.00,0.00,Matches
440,Léo Pétrot,fr FRA,DF,Saint-Étienne,28-027,1997,29,27,2454,27.3,0,3,3,0,0,0,4,0,0.6,0.6,1.5,2.1,27,89,95,0.00,0.11,0.11,0.00,0.11,0.02,0.06,0.08,0.02,0.08,Matches
441,Đorđe Petrović,rs SRB,GK,Strasbourg,25-216,1999,30,30,2700,30.0,0,0,0,0,0,0,2,0,0.0,0.0,0.0,0.0,1,1,0,0.00,0.00,0.00,0.00,0.00,0.00,0.00,0.00,0.00,0.00,Matches
442,Tom Pouilly,fr FRA,"DF,MF",Lens,21-328,2003,9,2,262,2.9,0,0,0,0,0,0,1,0,0.4,0.4,0.1,0.6,11,11,32,0.00,0.00,0.00,0.00,0.00,0.14,0.05,0.19,0.14,0.19,Matches
443,Adrien Rabiot,fr FRA,MF,Marseille,30-039,1995,28,26,2395,26.6,7,4,11,7,0,0,4,0,6.1,6.1,3.8,9.9,78,161,169,0.26,0.15,0.41,0.26,0.41,0.23,0.14,0.37,0.23,0.37,Matches
444,Gonçalo Ramos,pt POR,FW,Paris S-G,23-326,2001,21,12,1049,11.7,10,3,13,8,2,2,0,0,12.8,11.2,2.2,13.4,10,24,63,0.86,0.26,1.12,0.69,0.94,1.10,0.19,1.29,0.96,1.15,Matches
445,Lilian Raolisoa,fr FRA,"DF,FW",Angers,24-330,2000,28,13,1235,13.7,0,3,3,0,0,0,0,2,0.6,0.6,1.9,2.6,30,44,55,0.00,0.22,0.22,0.00,0.22,0.05,0.14,0.19,0.05,0.19,Matches
446,Rayan Raveloson,mg MAD,"MF,DF",Auxerre,28-116,1997,13,7,724,8.0,1,0,1,1,0,0,3,0,0.8,0.8,0.2,1.0,5,31,12,0.12,0.00,0.12,0.12,0.12,0.10,0.02,0.12,0.10,0.12,Matches
447,Guillaume Restes,fr FRA,GK,Toulouse,20-062,2005,28,28,2453,27.3,0,1,1,0,0,0,1,0,0.0,0.0,0.1,0.1,0,0,0,0.00,0.04,0.04,0.00,0.04,0.00,0.00,0.00,0.00,0.00,Matches
448,Alexsandro Ribeiro,br BRA,DF,Lille,25-276,1999,29,29,2610,29.0,1,1,2,1,0,0,10,0,1.5,1.5,0.4,1.9,24,171,8,0.03,0.03,0.07,0.03,0.07,0.05,0.01,0.06,0.05,0.06,Matches
449,Alejandro Rodriguez,pt POR,MF,Lyon,17-063,2008,1,0,20,0.2,0,0,0,0,0,0,0,0,0.0,0.0,0.0,0.0,0,0,1,0.00,0.00,0.00,0.00,0.00,0.00,0.00,0.00,0.00,0.00,Matches
450,Valentin Rongier,fr FRA,"MF,DF",Marseille,30-156,1994,25,17,1562,17.4,3,1,4,3,0,0,5,0,1.0,1.0,1.1,2.1,25,110,28,0.17,0.06,0.23,0.17,0.23,0.06,0.06,0.12,0.06,0.12,Matches
Rk,Player,Nation,Pos,Squad,Age,Born,MP,Starts,Min,90s,Gls,Ast,G+A,G-PK,PK,PKatt,CrdY,CrdR,xG,npxG,xAG,npxG+xAG,PrgC,PrgP,PrgR,Gls,Ast,G+A,G-PK,G+A-PK,xG,xAG,xG+xAG,npxG,npxG+xAG,Matches
451,Pablo Rosario,nl NED,"MF,DF",Nice,28-125,1997,29,21,1775,19.7,3,1,4,2,1,1,6,1,3.8,3.0,0.6,3.5,17,89,25,0.15,0.05,0.20,0.10,0.15,0.19,0.03,0.22,0.15,0.18,Matches
452,Anthony Rouault,fr FRA,DF,Rennes,23-348,2001,10,10,882,9.8,0,0,0,0,0,0,2,0,0.5,0.5,0.0,0.5,3,35,0,0.00,0.00,0.00,0.00,0.00,0.05,0.00,0.05,0.05,0.05,Matches
453,Jon Rowe,eng ENG,"FW,MF",Marseille,22-012,2003,27,5,737,8.2,3,2,5,3,0,0,2,0,3.3,3.3,3.9,7.2,27,27,86,0.37,0.24,0.61,0.37,0.61,0.41,0.48,0.89,0.41,0.89,Matches
454,Fabián Ruiz Peña,es ESP,MF,Paris S-G,29-039,1996,29,20,1864,20.7,4,4,8,4,0,0,1,0,4.3,4.3,4.6,8.9,46,196,88,0.19,0.19,0.39,0.19,0.39,0.21,0.22,0.43,0.21,0.43,Matches
455,Gerónimo Rulli,ar ARG,GK,Marseille,32-357,1992,33,33,2970,33.0,0,0,0,0,0,0,1,0,0.0,0.0,0.1,0.1,0,1,0,0.00,0.00,0.00,0.00,0.00,0.00,0.00,0.00,0.00,0.00,Matches
456,Mathew Ryan,au AUS,GK,Lens,33-034,1992,13,13,1170,13.0,0,0,0,0,0,0,0,0,0.0,0.0,0.0,0.0,0,0,0,0.00,0.00,0.00,0.00,0.00,0.00,0.00,0.00,0.00,0.00,Matches
457,Emmanuel Sabbi,us USA,"FW,MF",Le Havre,27-139,1997,15,7,653,7.3,0,0,0,0,0,0,1,0,1.9,1.9,0.6,2.5,11,15,39,0.00,0.00,0.00,0.00,0.00,0.27,0.08,0.35,0.27,0.35,Matches
458,Falaye Sacko,ml MLI,DF,Montpellier,30-011,1995,15,13,1143,12.7,0,1,1,0,0,0,1,0,0.0,0.0,0.2,0.2,21,59,34,0.00,0.08,0.08,0.00,0.08,0.00,0.01,0.01,0.00,0.01,Matches
459,Matvei Safonov,ru RUS,GK,Paris S-G,26-076,1999,10,9,879,9.8,0,0,0,0,0,0,0,0,0.0,0.0,0.0,0.0,0,0,0,0.00,0.00,0.00,0.00,0.00,0.00,0.00,0.00,0.00,0.00,Matches
460,Modibo Sagnan,ml MLI,DF,Montpellier,26-028,1999,25,23,2006,22.3,2,0,2,2,0,0,10,0,0.7,0.7,0.6,1.3,13,51,3,0.09,0.00,0.09,0.09,0.09,0.03,0.03,0.06,0.03,0.06,Matches
461,Osame Sahraoui,ma MAR,"FW,MF",Lille,23-335,2001,29,10,1282,14.2,3,3,6,3,0,0,1,0,2.9,2.9,3.6,6.5,68,89,158,0.21,0.21,0.42,0.21,0.42,0.21,0.25,0.46,0.21,0.46,Matches
462,Wesley Saïd,fr FRA,FW,Lens,30-023,1995,23,11,902,10.0,3,0,3,3,0,0,4,0,3.2,3.2,1.0,4.2,16,24,53,0.30,0.00,0.30,0.30,0.30,0.32,0.10,0.42,0.32,0.42,Matches
463,Théo Sainte-Luce,fr FRA,DF,Montpellier,26-204,1998,15,10,973,10.8,1,0,1,1,0,0,3,0,1.0,1.0,0.8,1.8,19,22,33,0.09,0.00,0.09,0.09,0.09,0.10,0.07,0.17,0.10,0.17,Matches
464,Ibrahim Salah,ma MAR,FW,Brest,23-255,2001,12,4,358,4.0,1,1,2,1,0,0,0,0,0.6,0.6,0.6,1.1,15,7,40,0.25,0.25,0.50,0.25,0.50,0.15,0.14,0.29,0.15,0.29,Matches
465,Amine Salama,fr FRA,FW,Reims,24-298,2000,17,2,373,4.1,0,0,0,0,0,0,0,0,0.7,0.7,0.3,1.0,12,9,28,0.00,0.00,0.00,0.00,0.00,0.17,0.08,0.25,0.17,0.25,Matches
466,Mohammed Salisu,gh GHA,DF,Monaco,26-025,1999,15,11,1023,11.4,1,0,1,1,0,0,2,0,0.8,0.8,0.1,0.8,8,68,3,0.09,0.00,0.09,0.09,0.09,0.07,0.00,0.07,0.07,0.07,Matches
467,Yoann Salmier,gf GUF,DF,Le Havre,32-172,1992,13,9,797,8.9,0,0,0,0,0,0,3,0,0.8,0.8,0.2,1.1,7,24,1,0.00,0.00,0.00,0.00,0.00,0.10,0.02,0.12,0.10,0.12,Matches
468,Mama Samba Baldé,gw GNB,FW,Lyon,29-187,1995,2,0,33,0.4,0,0,0,0,0,0,0,0,0.1,0.1,0.0,0.1,1,1,2,0.00,0.00,0.00,0.00,0.00,0.31,0.00,0.31,0.31,0.31,Matches
469,Mama Samba Baldé,gw GNB,FW,Brest,29-187,1995,26,12,1141,12.7,2,3,5,2,0,0,3,0,2.8,2.8,2.1,4.9,35,22,100,0.16,0.24,0.39,0.16,0.39,0.22,0.17,0.39,0.22,0.39,Matches
470,Brice Samba,fr FRA,GK,Rennes,31-017,1994,16,16,1440,16.0,0,0,0,0,0,0,3,0,0.0,0.0,0.0,0.0,0,1,0,0.00,0.00,0.00,0.00,0.00,0.00,0.00,0.00,0.00,0.00,Matches
471,Brice Samba,fr FRA,GK,Lens,31-017,1994,15,15,1350,15.0,0,0,0,0,0,0,1,0,0.0,0.0,0.0,0.0,0,1,0,0.00,0.00,0.00,0.00,0.00,0.00,0.00,0.00,0.00,0.00,Matches
472,Arouna Sangante,sn SEN,DF,Le Havre,23-030,2002,15,15,1182,13.1,3,0,3,3,0,0,4,1,1.0,1.0,0.1,1.1,11,45,2,0.23,0.00,0.23,0.23,0.23,0.08,0.01,0.08,0.08,0.08,Matches
473,Nhoa Sangui,fr FRA,"DF,MF",Reims,19-074,2006,25,10,1136,12.6,0,2,2,0,0,0,3,0,0.1,0.1,0.5,0.6,21,45,53,0.00,0.16,0.16,0.00,0.16,0.01,0.04,0.05,0.01,0.05,Matches
474,Morgan Sanson,fr FRA,MF,Nice,30-267,1994,5,3,222,2.5,3,0,3,3,0,0,0,0,1.5,1.5,0.1,1.6,5,12,16,1.22,0.00,1.22,1.22,1.22,0.61,0.02,0.64,0.61,0.64,Matches
475,Baptiste Santamaria,fr FRA,MF,Nice,30-064,1995,12,10,859,9.5,0,0,0,0,0,0,1,0,0.9,0.9,1.0,1.9,9,43,10,0.00,0.00,0.00,0.00,0.00,0.10,0.10,0.20,0.10,0.20,Matches
Rk,Player,Nation,Pos,Squad,Age,Born,MP,Starts,Min,90s,Gls,Ast,G+A,G-PK,PK,PKatt,CrdY,CrdR,xG,npxG,xAG,npxG+xAG,PrgC,PrgP,PrgR,Gls,Ast,G+A,G-PK,G+A-PK,xG,xAG,xG+xAG,npxG,npxG+xAG,Matches
476,Baptiste Santamaria,fr FRA,MF,Rennes,30-064,1995,10,5,482,5.4,0,1,1,0,0,0,1,0,0.1,0.1,0.3,0.4,3,28,9,0.00,0.19,0.19,0.00,0.19,0.02,0.05,0.07,0.02,0.07,Matches
477,Andrey Santos,br BRA,MF,Strasbourg,21-009,2004,31,31,2765,30.7,9,3,12,9,0,0,8,0,4.9,4.9,3.3,8.2,29,147,26,0.29,0.10,0.39,0.29,0.39,0.16,0.11,0.27,0.16,0.27,Matches
478,Tiago Santos,pt POR,DF,Lille,22-293,2002,7,4,404,4.5,0,0,0,0,0,0,1,0,0.4,0.4,0.6,1.0,24,17,43,0.00,0.00,0.00,0.00,0.00,0.09,0.13,0.22,0.09,0.22,Matches
479,Malang Sarr,fr FRA,DF,Lens,26-109,1999,20,15,1384,15.4,0,0,0,0,0,0,0,0,0.3,0.3,0.3,0.6,4,54,1,0.00,0.00,0.00,0.00,0.00,0.02,0.02,0.04,0.02,0.04,Matches
480,Mamadou Sarr,fr FRA,DF,Strasbourg,19-256,2005,26,26,2275,25.3,0,1,1,0,0,0,4,0,0.8,0.8,0.3,1.1,7,51,1,0.00,0.04,0.04,0.00,0.04,0.03,0.01,0.04,0.03,0.04,Matches
481,Martin Satriano,uy URU,"FW,DF",Lens,24-081,2001,6,0,77,0.9,0,0,0,0,0,0,0,0,0.4,0.4,0.1,0.5,2,2,14,0.00,0.00,0.00,0.00,0.00,0.43,0.14,0.57,0.43,0.57,Matches
482,Téji Savanier,fr FRA,MF,Montpellier,33-141,1991,29,25,2228,24.8,2,5,7,0,2,2,3,1,3.8,2.3,6.9,9.1,25,181,106,0.08,0.20,0.28,0.00,0.20,0.16,0.28,0.43,0.09,0.37,Matches
483,Niklas Schmidt,de GER,MF,Toulouse,27-072,1998,9,2,205,2.3,0,1,1,0,0,0,0,0,0.1,0.1,0.7,0.8,2,23,1,0.00,0.44,0.44,0.00,0.44,0.03,0.31,0.34,0.03,0.34,Matches
484,Jérémy Sebas,mq MTQ,"FW,MF",Strasbourg,22-028,2003,13,1,190,2.1,0,0,0,0,0,0,0,0,0.7,0.7,0.0,0.7,6,3,10,0.00,0.00,0.00,0.00,0.00,0.35,0.01,0.35,0.35,0.35,Matches
485,Alidu Seidu,gh GHA,DF,Rennes,24-342,2000,11,10,803,8.9,0,0,0,0,0,0,4,0,0.1,0.1,0.3,0.4,23,41,17,0.00,0.00,0.00,0.00,0.00,0.01,0.03,0.05,0.01,0.05,Matches
486,Hiroki Sekine,jp JPN,DF,Reims,22-274,2002,14,8,797,8.9,0,0,0,0,0,0,1,0,0.1,0.1,0.2,0.4,20,36,40,0.00,0.00,0.00,0.00,0.00,0.02,0.03,0.04,0.02,0.04,Matches
487,Marvin Senaya,tg TOG,DF,Strasbourg,24-104,2001,10,1,227,2.5,0,0,0,0,0,0,3,0,0.0,0.0,0.1,0.1,1,5,2,0.00,0.00,0.00,0.00,0.00,0.01,0.05,0.06,0.01,0.06,Matches
488,Djibril Sidibé,fr FRA,DF,Toulouse,32-287,1992,27,23,2030,22.6,0,3,3,0,0,0,1,0,0.4,0.4,2.6,3.0,15,114,46,0.00,0.13,0.13,0.00,0.13,0.02,0.11,0.13,0.02,0.13,Matches
489,Vincent Sierro,ch SUI,MF,Toulouse,29-216,1995,28,26,2312,25.7,5,1,6,3,2,2,4,0,4.2,2.6,2.9,5.6,15,141,25,0.19,0.04,0.23,0.12,0.16,0.16,0.11,0.28,0.10,0.22,Matches
490,Caio Henrique Oliveira Silva,br BRA,DF,Monaco,27-285,1997,26,20,1839,20.4,0,6,6,0,0,0,3,0,0.2,0.2,5.0,5.2,53,98,140,0.00,0.29,0.29,0.00,0.29,0.01,0.25,0.25,0.01,0.25,Matches
491,Abdallah Sima,sn SEN,"FW,MF",Brest,23-329,2001,26,14,1211,13.5,7,2,9,7,0,0,2,0,5.9,5.9,1.0,6.9,36,24,91,0.52,0.15,0.67,0.52,0.67,0.44,0.07,0.51,0.44,0.51,Matches
492,Moses Simon,ng NGA,"FW,MF",Nantes,29-304,1995,31,30,2523,28.0,7,9,16,4,3,3,2,0,4.9,2.6,6.1,8.8,142,56,219,0.25,0.32,0.57,0.14,0.46,0.18,0.22,0.39,0.09,0.31,Matches
493,Lassine Sinayoko,ml MLI,"FW,MF",Auxerre,25-155,1999,33,24,2216,24.6,4,8,12,3,1,1,5,0,6.2,5.5,5.5,11.0,52,61,187,0.16,0.32,0.49,0.12,0.45,0.25,0.23,0.48,0.22,0.45,Matches
494,Wilfried Singo,ci CIV,DF,Monaco,24-138,2000,26,22,2006,22.3,1,2,3,1,0,0,4,0,1.9,1.9,1.5,3.4,34,113,27,0.04,0.09,0.13,0.04,0.13,0.09,0.07,0.15,0.09,0.15,Matches
495,Ayanda Sishuba,be BEL,FW,Rennes,20-099,2005,1,0,3,0.0,0,0,0,0,0,0,0,0,0.0,0.0,0.0,0.0,0,0,0,0.00,0.00,0.00,0.00,0.00,0.00,0.00,0.00,0.00,0.00,Matches
496,Ibrahim Sissoko,ml MLI,FW,Saint-Étienne,29-166,1995,20,8,819,9.1,3,1,4,2,1,1,1,0,4.3,3.5,0.6,4.1,14,12,36,0.33,0.11,0.44,0.22,0.33,0.48,0.06,0.54,0.39,0.45,Matches
497,Niama Sissoko,ml MLI,"FW,MF",Reims,19-147,2005,4,0,47,0.5,0,0,0,0,0,0,0,0,0.3,0.3,0.0,0.3,1,1,2,0.00,0.00,0.00,0.00,0.00,0.54,0.00,0.54,0.54,0.54,Matches
498,Leo Skiri Østigård,no NOR,DF,Rennes,25-165,1999,16,14,1227,13.6,1,0,1,1,0,0,4,0,0.7,0.7,0.2,0.9,3,50,1,0.07,0.00,0.07,0.07,0.07,0.05,0.02,0.07,0.05,0.07,Matches
499,Milan Škriniar,sk SVK,DF,Paris S-G,30-090,1995,5,4,382,4.2,0,0,0,0,0,0,1,0,0.2,0.2,0.1,0.3,3,20,0,0.00,0.00,0.00,0.00,0.00,0.04,0.02,0.06,0.04,0.06,Matches
500,Naatan Skyttä,fi FIN,FW,Toulouse,23-005,2002,1,0,5,0.1,0,0,0,0,0,0,0,0,0.0,0.0,0.0,0.0,0,0,0,0.00,0.00,0.00,0.00,0.00,0.00,0.00,0.00,0.00,0.00,Matches
Rk,Player,Nation,Pos,Squad,Age,Born,MP,Starts,Min,90s,Gls,Ast,G+A,G-PK,PK,PKatt,CrdY,CrdR,xG,npxG,xAG,npxG+xAG,PrgC,PrgP,PrgR,Gls,Ast,G+A,G-PK,G+A-PK,xG,xAG,xG+xAG,npxG,npxG+xAG,Matches
501,Eduard Sobol,ua UKR,DF,Strasbourg,30-022,1995,10,0,95,1.1,0,0,0,0,0,0,2,0,0.0,0.0,0.0,0.0,0,3,2,0.00,0.00,0.00,0.00,0.00,0.00,0.00,0.00,0.00,0.00,Matches
502,Florian Sotoca,fr FRA,"FW,MF",Lens,34-199,1990,30,22,1783,19.8,1,1,2,1,0,0,2,1,4.6,4.6,1.5,6.1,44,103,170,0.05,0.05,0.10,0.05,0.10,0.23,0.08,0.31,0.23,0.31,Matches
503,Issa Soumaré,sn SEN,"FW,MF",Le Havre,24-214,2000,28,20,1812,20.1,5,3,8,5,0,0,0,0,3.4,3.4,2.6,6.0,60,43,141,0.25,0.15,0.40,0.25,0.40,0.17,0.13,0.30,0.17,0.30,Matches
504,Saidou Sow,gn GUI,DF,Strasbourg,22-312,2002,12,11,1018,11.3,0,1,1,0,0,0,2,0,0.3,0.3,0.2,0.5,0,16,2,0.00,0.09,0.09,0.00,0.09,0.03,0.01,0.04,0.03,0.04,Matches
505,Saidou Sow,gn GUI,DF,Nantes,22-312,2002,9,9,799,8.9,1,0,1,1,0,0,1,0,0.6,0.6,0.4,1.1,2,15,0,0.11,0.00,0.11,0.11,0.11,0.07,0.05,0.12,0.07,0.12,Matches
506,Lucas Stassin,be BEL,FW,Saint-Étienne,20-165,2004,27,22,1797,20.0,10,4,14,10,0,0,4,0,7.0,7.0,3.4,10.4,26,35,149,0.50,0.20,0.70,0.50,0.70,0.35,0.17,0.53,0.35,0.52,Matches
507,Enzo Sternal,fr FRA,"FW,MF",Marseille,17-349,2007,2,0,24,0.3,0,0,0,0,0,0,1,0,0.0,0.0,0.0,0.0,0,0,0,0.00,0.00,0.00,0.00,0.00,0.00,0.09,0.09,0.00,0.09,Matches
508,Gabriel Suazo,cl CHI,DF,Toulouse,27-276,1997,30,23,2163,24.0,0,6,6,0,0,0,0,0,0.8,0.8,3.8,4.7,42,109,118,0.00,0.25,0.25,0.00,0.25,0.03,0.16,0.19,0.03,0.19,Matches
509,Abakar Sylla,ci CIV,DF,Strasbourg,22-138,2002,21,10,950,10.6,1,0,1,1,0,0,2,1,0.4,0.4,0.1,0.5,0,21,3,0.09,0.00,0.09,0.09,0.09,0.04,0.01,0.05,0.04,0.05,Matches
510,Issiaga Sylla,gn GUI,DF,Montpellier,31-131,1994,18,15,1111,12.3,1,0,1,1,0,0,2,0,1.8,1.8,0.6,2.4,33,53,46,0.08,0.00,0.08,0.08,0.08,0.15,0.05,0.19,0.15,0.19,Matches
511,Musa Al-Taamari,jo JOR,"FW,MF",Montpellier,27-336,1997,15,12,1116,12.4,2,1,3,2,0,0,3,0,2.6,2.6,1.5,4.1,55,30,76,0.16,0.08,0.24,0.16,0.24,0.21,0.12,0.33,0.21,0.33,Matches
512,Musa Al-Taamari,jo JOR,"FW,MF",Rennes,27-336,1997,11,7,567,6.3,1,0,1,1,0,0,1,0,2.4,2.4,1.3,3.8,21,8,39,0.16,0.00,0.16,0.16,0.16,0.39,0.21,0.60,0.39,0.60,Matches
513,Nicolás Tagliafico,ar ARG,DF,Lyon,32-254,1992,23,21,1812,20.1,3,1,4,3,0,0,7,0,2.9,2.9,0.8,3.7,30,91,75,0.15,0.05,0.20,0.15,0.20,0.14,0.04,0.18,0.14,0.18,Matches
514,Axel Tapé,fr FRA,"DF,MF",Paris S-G,17-275,2007,2,2,180,2.0,0,0,0,0,0,0,1,0,0.0,0.0,0.0,0.1,1,5,1,0.00,0.00,0.00,0.00,0.00,0.02,0.00,0.03,0.02,0.03,Matches
515,Florian Tardieu,fr FRA,MF,Saint-Étienne,33-020,1992,22,11,1072,11.9,1,4,5,1,0,0,0,0,0.4,0.4,1.3,1.7,11,124,40,0.08,0.34,0.42,0.08,0.42,0.04,0.11,0.14,0.04,0.14,Matches
516,Oussama Targhalline,ma MAR,MF,Le Havre,22-357,2002,14,12,990,11.0,0,0,0,0,0,0,0,0,0.1,0.1,0.7,0.9,25,66,34,0.00,0.00,0.00,0.00,0.00,0.01,0.06,0.08,0.01,0.08,Matches
517,Enzo Tchato,cm CMR,DF,Montpellier,22-170,2002,26,20,1875,20.8,0,0,0,0,0,0,3,0,0.1,0.1,1.5,1.7,44,62,93,0.00,0.00,0.00,0.00,0.00,0.01,0.07,0.08,0.01,0.08,Matches
518,Arnau Tenas,es ESP,GK,Paris S-G,23-347,2001,1,1,90,1.0,0,1,1,0,0,0,0,0,0.0,0.0,0.2,0.2,0,1,0,0.00,1.00,1.00,0.00,1.00,0.00,0.21,0.21,0.00,0.21,Matches
519,Tanner Tessmann,us USA,MF,Lyon,23-230,2001,24,12,1166,13.0,1,0,1,1,0,0,3,0,0.9,0.9,0.6,1.5,11,48,25,0.08,0.00,0.08,0.08,0.08,0.07,0.05,0.12,0.07,0.12,Matches
520,Teddy Teuma,mt MLT,MF,Reims,31-224,1993,17,9,750,8.3,1,0,1,0,1,1,1,0,1.4,0.6,1.1,1.7,9,47,34,0.12,0.00,0.12,0.00,0.00,0.17,0.13,0.30,0.07,0.21,Matches
521,Jordan Teze,nl NED,DF,Monaco,25-224,1999,15,7,524,5.8,1,0,1,1,0,0,2,1,1.2,1.2,1.4,2.6,8,29,40,0.17,0.00,0.17,0.17,0.17,0.21,0.24,0.45,0.21,0.45,Matches
522,Sorba Thomas,wls WAL,"FW,MF",Nantes,25-263,1999,24,14,1250,13.9,1,3,4,1,0,0,2,0,1.5,1.5,3.1,4.6,40,34,89,0.07,0.22,0.29,0.07,0.29,0.11,0.22,0.33,0.11,0.33,Matches
523,Adrien Thomasson,fr FRA,MF,Lens,31-153,1993,32,30,2525,28.1,2,7,9,2,0,0,7,0,5.1,5.1,5.9,11.0,26,148,131,0.07,0.25,0.32,0.07,0.32,0.18,0.21,0.39,0.18,0.39,Matches
524,Corentin Tolisso,fr FRA,MF,Lyon,30-282,1994,31,27,2316,25.7,7,4,11,7,0,0,4,0,5.2,5.2,4.9,10.1,31,165,133,0.27,0.16,0.43,0.27,0.43,0.20,0.19,0.39,0.20,0.39,Matches
525,Abdoulaye Touré,gn GUI,MF,Le Havre,31-070,1994,27,25,2234,24.8,8,1,9,2,6,7,5,0,7.8,2.2,0.4,2.6,16,105,27,0.32,0.04,0.36,0.08,0.12,0.32,0.02,0.33,0.09,0.10,Matches
Rk,Player,Nation,Pos,Squad,Age,Born,MP,Starts,Min,90s,Gls,Ast,G+A,G-PK,PK,PKatt,CrdY,CrdR,xG,npxG,xAG,npxG+xAG,PrgC,PrgP,PrgR,Gls,Ast,G+A,G-PK,G+A-PK,xG,xAG,xG+xAG,npxG,npxG+xAG,Matches
526,Birama Touré,ml MLI,"MF,DF",Montpellier,32-340,1992,8,2,300,3.3,0,0,0,0,0,0,2,0,0.0,0.0,0.1,0.1,0,9,2,0.00,0.00,0.00,0.00,0.00,0.01,0.03,0.04,0.01,0.04,Matches
527,Ousmane Toure,fr FRA,DF,Lille,20-083,2005,1,0,6,0.1,0,0,0,0,0,0,0,0,0.0,0.0,0.0,0.0,0,2,0,0.00,0.00,0.00,0.00,0.00,0.00,0.00,0.00,0.00,0.00,Matches
528,Adrien Truffert,fr FRA,"DF,MF",Rennes,23-173,2001,32,30,2662,29.6,2,2,4,2,0,0,3,0,2.4,2.3,3.2,5.5,65,102,239,0.07,0.07,0.14,0.07,0.14,0.08,0.11,0.19,0.08,0.19,Matches
529,Vanderson,br BRA,DF,Monaco,23-325,2001,28,23,2019,22.4,1,3,4,1,0,0,6,1,2.2,2.2,3.1,5.3,57,102,150,0.04,0.13,0.18,0.04,0.18,0.10,0.14,0.24,0.10,0.24,Matches
530,Robinio Vaz,fr FRA,FW,Marseille,18-084,2007,2,0,75,0.8,0,0,0,0,0,0,1,0,0.5,0.5,0.0,0.5,3,0,6,0.00,0.00,0.00,0.00,0.00,0.61,0.00,0.61,0.61,0.61,Matches
531,Jordan Veretout,fr FRA,MF,Lyon,32-072,1993,26,18,1463,16.3,2,0,2,2,0,0,3,0,1.8,1.8,0.6,2.3,29,90,57,0.12,0.00,0.12,0.12,0.12,0.11,0.03,0.14,0.11,0.14,Matches
532,Ben Viadere,fr FRA,MF,Auxerre,19-252,2005,1,0,5,0.1,0,0,0,0,0,0,0,0,0.0,0.0,0.0,0.0,1,0,1,0.00,0.00,0.00,0.00,0.00,0.00,0.85,0.85,0.00,0.85,Matches
533,Vitinha,pt POR,MF,Paris S-G,25-088,2000,28,19,1952,21.7,5,1,6,3,2,2,1,0,3.4,1.8,2.0,3.8,52,210,55,0.23,0.05,0.28,0.14,0.18,0.16,0.09,0.25,0.08,0.18,Matches
534,Ibrahima Wadji,sn SEN,"FW,MF",Saint-Étienne,30-007,1995,9,1,279,3.1,0,0,0,0,0,0,0,0,0.7,0.7,0.0,0.7,9,2,18,0.00,0.00,0.00,0.00,0.00,0.23,0.00,0.24,0.23,0.24,Matches
535,Elye Wahi,fr FRA,FW,Marseille,22-130,2003,13,7,574,6.4,3,1,4,2,1,1,1,0,6.0,5.2,0.4,5.6,7,7,41,0.47,0.16,0.63,0.31,0.47,0.94,0.07,1.00,0.81,0.88,Matches
536,Caleb Wiley,us USA,"DF,MF",Strasbourg,20-141,2004,6,3,266,3.0,0,1,1,0,0,0,1,0,0.0,0.0,0.7,0.7,3,7,9,0.00,0.34,0.34,0.00,0.34,0.01,0.23,0.24,0.01,0.24,Matches
537,Christopher Wooh,cm CMR,DF,Rennes,23-236,2001,20,17,1456,16.2,0,0,0,0,0,0,6,1,1.3,1.3,0.1,1.4,14,59,2,0.00,0.00,0.00,0.00,0.00,0.08,0.00,0.09,0.08,0.09,Matches
538,Etienne Youte Kinkoue,fr FRA,DF,Le Havre,23-118,2002,27,25,2230,24.8,0,0,0,0,0,0,4,1,1.3,1.3,0.2,1.5,11,60,4,0.00,0.00,0.00,0.00,0.00,0.05,0.01,0.06,0.05,0.06,Matches
539,Eloge Zabi,ci CIV,"DF,MF",Reims,18-230,2006,2,0,18,0.2,0,0,0,0,0,0,0,1,0.0,0.0,0.0,0.0,1,2,1,0.00,0.00,0.00,0.00,0.00,0.00,0.00,0.00,0.00,0.00,Matches
540,Yoram Zague,fr FRA,"DF,FW",Paris S-G,18-362,2006,4,2,183,2.0,0,0,0,0,0,0,0,0,0.1,0.1,0.1,0.1,5,10,17,0.00,0.00,0.00,0.00,0.00,0.02,0.03,0.05,0.02,0.05,Matches
541,Wilfried Zaha,ci CIV,FW,Lyon,32-183,1992,4,1,73,0.8,0,0,0,0,0,0,0,0,0.1,0.1,0.0,0.1,1,1,9,0.00,0.00,0.00,0.00,0.00,0.07,0.00,0.07,0.07,0.07,Matches
542,Warren Zaïre-Emery,fr FRA,"MF,DF",Paris S-G,19-065,2006,28,23,2019,22.4,1,2,3,1,0,0,3,0,1.7,1.7,1.4,3.1,49,134,91,0.04,0.09,0.13,0.04,0.13,0.07,0.06,0.14,0.07,0.14,Matches
543,Miha Zajc,si SVN,MF,Toulouse,30-315,1994,19,1,262,2.9,0,0,0,0,0,0,2,0,0.2,0.2,0.1,0.3,7,24,9,0.00,0.00,0.00,0.00,0.00,0.07,0.03,0.10,0.07,0.10,Matches
544,Denis Zakaria,ch SUI,MF,Monaco,28-173,1996,25,24,2136,23.7,6,4,10,4,2,2,5,0,5.2,3.6,1.4,5.0,27,113,36,0.25,0.17,0.42,0.17,0.34,0.22,0.06,0.28,0.15,0.21,Matches
545,Anass Zaroury,ma MAR,"FW,MF",Lens,24-186,2000,27,15,1315,14.6,1,2,3,1,0,0,3,1,1.6,1.6,2.9,4.5,47,63,103,0.07,0.14,0.21,0.07,0.21,0.11,0.20,0.31,0.11,0.31,Matches
546,Nathan Zeze,fr FRA,DF,Nantes,19-328,2005,17,17,1493,16.6,0,0,0,0,0,0,6,0,0.2,0.2,0.0,0.3,2,46,0,0.00,0.00,0.00,0.00,0.00,0.01,0.00,0.02,0.01,0.02,Matches
547,Edon Zhegrova,xk KVX,"FW,MF",Lille,26-042,1999,12,12,978,10.9,4,1,5,4,0,0,1,0,2.3,2.3,2.2,4.5,37,54,81,0.37,0.09,0.46,0.37,0.46,0.21,0.21,0.41,0.21,0.41,Matches
548,Luc Zogbé,ci CIV,DF,Brest,20-049,2005,13,7,638,7.1,0,0,0,0,0,0,2,0,0.3,0.3,0.1,0.4,4,19,19,0.00,0.00,0.00,0.00,0.00,0.04,0.02,0.06,0.04,0.06,Matches
549,Aristide Zossou,ci CIV,MF,Auxerre,19-332,2005,3,0,16,0.2,0,0,0,0,0,0,0,0,0.0,0.0,0.0,0.0,1,2,3,0.00,0.00,0.00,0.00,0.00,0.00,0.00,0.00,0.00,0.00,Matches
550,Yanis Zouaoui,dz ALG,"DF,FW",Le Havre,30-306,1994,17,9,976,10.8,0,2,2,0,0,0,3,0,0.1,0.1,2.9,3.1,33,32,33,0.00,0.18,0.18,0.00,0.18,0.01,0.27,0.28,0.01,0.28,Matches
Rk,Player,Nation,Pos,Squad,Age,Born,MP,Starts,Min,90s,Gls,Ast,G+A,G-PK,PK,PKatt,CrdY,CrdR,xG,npxG,xAG,npxG+xAG,PrgC,PrgP,PrgR,Gls,Ast,G+A,G-PK,G+A-PK,xG,xAG,xG+xAG,npxG,npxG+xAG,Matches
551,Edhy Zuliani,it ITA,DF,Toulouse,20-274,2004,1,0,9,0.1,0,0,0,0,0,0,0,0,0.0,0.0,0.0,0.0,0,0,0,0.00,0.00,0.00,0.00,0.00,0.00,0.00,0.00,0.00,0.00,Matches
